statistic,value,units,scope,source_ids,mode,seed
registered_spearman_rho,-0.0455,dimensionless,"Registered 11-cut primary comparison, rounded historical score",S0581 | S0582 | S0583 | S0584,,
registered_mc_p,0.558833,probability,Registered Monte Carlo one-sided p value; not a new test,S0581 | S0582 | S0583 | S0584,,
exact_spearman_rho,-0.0454545454545455,dimensionless,"Same 11 sampled cpk1 cuts, using exact raw-reconstructed rates",S0581 | S0582 | S0583 | S0584,primary,
exact_spearman_rho,-0.84282678801968,dimensionless,"Same 11 sampled cpk1 cuts, using exact raw-reconstructed rates",S0581 | S0582 | S0583 | S0584,numel_control,
full_curve_argmax_k,1,tensor cut position,Maximum across all 61 cut positions,S0581 | S0582 | S0583 | S0584,primary,
full_curve_argmax_k,5,tensor cut position,Maximum across all 61 cut positions,S0581 | S0582 | S0583 | S0584,numel_control,
per_seed_primary_argmax_k,1,tensor cut position,Maximum across all 61 cut positions; SEEDS-DISAGREE means disagreement with the predicted location,S0581 | S0582 | S0583 | S0584,,15
per_seed_primary_argmax_k,1,tensor cut position,Maximum across all 61 cut positions; SEEDS-DISAGREE means disagreement with the predicted location,S0581 | S0582 | S0583 | S0584,,16
per_seed_primary_argmax_k,2,tensor cut position,Maximum across all 61 cut positions; SEEDS-DISAGREE means disagreement with the predicted location,S0581 | S0582 | S0583 | S0584,,17
