k,mode,capture_fraction_from_cpk1,seed,disagree,determinate,indeterminate,rate,source_ids,scope,units
1,primary,,15,180,499,0,0.360721442885772,S0578,"**ZERO GPU**, from probe traces on disk; nothing submitted or ingested | cru1 layerwise seeds 15,16,17; virtual regrouping, not 61 executed two-group runs.",fraction of determinate windows; counts are windows
1,primary,,16,203,499,0,0.406813627254509,S0579,"**ZERO GPU**, from probe traces on disk; nothing submitted or ingested | cru1 layerwise seeds 15,16,17; virtual regrouping, not 61 executed two-group runs.",fraction of determinate windows; counts are windows
1,primary,,17,191,499,0,0.382765531062124,S0580,"**ZERO GPU**, from probe traces on disk; nothing submitted or ingested | cru1 layerwise seeds 15,16,17; virtual regrouping, not 61 executed two-group runs.",fraction of determinate windows; counts are windows
1,numel_control,,15,207,499,0,0.414829659318637,S0578,"**ZERO GPU**, from probe traces on disk; nothing submitted or ingested | cru1 layerwise seeds 15,16,17; virtual regrouping, not 61 executed two-group runs.",fraction of determinate windows; counts are windows
1,numel_control,,16,200,497,2,0.402414486921529,S0579,"**ZERO GPU**, from probe traces on disk; nothing submitted or ingested | cru1 layerwise seeds 15,16,17; virtual regrouping, not 61 executed two-group runs.",fraction of determinate windows; counts are windows
1,numel_control,,17,188,498,1,0.377510040160643,S0580,"**ZERO GPU**, from probe traces on disk; nothing submitted or ingested | cru1 layerwise seeds 15,16,17; virtual regrouping, not 61 executed two-group runs.",fraction of determinate windows; counts are windows
2,primary,,15,178,499,0,0.356713426853707,S0578,"**ZERO GPU**, from probe traces on disk; nothing submitted or ingested | cru1 layerwise seeds 15,16,17; virtual regrouping, not 61 executed two-group runs.",fraction of determinate windows; counts are windows
2,primary,,16,200,499,0,0.400801603206413,S0579,"**ZERO GPU**, from probe traces on disk; nothing submitted or ingested | cru1 layerwise seeds 15,16,17; virtual regrouping, not 61 executed two-group runs.",fraction of determinate windows; counts are windows
2,primary,,17,192,499,0,0.384769539078156,S0580,"**ZERO GPU**, from probe traces on disk; nothing submitted or ingested | cru1 layerwise seeds 15,16,17; virtual regrouping, not 61 executed two-group runs.",fraction of determinate windows; counts are windows
2,numel_control,,15,207,499,0,0.414829659318637,S0578,"**ZERO GPU**, from probe traces on disk; nothing submitted or ingested | cru1 layerwise seeds 15,16,17; virtual regrouping, not 61 executed two-group runs.",fraction of determinate windows; counts are windows
2,numel_control,,16,199,497,2,0.400402414486922,S0579,"**ZERO GPU**, from probe traces on disk; nothing submitted or ingested | cru1 layerwise seeds 15,16,17; virtual regrouping, not 61 executed two-group runs.",fraction of determinate windows; counts are windows
2,numel_control,,17,189,498,1,0.379518072289157,S0580,"**ZERO GPU**, from probe traces on disk; nothing submitted or ingested | cru1 layerwise seeds 15,16,17; virtual regrouping, not 61 executed two-group runs.",fraction of determinate windows; counts are windows
3,primary,,15,178,499,0,0.356713426853707,S0578,"**ZERO GPU**, from probe traces on disk; nothing submitted or ingested | cru1 layerwise seeds 15,16,17; virtual regrouping, not 61 executed two-group runs.",fraction of determinate windows; counts are windows
3,primary,,16,200,499,0,0.400801603206413,S0579,"**ZERO GPU**, from probe traces on disk; nothing submitted or ingested | cru1 layerwise seeds 15,16,17; virtual regrouping, not 61 executed two-group runs.",fraction of determinate windows; counts are windows
3,primary,,17,192,499,0,0.384769539078156,S0580,"**ZERO GPU**, from probe traces on disk; nothing submitted or ingested | cru1 layerwise seeds 15,16,17; virtual regrouping, not 61 executed two-group runs.",fraction of determinate windows; counts are windows
3,numel_control,,15,207,499,0,0.414829659318637,S0578,"**ZERO GPU**, from probe traces on disk; nothing submitted or ingested | cru1 layerwise seeds 15,16,17; virtual regrouping, not 61 executed two-group runs.",fraction of determinate windows; counts are windows
3,numel_control,,16,199,497,2,0.400402414486922,S0579,"**ZERO GPU**, from probe traces on disk; nothing submitted or ingested | cru1 layerwise seeds 15,16,17; virtual regrouping, not 61 executed two-group runs.",fraction of determinate windows; counts are windows
3,numel_control,,17,189,498,1,0.379518072289157,S0580,"**ZERO GPU**, from probe traces on disk; nothing submitted or ingested | cru1 layerwise seeds 15,16,17; virtual regrouping, not 61 executed two-group runs.",fraction of determinate windows; counts are windows
4,primary,,15,173,499,0,0.346693386773547,S0578,"**ZERO GPU**, from probe traces on disk; nothing submitted or ingested | cru1 layerwise seeds 15,16,17; virtual regrouping, not 61 executed two-group runs.",fraction of determinate windows; counts are windows
4,primary,,16,190,499,0,0.380761523046092,S0579,"**ZERO GPU**, from probe traces on disk; nothing submitted or ingested | cru1 layerwise seeds 15,16,17; virtual regrouping, not 61 executed two-group runs.",fraction of determinate windows; counts are windows
4,primary,,17,188,499,0,0.376753507014028,S0580,"**ZERO GPU**, from probe traces on disk; nothing submitted or ingested | cru1 layerwise seeds 15,16,17; virtual regrouping, not 61 executed two-group runs.",fraction of determinate windows; counts are windows
4,numel_control,,15,193,499,0,0.386773547094188,S0578,"**ZERO GPU**, from probe traces on disk; nothing submitted or ingested | cru1 layerwise seeds 15,16,17; virtual regrouping, not 61 executed two-group runs.",fraction of determinate windows; counts are windows
4,numel_control,,16,216,496,3,0.435483870967742,S0579,"**ZERO GPU**, from probe traces on disk; nothing submitted or ingested | cru1 layerwise seeds 15,16,17; virtual regrouping, not 61 executed two-group runs.",fraction of determinate windows; counts are windows
4,numel_control,,17,190,497,2,0.382293762575453,S0580,"**ZERO GPU**, from probe traces on disk; nothing submitted or ingested | cru1 layerwise seeds 15,16,17; virtual regrouping, not 61 executed two-group runs.",fraction of determinate windows; counts are windows
5,primary,,15,164,498,1,0.329317269076305,S0578,"**ZERO GPU**, from probe traces on disk; nothing submitted or ingested | cru1 layerwise seeds 15,16,17; virtual regrouping, not 61 executed two-group runs.",fraction of determinate windows; counts are windows
5,primary,,16,177,499,0,0.354709418837675,S0579,"**ZERO GPU**, from probe traces on disk; nothing submitted or ingested | cru1 layerwise seeds 15,16,17; virtual regrouping, not 61 executed two-group runs.",fraction of determinate windows; counts are windows
5,primary,,17,191,499,0,0.382765531062124,S0580,"**ZERO GPU**, from probe traces on disk; nothing submitted or ingested | cru1 layerwise seeds 15,16,17; virtual regrouping, not 61 executed two-group runs.",fraction of determinate windows; counts are windows
5,numel_control,,15,193,499,0,0.386773547094188,S0578,"**ZERO GPU**, from probe traces on disk; nothing submitted or ingested | cru1 layerwise seeds 15,16,17; virtual regrouping, not 61 executed two-group runs.",fraction of determinate windows; counts are windows
5,numel_control,,16,217,496,3,0.4375,S0579,"**ZERO GPU**, from probe traces on disk; nothing submitted or ingested | cru1 layerwise seeds 15,16,17; virtual regrouping, not 61 executed two-group runs.",fraction of determinate windows; counts are windows
5,numel_control,,17,190,497,2,0.382293762575453,S0580,"**ZERO GPU**, from probe traces on disk; nothing submitted or ingested | cru1 layerwise seeds 15,16,17; virtual regrouping, not 61 executed two-group runs.",fraction of determinate windows; counts are windows
6,primary,,15,165,499,0,0.330661322645291,S0578,"**ZERO GPU**, from probe traces on disk; nothing submitted or ingested | cru1 layerwise seeds 15,16,17; virtual regrouping, not 61 executed two-group runs.",fraction of determinate windows; counts are windows
6,primary,,16,177,499,0,0.354709418837675,S0579,"**ZERO GPU**, from probe traces on disk; nothing submitted or ingested | cru1 layerwise seeds 15,16,17; virtual regrouping, not 61 executed two-group runs.",fraction of determinate windows; counts are windows
6,primary,,17,191,499,0,0.382765531062124,S0580,"**ZERO GPU**, from probe traces on disk; nothing submitted or ingested | cru1 layerwise seeds 15,16,17; virtual regrouping, not 61 executed two-group runs.",fraction of determinate windows; counts are windows
6,numel_control,,15,193,499,0,0.386773547094188,S0578,"**ZERO GPU**, from probe traces on disk; nothing submitted or ingested | cru1 layerwise seeds 15,16,17; virtual regrouping, not 61 executed two-group runs.",fraction of determinate windows; counts are windows
6,numel_control,,16,217,496,3,0.4375,S0579,"**ZERO GPU**, from probe traces on disk; nothing submitted or ingested | cru1 layerwise seeds 15,16,17; virtual regrouping, not 61 executed two-group runs.",fraction of determinate windows; counts are windows
6,numel_control,,17,190,497,2,0.382293762575453,S0580,"**ZERO GPU**, from probe traces on disk; nothing submitted or ingested | cru1 layerwise seeds 15,16,17; virtual regrouping, not 61 executed two-group runs.",fraction of determinate windows; counts are windows
7,primary,,15,172,497,2,0.346076458752515,S0578,"**ZERO GPU**, from probe traces on disk; nothing submitted or ingested | cru1 layerwise seeds 15,16,17; virtual regrouping, not 61 executed two-group runs.",fraction of determinate windows; counts are windows
7,primary,,16,185,499,0,0.370741482965932,S0579,"**ZERO GPU**, from probe traces on disk; nothing submitted or ingested | cru1 layerwise seeds 15,16,17; virtual regrouping, not 61 executed two-group runs.",fraction of determinate windows; counts are windows
7,primary,,17,182,497,2,0.366197183098592,S0580,"**ZERO GPU**, from probe traces on disk; nothing submitted or ingested | cru1 layerwise seeds 15,16,17; virtual regrouping, not 61 executed two-group runs.",fraction of determinate windows; counts are windows
7,numel_control,,15,193,499,0,0.386773547094188,S0578,"**ZERO GPU**, from probe traces on disk; nothing submitted or ingested | cru1 layerwise seeds 15,16,17; virtual regrouping, not 61 executed two-group runs.",fraction of determinate windows; counts are windows
7,numel_control,,16,206,496,3,0.415322580645161,S0579,"**ZERO GPU**, from probe traces on disk; nothing submitted or ingested | cru1 layerwise seeds 15,16,17; virtual regrouping, not 61 executed two-group runs.",fraction of determinate windows; counts are windows
7,numel_control,,17,193,497,2,0.388329979879276,S0580,"**ZERO GPU**, from probe traces on disk; nothing submitted or ingested | cru1 layerwise seeds 15,16,17; virtual regrouping, not 61 executed two-group runs.",fraction of determinate windows; counts are windows
8,primary,,15,172,497,2,0.346076458752515,S0578,"**ZERO GPU**, from probe traces on disk; nothing submitted or ingested | cru1 layerwise seeds 15,16,17; virtual regrouping, not 61 executed two-group runs.",fraction of determinate windows; counts are windows
8,primary,,16,184,499,0,0.3687374749499,S0579,"**ZERO GPU**, from probe traces on disk; nothing submitted or ingested | cru1 layerwise seeds 15,16,17; virtual regrouping, not 61 executed two-group runs.",fraction of determinate windows; counts are windows
8,primary,,17,183,499,0,0.366733466933868,S0580,"**ZERO GPU**, from probe traces on disk; nothing submitted or ingested | cru1 layerwise seeds 15,16,17; virtual regrouping, not 61 executed two-group runs.",fraction of determinate windows; counts are windows
8,numel_control,,15,193,499,0,0.386773547094188,S0578,"**ZERO GPU**, from probe traces on disk; nothing submitted or ingested | cru1 layerwise seeds 15,16,17; virtual regrouping, not 61 executed two-group runs.",fraction of determinate windows; counts are windows
8,numel_control,,16,206,496,3,0.415322580645161,S0579,"**ZERO GPU**, from probe traces on disk; nothing submitted or ingested | cru1 layerwise seeds 15,16,17; virtual regrouping, not 61 executed two-group runs.",fraction of determinate windows; counts are windows
8,numel_control,,17,193,497,2,0.388329979879276,S0580,"**ZERO GPU**, from probe traces on disk; nothing submitted or ingested | cru1 layerwise seeds 15,16,17; virtual regrouping, not 61 executed two-group runs.",fraction of determinate windows; counts are windows
9,primary,,15,172,497,2,0.346076458752515,S0578,"**ZERO GPU**, from probe traces on disk; nothing submitted or ingested | cru1 layerwise seeds 15,16,17; virtual regrouping, not 61 executed two-group runs.",fraction of determinate windows; counts are windows
9,primary,,16,184,499,0,0.3687374749499,S0579,"**ZERO GPU**, from probe traces on disk; nothing submitted or ingested | cru1 layerwise seeds 15,16,17; virtual regrouping, not 61 executed two-group runs.",fraction of determinate windows; counts are windows
9,primary,,17,183,499,0,0.366733466933868,S0580,"**ZERO GPU**, from probe traces on disk; nothing submitted or ingested | cru1 layerwise seeds 15,16,17; virtual regrouping, not 61 executed two-group runs.",fraction of determinate windows; counts are windows
9,numel_control,,15,193,499,0,0.386773547094188,S0578,"**ZERO GPU**, from probe traces on disk; nothing submitted or ingested | cru1 layerwise seeds 15,16,17; virtual regrouping, not 61 executed two-group runs.",fraction of determinate windows; counts are windows
9,numel_control,,16,206,496,3,0.415322580645161,S0579,"**ZERO GPU**, from probe traces on disk; nothing submitted or ingested | cru1 layerwise seeds 15,16,17; virtual regrouping, not 61 executed two-group runs.",fraction of determinate windows; counts are windows
9,numel_control,,17,193,497,2,0.388329979879276,S0580,"**ZERO GPU**, from probe traces on disk; nothing submitted or ingested | cru1 layerwise seeds 15,16,17; virtual regrouping, not 61 executed two-group runs.",fraction of determinate windows; counts are windows
10,primary,,15,169,498,1,0.339357429718876,S0578,"**ZERO GPU**, from probe traces on disk; nothing submitted or ingested | cru1 layerwise seeds 15,16,17; virtual regrouping, not 61 executed two-group runs.",fraction of determinate windows; counts are windows
10,primary,,16,177,499,0,0.354709418837675,S0579,"**ZERO GPU**, from probe traces on disk; nothing submitted or ingested | cru1 layerwise seeds 15,16,17; virtual regrouping, not 61 executed two-group runs.",fraction of determinate windows; counts are windows
10,primary,,17,183,499,0,0.366733466933868,S0580,"**ZERO GPU**, from probe traces on disk; nothing submitted or ingested | cru1 layerwise seeds 15,16,17; virtual regrouping, not 61 executed two-group runs.",fraction of determinate windows; counts are windows
10,numel_control,,15,187,498,1,0.375502008032129,S0578,"**ZERO GPU**, from probe traces on disk; nothing submitted or ingested | cru1 layerwise seeds 15,16,17; virtual regrouping, not 61 executed two-group runs.",fraction of determinate windows; counts are windows
10,numel_control,,16,205,495,4,0.414141414141414,S0579,"**ZERO GPU**, from probe traces on disk; nothing submitted or ingested | cru1 layerwise seeds 15,16,17; virtual regrouping, not 61 executed two-group runs.",fraction of determinate windows; counts are windows
10,numel_control,,17,195,497,2,0.392354124748491,S0580,"**ZERO GPU**, from probe traces on disk; nothing submitted or ingested | cru1 layerwise seeds 15,16,17; virtual regrouping, not 61 executed two-group runs.",fraction of determinate windows; counts are windows
11,primary,,15,161,499,0,0.322645290581162,S0578,"**ZERO GPU**, from probe traces on disk; nothing submitted or ingested | cru1 layerwise seeds 15,16,17; virtual regrouping, not 61 executed two-group runs.",fraction of determinate windows; counts are windows
11,primary,,16,176,499,0,0.352705410821643,S0579,"**ZERO GPU**, from probe traces on disk; nothing submitted or ingested | cru1 layerwise seeds 15,16,17; virtual regrouping, not 61 executed two-group runs.",fraction of determinate windows; counts are windows
11,primary,,17,176,499,0,0.352705410821643,S0580,"**ZERO GPU**, from probe traces on disk; nothing submitted or ingested | cru1 layerwise seeds 15,16,17; virtual regrouping, not 61 executed two-group runs.",fraction of determinate windows; counts are windows
11,numel_control,,15,188,499,0,0.376753507014028,S0578,"**ZERO GPU**, from probe traces on disk; nothing submitted or ingested | cru1 layerwise seeds 15,16,17; virtual regrouping, not 61 executed two-group runs.",fraction of determinate windows; counts are windows
11,numel_control,,16,205,496,3,0.413306451612903,S0579,"**ZERO GPU**, from probe traces on disk; nothing submitted or ingested | cru1 layerwise seeds 15,16,17; virtual regrouping, not 61 executed two-group runs.",fraction of determinate windows; counts are windows
11,numel_control,,17,195,497,2,0.392354124748491,S0580,"**ZERO GPU**, from probe traces on disk; nothing submitted or ingested | cru1 layerwise seeds 15,16,17; virtual regrouping, not 61 executed two-group runs.",fraction of determinate windows; counts are windows
12,primary,,15,159,499,0,0.318637274549098,S0578,"**ZERO GPU**, from probe traces on disk; nothing submitted or ingested | cru1 layerwise seeds 15,16,17; virtual regrouping, not 61 executed two-group runs.",fraction of determinate windows; counts are windows
12,primary,,16,178,498,1,0.357429718875502,S0579,"**ZERO GPU**, from probe traces on disk; nothing submitted or ingested | cru1 layerwise seeds 15,16,17; virtual regrouping, not 61 executed two-group runs.",fraction of determinate windows; counts are windows
12,primary,,17,176,498,1,0.353413654618474,S0580,"**ZERO GPU**, from probe traces on disk; nothing submitted or ingested | cru1 layerwise seeds 15,16,17; virtual regrouping, not 61 executed two-group runs.",fraction of determinate windows; counts are windows
12,numel_control,,15,188,499,0,0.376753507014028,S0578,"**ZERO GPU**, from probe traces on disk; nothing submitted or ingested | cru1 layerwise seeds 15,16,17; virtual regrouping, not 61 executed two-group runs.",fraction of determinate windows; counts are windows
12,numel_control,,16,205,496,3,0.413306451612903,S0579,"**ZERO GPU**, from probe traces on disk; nothing submitted or ingested | cru1 layerwise seeds 15,16,17; virtual regrouping, not 61 executed two-group runs.",fraction of determinate windows; counts are windows
12,numel_control,,17,195,497,2,0.392354124748491,S0580,"**ZERO GPU**, from probe traces on disk; nothing submitted or ingested | cru1 layerwise seeds 15,16,17; virtual regrouping, not 61 executed two-group runs.",fraction of determinate windows; counts are windows
13,primary,,15,164,499,0,0.328657314629259,S0578,"**ZERO GPU**, from probe traces on disk; nothing submitted or ingested | cru1 layerwise seeds 15,16,17; virtual regrouping, not 61 executed two-group runs.",fraction of determinate windows; counts are windows
13,primary,,16,170,498,1,0.34136546184739,S0579,"**ZERO GPU**, from probe traces on disk; nothing submitted or ingested | cru1 layerwise seeds 15,16,17; virtual regrouping, not 61 executed two-group runs.",fraction of determinate windows; counts are windows
13,primary,,17,167,499,0,0.334669338677355,S0580,"**ZERO GPU**, from probe traces on disk; nothing submitted or ingested | cru1 layerwise seeds 15,16,17; virtual regrouping, not 61 executed two-group runs.",fraction of determinate windows; counts are windows
13,numel_control,,15,196,499,0,0.392785571142285,S0578,"**ZERO GPU**, from probe traces on disk; nothing submitted or ingested | cru1 layerwise seeds 15,16,17; virtual regrouping, not 61 executed two-group runs.",fraction of determinate windows; counts are windows
13,numel_control,,16,200,497,2,0.402414486921529,S0579,"**ZERO GPU**, from probe traces on disk; nothing submitted or ingested | cru1 layerwise seeds 15,16,17; virtual regrouping, not 61 executed two-group runs.",fraction of determinate windows; counts are windows
13,numel_control,,17,187,497,2,0.37625754527163,S0580,"**ZERO GPU**, from probe traces on disk; nothing submitted or ingested | cru1 layerwise seeds 15,16,17; virtual regrouping, not 61 executed two-group runs.",fraction of determinate windows; counts are windows
14,primary,,15,164,499,0,0.328657314629259,S0578,"**ZERO GPU**, from probe traces on disk; nothing submitted or ingested | cru1 layerwise seeds 15,16,17; virtual regrouping, not 61 executed two-group runs.",fraction of determinate windows; counts are windows
14,primary,,16,170,498,1,0.34136546184739,S0579,"**ZERO GPU**, from probe traces on disk; nothing submitted or ingested | cru1 layerwise seeds 15,16,17; virtual regrouping, not 61 executed two-group runs.",fraction of determinate windows; counts are windows
14,primary,,17,167,499,0,0.334669338677355,S0580,"**ZERO GPU**, from probe traces on disk; nothing submitted or ingested | cru1 layerwise seeds 15,16,17; virtual regrouping, not 61 executed two-group runs.",fraction of determinate windows; counts are windows
14,numel_control,,15,196,499,0,0.392785571142285,S0578,"**ZERO GPU**, from probe traces on disk; nothing submitted or ingested | cru1 layerwise seeds 15,16,17; virtual regrouping, not 61 executed two-group runs.",fraction of determinate windows; counts are windows
14,numel_control,,16,200,497,2,0.402414486921529,S0579,"**ZERO GPU**, from probe traces on disk; nothing submitted or ingested | cru1 layerwise seeds 15,16,17; virtual regrouping, not 61 executed two-group runs.",fraction of determinate windows; counts are windows
14,numel_control,,17,187,497,2,0.37625754527163,S0580,"**ZERO GPU**, from probe traces on disk; nothing submitted or ingested | cru1 layerwise seeds 15,16,17; virtual regrouping, not 61 executed two-group runs.",fraction of determinate windows; counts are windows
15,primary,,15,164,499,0,0.328657314629259,S0578,"**ZERO GPU**, from probe traces on disk; nothing submitted or ingested | cru1 layerwise seeds 15,16,17; virtual regrouping, not 61 executed two-group runs.",fraction of determinate windows; counts are windows
15,primary,,16,170,498,1,0.34136546184739,S0579,"**ZERO GPU**, from probe traces on disk; nothing submitted or ingested | cru1 layerwise seeds 15,16,17; virtual regrouping, not 61 executed two-group runs.",fraction of determinate windows; counts are windows
15,primary,,17,167,499,0,0.334669338677355,S0580,"**ZERO GPU**, from probe traces on disk; nothing submitted or ingested | cru1 layerwise seeds 15,16,17; virtual regrouping, not 61 executed two-group runs.",fraction of determinate windows; counts are windows
15,numel_control,,15,196,499,0,0.392785571142285,S0578,"**ZERO GPU**, from probe traces on disk; nothing submitted or ingested | cru1 layerwise seeds 15,16,17; virtual regrouping, not 61 executed two-group runs.",fraction of determinate windows; counts are windows
15,numel_control,,16,200,497,2,0.402414486921529,S0579,"**ZERO GPU**, from probe traces on disk; nothing submitted or ingested | cru1 layerwise seeds 15,16,17; virtual regrouping, not 61 executed two-group runs.",fraction of determinate windows; counts are windows
15,numel_control,,17,187,497,2,0.37625754527163,S0580,"**ZERO GPU**, from probe traces on disk; nothing submitted or ingested | cru1 layerwise seeds 15,16,17; virtual regrouping, not 61 executed two-group runs.",fraction of determinate windows; counts are windows
16,primary,,15,162,499,0,0.324649298597194,S0578,"**ZERO GPU**, from probe traces on disk; nothing submitted or ingested | cru1 layerwise seeds 15,16,17; virtual regrouping, not 61 executed two-group runs.",fraction of determinate windows; counts are windows
16,primary,,16,174,499,0,0.348697394789579,S0579,"**ZERO GPU**, from probe traces on disk; nothing submitted or ingested | cru1 layerwise seeds 15,16,17; virtual regrouping, not 61 executed two-group runs.",fraction of determinate windows; counts are windows
16,primary,,17,165,498,1,0.331325301204819,S0580,"**ZERO GPU**, from probe traces on disk; nothing submitted or ingested | cru1 layerwise seeds 15,16,17; virtual regrouping, not 61 executed two-group runs.",fraction of determinate windows; counts are windows
16,numel_control,,15,176,499,0,0.352705410821643,S0578,"**ZERO GPU**, from probe traces on disk; nothing submitted or ingested | cru1 layerwise seeds 15,16,17; virtual regrouping, not 61 executed two-group runs.",fraction of determinate windows; counts are windows
16,numel_control,,16,189,496,3,0.381048387096774,S0579,"**ZERO GPU**, from probe traces on disk; nothing submitted or ingested | cru1 layerwise seeds 15,16,17; virtual regrouping, not 61 executed two-group runs.",fraction of determinate windows; counts are windows
16,numel_control,,17,185,496,3,0.372983870967742,S0580,"**ZERO GPU**, from probe traces on disk; nothing submitted or ingested | cru1 layerwise seeds 15,16,17; virtual regrouping, not 61 executed two-group runs.",fraction of determinate windows; counts are windows
17,primary,0.0687096545364262,15,161,498,1,0.323293172690763,S0578,"**ZERO GPU**, from probe traces on disk; nothing submitted or ingested | cru1 layerwise seeds 15,16,17; virtual regrouping, not 61 executed two-group runs.",fraction of determinate windows; counts are windows
17,primary,0.0687096545364262,16,172,499,0,0.344689378757515,S0579,"**ZERO GPU**, from probe traces on disk; nothing submitted or ingested | cru1 layerwise seeds 15,16,17; virtual regrouping, not 61 executed two-group runs.",fraction of determinate windows; counts are windows
17,primary,0.0687096545364262,17,165,499,0,0.330661322645291,S0580,"**ZERO GPU**, from probe traces on disk; nothing submitted or ingested | cru1 layerwise seeds 15,16,17; virtual regrouping, not 61 executed two-group runs.",fraction of determinate windows; counts are windows
17,numel_control,0.0687096545364262,15,176,499,0,0.352705410821643,S0578,"**ZERO GPU**, from probe traces on disk; nothing submitted or ingested | cru1 layerwise seeds 15,16,17; virtual regrouping, not 61 executed two-group runs.",fraction of determinate windows; counts are windows
17,numel_control,0.0687096545364262,16,189,497,2,0.380281690140845,S0579,"**ZERO GPU**, from probe traces on disk; nothing submitted or ingested | cru1 layerwise seeds 15,16,17; virtual regrouping, not 61 executed two-group runs.",fraction of determinate windows; counts are windows
17,numel_control,0.0687096545364262,17,185,496,3,0.372983870967742,S0580,"**ZERO GPU**, from probe traces on disk; nothing submitted or ingested | cru1 layerwise seeds 15,16,17; virtual regrouping, not 61 executed two-group runs.",fraction of determinate windows; counts are windows
18,primary,,15,161,499,0,0.322645290581162,S0578,"**ZERO GPU**, from probe traces on disk; nothing submitted or ingested | cru1 layerwise seeds 15,16,17; virtual regrouping, not 61 executed two-group runs.",fraction of determinate windows; counts are windows
18,primary,,16,172,499,0,0.344689378757515,S0579,"**ZERO GPU**, from probe traces on disk; nothing submitted or ingested | cru1 layerwise seeds 15,16,17; virtual regrouping, not 61 executed two-group runs.",fraction of determinate windows; counts are windows
18,primary,,17,165,499,0,0.330661322645291,S0580,"**ZERO GPU**, from probe traces on disk; nothing submitted or ingested | cru1 layerwise seeds 15,16,17; virtual regrouping, not 61 executed two-group runs.",fraction of determinate windows; counts are windows
18,numel_control,,15,176,499,0,0.352705410821643,S0578,"**ZERO GPU**, from probe traces on disk; nothing submitted or ingested | cru1 layerwise seeds 15,16,17; virtual regrouping, not 61 executed two-group runs.",fraction of determinate windows; counts are windows
18,numel_control,,16,189,497,2,0.380281690140845,S0579,"**ZERO GPU**, from probe traces on disk; nothing submitted or ingested | cru1 layerwise seeds 15,16,17; virtual regrouping, not 61 executed two-group runs.",fraction of determinate windows; counts are windows
18,numel_control,,17,185,496,3,0.372983870967742,S0580,"**ZERO GPU**, from probe traces on disk; nothing submitted or ingested | cru1 layerwise seeds 15,16,17; virtual regrouping, not 61 executed two-group runs.",fraction of determinate windows; counts are windows
19,primary,,15,166,499,0,0.332665330661323,S0578,"**ZERO GPU**, from probe traces on disk; nothing submitted or ingested | cru1 layerwise seeds 15,16,17; virtual regrouping, not 61 executed two-group runs.",fraction of determinate windows; counts are windows
19,primary,,16,167,499,0,0.334669338677355,S0579,"**ZERO GPU**, from probe traces on disk; nothing submitted or ingested | cru1 layerwise seeds 15,16,17; virtual regrouping, not 61 executed two-group runs.",fraction of determinate windows; counts are windows
19,primary,,17,160,498,1,0.321285140562249,S0580,"**ZERO GPU**, from probe traces on disk; nothing submitted or ingested | cru1 layerwise seeds 15,16,17; virtual regrouping, not 61 executed two-group runs.",fraction of determinate windows; counts are windows
19,numel_control,,15,195,499,0,0.390781563126253,S0578,"**ZERO GPU**, from probe traces on disk; nothing submitted or ingested | cru1 layerwise seeds 15,16,17; virtual regrouping, not 61 executed two-group runs.",fraction of determinate windows; counts are windows
19,numel_control,,16,179,499,0,0.35871743486974,S0579,"**ZERO GPU**, from probe traces on disk; nothing submitted or ingested | cru1 layerwise seeds 15,16,17; virtual regrouping, not 61 executed two-group runs.",fraction of determinate windows; counts are windows
19,numel_control,,17,176,498,1,0.353413654618474,S0580,"**ZERO GPU**, from probe traces on disk; nothing submitted or ingested | cru1 layerwise seeds 15,16,17; virtual regrouping, not 61 executed two-group runs.",fraction of determinate windows; counts are windows
20,primary,,15,165,498,1,0.331325301204819,S0578,"**ZERO GPU**, from probe traces on disk; nothing submitted or ingested | cru1 layerwise seeds 15,16,17; virtual regrouping, not 61 executed two-group runs.",fraction of determinate windows; counts are windows
20,primary,,16,166,497,2,0.334004024144869,S0579,"**ZERO GPU**, from probe traces on disk; nothing submitted or ingested | cru1 layerwise seeds 15,16,17; virtual regrouping, not 61 executed two-group runs.",fraction of determinate windows; counts are windows
20,primary,,17,160,499,0,0.32064128256513,S0580,"**ZERO GPU**, from probe traces on disk; nothing submitted or ingested | cru1 layerwise seeds 15,16,17; virtual regrouping, not 61 executed two-group runs.",fraction of determinate windows; counts are windows
20,numel_control,,15,195,499,0,0.390781563126253,S0578,"**ZERO GPU**, from probe traces on disk; nothing submitted or ingested | cru1 layerwise seeds 15,16,17; virtual regrouping, not 61 executed two-group runs.",fraction of determinate windows; counts are windows
20,numel_control,,16,179,499,0,0.35871743486974,S0579,"**ZERO GPU**, from probe traces on disk; nothing submitted or ingested | cru1 layerwise seeds 15,16,17; virtual regrouping, not 61 executed two-group runs.",fraction of determinate windows; counts are windows
20,numel_control,,17,176,498,1,0.353413654618474,S0580,"**ZERO GPU**, from probe traces on disk; nothing submitted or ingested | cru1 layerwise seeds 15,16,17; virtual regrouping, not 61 executed two-group runs.",fraction of determinate windows; counts are windows
21,primary,,15,165,498,1,0.331325301204819,S0578,"**ZERO GPU**, from probe traces on disk; nothing submitted or ingested | cru1 layerwise seeds 15,16,17; virtual regrouping, not 61 executed two-group runs.",fraction of determinate windows; counts are windows
21,primary,,16,167,498,1,0.335341365461847,S0579,"**ZERO GPU**, from probe traces on disk; nothing submitted or ingested | cru1 layerwise seeds 15,16,17; virtual regrouping, not 61 executed two-group runs.",fraction of determinate windows; counts are windows
21,primary,,17,160,499,0,0.32064128256513,S0580,"**ZERO GPU**, from probe traces on disk; nothing submitted or ingested | cru1 layerwise seeds 15,16,17; virtual regrouping, not 61 executed two-group runs.",fraction of determinate windows; counts are windows
21,numel_control,,15,195,499,0,0.390781563126253,S0578,"**ZERO GPU**, from probe traces on disk; nothing submitted or ingested | cru1 layerwise seeds 15,16,17; virtual regrouping, not 61 executed two-group runs.",fraction of determinate windows; counts are windows
21,numel_control,,16,179,499,0,0.35871743486974,S0579,"**ZERO GPU**, from probe traces on disk; nothing submitted or ingested | cru1 layerwise seeds 15,16,17; virtual regrouping, not 61 executed two-group runs.",fraction of determinate windows; counts are windows
21,numel_control,,17,176,498,1,0.353413654618474,S0580,"**ZERO GPU**, from probe traces on disk; nothing submitted or ingested | cru1 layerwise seeds 15,16,17; virtual regrouping, not 61 executed two-group runs.",fraction of determinate windows; counts are windows
22,primary,,15,167,499,0,0.334669338677355,S0578,"**ZERO GPU**, from probe traces on disk; nothing submitted or ingested | cru1 layerwise seeds 15,16,17; virtual regrouping, not 61 executed two-group runs.",fraction of determinate windows; counts are windows
22,primary,,16,161,499,0,0.322645290581162,S0579,"**ZERO GPU**, from probe traces on disk; nothing submitted or ingested | cru1 layerwise seeds 15,16,17; virtual regrouping, not 61 executed two-group runs.",fraction of determinate windows; counts are windows
22,primary,,17,159,499,0,0.318637274549098,S0580,"**ZERO GPU**, from probe traces on disk; nothing submitted or ingested | cru1 layerwise seeds 15,16,17; virtual regrouping, not 61 executed two-group runs.",fraction of determinate windows; counts are windows
22,numel_control,,15,196,499,0,0.392785571142285,S0578,"**ZERO GPU**, from probe traces on disk; nothing submitted or ingested | cru1 layerwise seeds 15,16,17; virtual regrouping, not 61 executed two-group runs.",fraction of determinate windows; counts are windows
22,numel_control,,16,180,499,0,0.360721442885772,S0579,"**ZERO GPU**, from probe traces on disk; nothing submitted or ingested | cru1 layerwise seeds 15,16,17; virtual regrouping, not 61 executed two-group runs.",fraction of determinate windows; counts are windows
22,numel_control,,17,176,498,1,0.353413654618474,S0580,"**ZERO GPU**, from probe traces on disk; nothing submitted or ingested | cru1 layerwise seeds 15,16,17; virtual regrouping, not 61 executed two-group runs.",fraction of determinate windows; counts are windows
23,primary,,15,163,498,1,0.327309236947791,S0578,"**ZERO GPU**, from probe traces on disk; nothing submitted or ingested | cru1 layerwise seeds 15,16,17; virtual regrouping, not 61 executed two-group runs.",fraction of determinate windows; counts are windows
23,primary,,16,163,498,1,0.327309236947791,S0579,"**ZERO GPU**, from probe traces on disk; nothing submitted or ingested | cru1 layerwise seeds 15,16,17; virtual regrouping, not 61 executed two-group runs.",fraction of determinate windows; counts are windows
23,primary,,17,162,499,0,0.324649298597194,S0580,"**ZERO GPU**, from probe traces on disk; nothing submitted or ingested | cru1 layerwise seeds 15,16,17; virtual regrouping, not 61 executed two-group runs.",fraction of determinate windows; counts are windows
23,numel_control,,15,196,499,0,0.392785571142285,S0578,"**ZERO GPU**, from probe traces on disk; nothing submitted or ingested | cru1 layerwise seeds 15,16,17; virtual regrouping, not 61 executed two-group runs.",fraction of determinate windows; counts are windows
23,numel_control,,16,180,499,0,0.360721442885772,S0579,"**ZERO GPU**, from probe traces on disk; nothing submitted or ingested | cru1 layerwise seeds 15,16,17; virtual regrouping, not 61 executed two-group runs.",fraction of determinate windows; counts are windows
23,numel_control,,17,176,498,1,0.353413654618474,S0580,"**ZERO GPU**, from probe traces on disk; nothing submitted or ingested | cru1 layerwise seeds 15,16,17; virtual regrouping, not 61 executed two-group runs.",fraction of determinate windows; counts are windows
24,primary,0.0999219692133078,15,163,498,1,0.327309236947791,S0578,"**ZERO GPU**, from probe traces on disk; nothing submitted or ingested | cru1 layerwise seeds 15,16,17; virtual regrouping, not 61 executed two-group runs.",fraction of determinate windows; counts are windows
24,primary,0.0999219692133078,16,163,499,0,0.326653306613226,S0579,"**ZERO GPU**, from probe traces on disk; nothing submitted or ingested | cru1 layerwise seeds 15,16,17; virtual regrouping, not 61 executed two-group runs.",fraction of determinate windows; counts are windows
24,primary,0.0999219692133078,17,162,499,0,0.324649298597194,S0580,"**ZERO GPU**, from probe traces on disk; nothing submitted or ingested | cru1 layerwise seeds 15,16,17; virtual regrouping, not 61 executed two-group runs.",fraction of determinate windows; counts are windows
24,numel_control,0.0999219692133078,15,196,499,0,0.392785571142285,S0578,"**ZERO GPU**, from probe traces on disk; nothing submitted or ingested | cru1 layerwise seeds 15,16,17; virtual regrouping, not 61 executed two-group runs.",fraction of determinate windows; counts are windows
24,numel_control,0.0999219692133078,16,180,499,0,0.360721442885772,S0579,"**ZERO GPU**, from probe traces on disk; nothing submitted or ingested | cru1 layerwise seeds 15,16,17; virtual regrouping, not 61 executed two-group runs.",fraction of determinate windows; counts are windows
24,numel_control,0.0999219692133078,17,176,498,1,0.353413654618474,S0580,"**ZERO GPU**, from probe traces on disk; nothing submitted or ingested | cru1 layerwise seeds 15,16,17; virtual regrouping, not 61 executed two-group runs.",fraction of determinate windows; counts are windows
25,primary,,15,152,499,0,0.304609218436874,S0578,"**ZERO GPU**, from probe traces on disk; nothing submitted or ingested | cru1 layerwise seeds 15,16,17; virtual regrouping, not 61 executed two-group runs.",fraction of determinate windows; counts are windows
25,primary,,16,154,499,0,0.308617234468938,S0579,"**ZERO GPU**, from probe traces on disk; nothing submitted or ingested | cru1 layerwise seeds 15,16,17; virtual regrouping, not 61 executed two-group runs.",fraction of determinate windows; counts are windows
25,primary,,17,164,499,0,0.328657314629259,S0580,"**ZERO GPU**, from probe traces on disk; nothing submitted or ingested | cru1 layerwise seeds 15,16,17; virtual regrouping, not 61 executed two-group runs.",fraction of determinate windows; counts are windows
25,numel_control,,15,171,499,0,0.342685370741483,S0578,"**ZERO GPU**, from probe traces on disk; nothing submitted or ingested | cru1 layerwise seeds 15,16,17; virtual regrouping, not 61 executed two-group runs.",fraction of determinate windows; counts are windows
25,numel_control,,16,173,497,2,0.348088531187123,S0579,"**ZERO GPU**, from probe traces on disk; nothing submitted or ingested | cru1 layerwise seeds 15,16,17; virtual regrouping, not 61 executed two-group runs.",fraction of determinate windows; counts are windows
25,numel_control,,17,182,498,1,0.365461847389558,S0580,"**ZERO GPU**, from probe traces on disk; nothing submitted or ingested | cru1 layerwise seeds 15,16,17; virtual regrouping, not 61 executed two-group runs.",fraction of determinate windows; counts are windows
26,primary,,15,151,499,0,0.302605210420842,S0578,"**ZERO GPU**, from probe traces on disk; nothing submitted or ingested | cru1 layerwise seeds 15,16,17; virtual regrouping, not 61 executed two-group runs.",fraction of determinate windows; counts are windows
26,primary,,16,151,499,0,0.302605210420842,S0579,"**ZERO GPU**, from probe traces on disk; nothing submitted or ingested | cru1 layerwise seeds 15,16,17; virtual regrouping, not 61 executed two-group runs.",fraction of determinate windows; counts are windows
26,primary,,17,156,499,0,0.312625250501002,S0580,"**ZERO GPU**, from probe traces on disk; nothing submitted or ingested | cru1 layerwise seeds 15,16,17; virtual regrouping, not 61 executed two-group runs.",fraction of determinate windows; counts are windows
26,numel_control,,15,171,499,0,0.342685370741483,S0578,"**ZERO GPU**, from probe traces on disk; nothing submitted or ingested | cru1 layerwise seeds 15,16,17; virtual regrouping, not 61 executed two-group runs.",fraction of determinate windows; counts are windows
26,numel_control,,16,173,497,2,0.348088531187123,S0579,"**ZERO GPU**, from probe traces on disk; nothing submitted or ingested | cru1 layerwise seeds 15,16,17; virtual regrouping, not 61 executed two-group runs.",fraction of determinate windows; counts are windows
26,numel_control,,17,182,498,1,0.365461847389558,S0580,"**ZERO GPU**, from probe traces on disk; nothing submitted or ingested | cru1 layerwise seeds 15,16,17; virtual regrouping, not 61 executed two-group runs.",fraction of determinate windows; counts are windows
27,primary,,15,151,499,0,0.302605210420842,S0578,"**ZERO GPU**, from probe traces on disk; nothing submitted or ingested | cru1 layerwise seeds 15,16,17; virtual regrouping, not 61 executed two-group runs.",fraction of determinate windows; counts are windows
27,primary,,16,151,499,0,0.302605210420842,S0579,"**ZERO GPU**, from probe traces on disk; nothing submitted or ingested | cru1 layerwise seeds 15,16,17; virtual regrouping, not 61 executed two-group runs.",fraction of determinate windows; counts are windows
27,primary,,17,156,499,0,0.312625250501002,S0580,"**ZERO GPU**, from probe traces on disk; nothing submitted or ingested | cru1 layerwise seeds 15,16,17; virtual regrouping, not 61 executed two-group runs.",fraction of determinate windows; counts are windows
27,numel_control,,15,171,499,0,0.342685370741483,S0578,"**ZERO GPU**, from probe traces on disk; nothing submitted or ingested | cru1 layerwise seeds 15,16,17; virtual regrouping, not 61 executed two-group runs.",fraction of determinate windows; counts are windows
27,numel_control,,16,173,497,2,0.348088531187123,S0579,"**ZERO GPU**, from probe traces on disk; nothing submitted or ingested | cru1 layerwise seeds 15,16,17; virtual regrouping, not 61 executed two-group runs.",fraction of determinate windows; counts are windows
27,numel_control,,17,182,498,1,0.365461847389558,S0580,"**ZERO GPU**, from probe traces on disk; nothing submitted or ingested | cru1 layerwise seeds 15,16,17; virtual regrouping, not 61 executed two-group runs.",fraction of determinate windows; counts are windows
28,primary,,15,146,499,0,0.292585170340681,S0578,"**ZERO GPU**, from probe traces on disk; nothing submitted or ingested | cru1 layerwise seeds 15,16,17; virtual regrouping, not 61 executed two-group runs.",fraction of determinate windows; counts are windows
28,primary,,16,147,498,1,0.295180722891566,S0579,"**ZERO GPU**, from probe traces on disk; nothing submitted or ingested | cru1 layerwise seeds 15,16,17; virtual regrouping, not 61 executed two-group runs.",fraction of determinate windows; counts are windows
28,primary,,17,157,498,1,0.315261044176707,S0580,"**ZERO GPU**, from probe traces on disk; nothing submitted or ingested | cru1 layerwise seeds 15,16,17; virtual regrouping, not 61 executed two-group runs.",fraction of determinate windows; counts are windows
28,numel_control,,15,162,496,3,0.326612903225806,S0578,"**ZERO GPU**, from probe traces on disk; nothing submitted or ingested | cru1 layerwise seeds 15,16,17; virtual regrouping, not 61 executed two-group runs.",fraction of determinate windows; counts are windows
28,numel_control,,16,191,498,1,0.383534136546185,S0579,"**ZERO GPU**, from probe traces on disk; nothing submitted or ingested | cru1 layerwise seeds 15,16,17; virtual regrouping, not 61 executed two-group runs.",fraction of determinate windows; counts are windows
28,numel_control,,17,189,497,2,0.380281690140845,S0580,"**ZERO GPU**, from probe traces on disk; nothing submitted or ingested | cru1 layerwise seeds 15,16,17; virtual regrouping, not 61 executed two-group runs.",fraction of determinate windows; counts are windows
29,primary,,15,146,499,0,0.292585170340681,S0578,"**ZERO GPU**, from probe traces on disk; nothing submitted or ingested | cru1 layerwise seeds 15,16,17; virtual regrouping, not 61 executed two-group runs.",fraction of determinate windows; counts are windows
29,primary,,16,147,499,0,0.294589178356713,S0579,"**ZERO GPU**, from probe traces on disk; nothing submitted or ingested | cru1 layerwise seeds 15,16,17; virtual regrouping, not 61 executed two-group runs.",fraction of determinate windows; counts are windows
29,primary,,17,157,498,1,0.315261044176707,S0580,"**ZERO GPU**, from probe traces on disk; nothing submitted or ingested | cru1 layerwise seeds 15,16,17; virtual regrouping, not 61 executed two-group runs.",fraction of determinate windows; counts are windows
29,numel_control,,15,162,496,3,0.326612903225806,S0578,"**ZERO GPU**, from probe traces on disk; nothing submitted or ingested | cru1 layerwise seeds 15,16,17; virtual regrouping, not 61 executed two-group runs.",fraction of determinate windows; counts are windows
29,numel_control,,16,191,498,1,0.383534136546185,S0579,"**ZERO GPU**, from probe traces on disk; nothing submitted or ingested | cru1 layerwise seeds 15,16,17; virtual regrouping, not 61 executed two-group runs.",fraction of determinate windows; counts are windows
29,numel_control,,17,189,497,2,0.380281690140845,S0580,"**ZERO GPU**, from probe traces on disk; nothing submitted or ingested | cru1 layerwise seeds 15,16,17; virtual regrouping, not 61 executed two-group runs.",fraction of determinate windows; counts are windows
30,primary,,15,146,499,0,0.292585170340681,S0578,"**ZERO GPU**, from probe traces on disk; nothing submitted or ingested | cru1 layerwise seeds 15,16,17; virtual regrouping, not 61 executed two-group runs.",fraction of determinate windows; counts are windows
30,primary,,16,147,499,0,0.294589178356713,S0579,"**ZERO GPU**, from probe traces on disk; nothing submitted or ingested | cru1 layerwise seeds 15,16,17; virtual regrouping, not 61 executed two-group runs.",fraction of determinate windows; counts are windows
30,primary,,17,157,498,1,0.315261044176707,S0580,"**ZERO GPU**, from probe traces on disk; nothing submitted or ingested | cru1 layerwise seeds 15,16,17; virtual regrouping, not 61 executed two-group runs.",fraction of determinate windows; counts are windows
30,numel_control,,15,162,496,3,0.326612903225806,S0578,"**ZERO GPU**, from probe traces on disk; nothing submitted or ingested | cru1 layerwise seeds 15,16,17; virtual regrouping, not 61 executed two-group runs.",fraction of determinate windows; counts are windows
30,numel_control,,16,191,498,1,0.383534136546185,S0579,"**ZERO GPU**, from probe traces on disk; nothing submitted or ingested | cru1 layerwise seeds 15,16,17; virtual regrouping, not 61 executed two-group runs.",fraction of determinate windows; counts are windows
30,numel_control,,17,189,497,2,0.380281690140845,S0580,"**ZERO GPU**, from probe traces on disk; nothing submitted or ingested | cru1 layerwise seeds 15,16,17; virtual regrouping, not 61 executed two-group runs.",fraction of determinate windows; counts are windows
31,primary,0.218954387458324,15,144,498,1,0.289156626506024,S0578,"**ZERO GPU**, from probe traces on disk; nothing submitted or ingested | cru1 layerwise seeds 15,16,17; virtual regrouping, not 61 executed two-group runs.",fraction of determinate windows; counts are windows
31,primary,0.218954387458324,16,149,499,0,0.298597194388778,S0579,"**ZERO GPU**, from probe traces on disk; nothing submitted or ingested | cru1 layerwise seeds 15,16,17; virtual regrouping, not 61 executed two-group runs.",fraction of determinate windows; counts are windows
31,primary,0.218954387458324,17,156,499,0,0.312625250501002,S0580,"**ZERO GPU**, from probe traces on disk; nothing submitted or ingested | cru1 layerwise seeds 15,16,17; virtual regrouping, not 61 executed two-group runs.",fraction of determinate windows; counts are windows
31,numel_control,0.218954387458324,15,168,497,2,0.338028169014085,S0578,"**ZERO GPU**, from probe traces on disk; nothing submitted or ingested | cru1 layerwise seeds 15,16,17; virtual regrouping, not 61 executed two-group runs.",fraction of determinate windows; counts are windows
31,numel_control,0.218954387458324,16,177,496,3,0.356854838709677,S0579,"**ZERO GPU**, from probe traces on disk; nothing submitted or ingested | cru1 layerwise seeds 15,16,17; virtual regrouping, not 61 executed two-group runs.",fraction of determinate windows; counts are windows
31,numel_control,0.218954387458324,17,172,497,2,0.346076458752515,S0580,"**ZERO GPU**, from probe traces on disk; nothing submitted or ingested | cru1 layerwise seeds 15,16,17; virtual regrouping, not 61 executed two-group runs.",fraction of determinate windows; counts are windows
32,primary,,15,70,499,0,0.140280561122244,S0578,"**ZERO GPU**, from probe traces on disk; nothing submitted or ingested | cru1 layerwise seeds 15,16,17; virtual regrouping, not 61 executed two-group runs.",fraction of determinate windows; counts are windows
32,primary,,16,68,499,0,0.13627254509018,S0579,"**ZERO GPU**, from probe traces on disk; nothing submitted or ingested | cru1 layerwise seeds 15,16,17; virtual regrouping, not 61 executed two-group runs.",fraction of determinate windows; counts are windows
32,primary,,17,54,498,1,0.108433734939759,S0580,"**ZERO GPU**, from probe traces on disk; nothing submitted or ingested | cru1 layerwise seeds 15,16,17; virtual regrouping, not 61 executed two-group runs.",fraction of determinate windows; counts are windows
32,numel_control,,15,168,497,2,0.338028169014085,S0578,"**ZERO GPU**, from probe traces on disk; nothing submitted or ingested | cru1 layerwise seeds 15,16,17; virtual regrouping, not 61 executed two-group runs.",fraction of determinate windows; counts are windows
32,numel_control,,16,177,497,2,0.356136820925553,S0579,"**ZERO GPU**, from probe traces on disk; nothing submitted or ingested | cru1 layerwise seeds 15,16,17; virtual regrouping, not 61 executed two-group runs.",fraction of determinate windows; counts are windows
32,numel_control,,17,171,497,2,0.344064386317907,S0580,"**ZERO GPU**, from probe traces on disk; nothing submitted or ingested | cru1 layerwise seeds 15,16,17; virtual regrouping, not 61 executed two-group runs.",fraction of determinate windows; counts are windows
33,primary,,15,71,499,0,0.142284569138277,S0578,"**ZERO GPU**, from probe traces on disk; nothing submitted or ingested | cru1 layerwise seeds 15,16,17; virtual regrouping, not 61 executed two-group runs.",fraction of determinate windows; counts are windows
33,primary,,16,70,499,0,0.140280561122244,S0579,"**ZERO GPU**, from probe traces on disk; nothing submitted or ingested | cru1 layerwise seeds 15,16,17; virtual regrouping, not 61 executed two-group runs.",fraction of determinate windows; counts are windows
33,primary,,17,55,499,0,0.110220440881764,S0580,"**ZERO GPU**, from probe traces on disk; nothing submitted or ingested | cru1 layerwise seeds 15,16,17; virtual regrouping, not 61 executed two-group runs.",fraction of determinate windows; counts are windows
33,numel_control,,15,168,497,2,0.338028169014085,S0578,"**ZERO GPU**, from probe traces on disk; nothing submitted or ingested | cru1 layerwise seeds 15,16,17; virtual regrouping, not 61 executed two-group runs.",fraction of determinate windows; counts are windows
33,numel_control,,16,177,497,2,0.356136820925553,S0579,"**ZERO GPU**, from probe traces on disk; nothing submitted or ingested | cru1 layerwise seeds 15,16,17; virtual regrouping, not 61 executed two-group runs.",fraction of determinate windows; counts are windows
33,numel_control,,17,171,497,2,0.344064386317907,S0580,"**ZERO GPU**, from probe traces on disk; nothing submitted or ingested | cru1 layerwise seeds 15,16,17; virtual regrouping, not 61 executed two-group runs.",fraction of determinate windows; counts are windows
34,primary,,15,75,498,1,0.150602409638554,S0578,"**ZERO GPU**, from probe traces on disk; nothing submitted or ingested | cru1 layerwise seeds 15,16,17; virtual regrouping, not 61 executed two-group runs.",fraction of determinate windows; counts are windows
34,primary,,16,71,499,0,0.142284569138277,S0579,"**ZERO GPU**, from probe traces on disk; nothing submitted or ingested | cru1 layerwise seeds 15,16,17; virtual regrouping, not 61 executed two-group runs.",fraction of determinate windows; counts are windows
34,primary,,17,55,498,1,0.110441767068273,S0580,"**ZERO GPU**, from probe traces on disk; nothing submitted or ingested | cru1 layerwise seeds 15,16,17; virtual regrouping, not 61 executed two-group runs.",fraction of determinate windows; counts are windows
34,numel_control,,15,136,497,2,0.27364185110664,S0578,"**ZERO GPU**, from probe traces on disk; nothing submitted or ingested | cru1 layerwise seeds 15,16,17; virtual regrouping, not 61 executed two-group runs.",fraction of determinate windows; counts are windows
34,numel_control,,16,158,498,1,0.317269076305221,S0579,"**ZERO GPU**, from probe traces on disk; nothing submitted or ingested | cru1 layerwise seeds 15,16,17; virtual regrouping, not 61 executed two-group runs.",fraction of determinate windows; counts are windows
34,numel_control,,17,159,498,1,0.319277108433735,S0580,"**ZERO GPU**, from probe traces on disk; nothing submitted or ingested | cru1 layerwise seeds 15,16,17; virtual regrouping, not 61 executed two-group runs.",fraction of determinate windows; counts are windows
35,primary,,15,56,498,1,0.112449799196787,S0578,"**ZERO GPU**, from probe traces on disk; nothing submitted or ingested | cru1 layerwise seeds 15,16,17; virtual regrouping, not 61 executed two-group runs.",fraction of determinate windows; counts are windows
35,primary,,16,61,499,0,0.122244488977956,S0579,"**ZERO GPU**, from probe traces on disk; nothing submitted or ingested | cru1 layerwise seeds 15,16,17; virtual regrouping, not 61 executed two-group runs.",fraction of determinate windows; counts are windows
35,primary,,17,48,499,0,0.0961923847695391,S0580,"**ZERO GPU**, from probe traces on disk; nothing submitted or ingested | cru1 layerwise seeds 15,16,17; virtual regrouping, not 61 executed two-group runs.",fraction of determinate windows; counts are windows
35,numel_control,,15,136,497,2,0.27364185110664,S0578,"**ZERO GPU**, from probe traces on disk; nothing submitted or ingested | cru1 layerwise seeds 15,16,17; virtual regrouping, not 61 executed two-group runs.",fraction of determinate windows; counts are windows
35,numel_control,,16,157,497,2,0.3158953722334,S0579,"**ZERO GPU**, from probe traces on disk; nothing submitted or ingested | cru1 layerwise seeds 15,16,17; virtual regrouping, not 61 executed two-group runs.",fraction of determinate windows; counts are windows
35,numel_control,,17,159,498,1,0.319277108433735,S0580,"**ZERO GPU**, from probe traces on disk; nothing submitted or ingested | cru1 layerwise seeds 15,16,17; virtual regrouping, not 61 executed two-group runs.",fraction of determinate windows; counts are windows
36,primary,,15,56,498,1,0.112449799196787,S0578,"**ZERO GPU**, from probe traces on disk; nothing submitted or ingested | cru1 layerwise seeds 15,16,17; virtual regrouping, not 61 executed two-group runs.",fraction of determinate windows; counts are windows
36,primary,,16,61,499,0,0.122244488977956,S0579,"**ZERO GPU**, from probe traces on disk; nothing submitted or ingested | cru1 layerwise seeds 15,16,17; virtual regrouping, not 61 executed two-group runs.",fraction of determinate windows; counts are windows
36,primary,,17,48,499,0,0.0961923847695391,S0580,"**ZERO GPU**, from probe traces on disk; nothing submitted or ingested | cru1 layerwise seeds 15,16,17; virtual regrouping, not 61 executed two-group runs.",fraction of determinate windows; counts are windows
36,numel_control,,15,136,497,2,0.27364185110664,S0578,"**ZERO GPU**, from probe traces on disk; nothing submitted or ingested | cru1 layerwise seeds 15,16,17; virtual regrouping, not 61 executed two-group runs.",fraction of determinate windows; counts are windows
36,numel_control,,16,157,497,2,0.3158953722334,S0579,"**ZERO GPU**, from probe traces on disk; nothing submitted or ingested | cru1 layerwise seeds 15,16,17; virtual regrouping, not 61 executed two-group runs.",fraction of determinate windows; counts are windows
36,numel_control,,17,159,498,1,0.319277108433735,S0580,"**ZERO GPU**, from probe traces on disk; nothing submitted or ingested | cru1 layerwise seeds 15,16,17; virtual regrouping, not 61 executed two-group runs.",fraction of determinate windows; counts are windows
37,primary,,15,58,499,0,0.11623246492986,S0578,"**ZERO GPU**, from probe traces on disk; nothing submitted or ingested | cru1 layerwise seeds 15,16,17; virtual regrouping, not 61 executed two-group runs.",fraction of determinate windows; counts are windows
37,primary,,16,60,498,1,0.120481927710843,S0579,"**ZERO GPU**, from probe traces on disk; nothing submitted or ingested | cru1 layerwise seeds 15,16,17; virtual regrouping, not 61 executed two-group runs.",fraction of determinate windows; counts are windows
37,primary,,17,48,499,0,0.0961923847695391,S0580,"**ZERO GPU**, from probe traces on disk; nothing submitted or ingested | cru1 layerwise seeds 15,16,17; virtual regrouping, not 61 executed two-group runs.",fraction of determinate windows; counts are windows
37,numel_control,,15,137,497,2,0.275653923541247,S0578,"**ZERO GPU**, from probe traces on disk; nothing submitted or ingested | cru1 layerwise seeds 15,16,17; virtual regrouping, not 61 executed two-group runs.",fraction of determinate windows; counts are windows
37,numel_control,,16,156,497,2,0.313883299798793,S0579,"**ZERO GPU**, from probe traces on disk; nothing submitted or ingested | cru1 layerwise seeds 15,16,17; virtual regrouping, not 61 executed two-group runs.",fraction of determinate windows; counts are windows
37,numel_control,,17,159,498,1,0.319277108433735,S0580,"**ZERO GPU**, from probe traces on disk; nothing submitted or ingested | cru1 layerwise seeds 15,16,17; virtual regrouping, not 61 executed two-group runs.",fraction of determinate windows; counts are windows
38,primary,0.281549265801234,15,56,499,0,0.112224448897796,S0578,"**ZERO GPU**, from probe traces on disk; nothing submitted or ingested | cru1 layerwise seeds 15,16,17; virtual regrouping, not 61 executed two-group runs.",fraction of determinate windows; counts are windows
38,primary,0.281549265801234,16,57,499,0,0.114228456913828,S0579,"**ZERO GPU**, from probe traces on disk; nothing submitted or ingested | cru1 layerwise seeds 15,16,17; virtual regrouping, not 61 executed two-group runs.",fraction of determinate windows; counts are windows
38,primary,0.281549265801234,17,47,499,0,0.094188376753507,S0580,"**ZERO GPU**, from probe traces on disk; nothing submitted or ingested | cru1 layerwise seeds 15,16,17; virtual regrouping, not 61 executed two-group runs.",fraction of determinate windows; counts are windows
38,numel_control,0.281549265801234,15,137,497,2,0.275653923541247,S0578,"**ZERO GPU**, from probe traces on disk; nothing submitted or ingested | cru1 layerwise seeds 15,16,17; virtual regrouping, not 61 executed two-group runs.",fraction of determinate windows; counts are windows
38,numel_control,0.281549265801234,16,156,497,2,0.313883299798793,S0579,"**ZERO GPU**, from probe traces on disk; nothing submitted or ingested | cru1 layerwise seeds 15,16,17; virtual regrouping, not 61 executed two-group runs.",fraction of determinate windows; counts are windows
38,numel_control,0.281549265801234,17,159,498,1,0.319277108433735,S0580,"**ZERO GPU**, from probe traces on disk; nothing submitted or ingested | cru1 layerwise seeds 15,16,17; virtual regrouping, not 61 executed two-group runs.",fraction of determinate windows; counts are windows
39,primary,,15,55,498,1,0.110441767068273,S0578,"**ZERO GPU**, from probe traces on disk; nothing submitted or ingested | cru1 layerwise seeds 15,16,17; virtual regrouping, not 61 executed two-group runs.",fraction of determinate windows; counts are windows
39,primary,,16,57,499,0,0.114228456913828,S0579,"**ZERO GPU**, from probe traces on disk; nothing submitted or ingested | cru1 layerwise seeds 15,16,17; virtual regrouping, not 61 executed two-group runs.",fraction of determinate windows; counts are windows
39,primary,,17,47,499,0,0.094188376753507,S0580,"**ZERO GPU**, from probe traces on disk; nothing submitted or ingested | cru1 layerwise seeds 15,16,17; virtual regrouping, not 61 executed two-group runs.",fraction of determinate windows; counts are windows
39,numel_control,,15,137,497,2,0.275653923541247,S0578,"**ZERO GPU**, from probe traces on disk; nothing submitted or ingested | cru1 layerwise seeds 15,16,17; virtual regrouping, not 61 executed two-group runs.",fraction of determinate windows; counts are windows
39,numel_control,,16,156,497,2,0.313883299798793,S0579,"**ZERO GPU**, from probe traces on disk; nothing submitted or ingested | cru1 layerwise seeds 15,16,17; virtual regrouping, not 61 executed two-group runs.",fraction of determinate windows; counts are windows
39,numel_control,,17,159,498,1,0.319277108433735,S0580,"**ZERO GPU**, from probe traces on disk; nothing submitted or ingested | cru1 layerwise seeds 15,16,17; virtual regrouping, not 61 executed two-group runs.",fraction of determinate windows; counts are windows
40,primary,,15,56,499,0,0.112224448897796,S0578,"**ZERO GPU**, from probe traces on disk; nothing submitted or ingested | cru1 layerwise seeds 15,16,17; virtual regrouping, not 61 executed two-group runs.",fraction of determinate windows; counts are windows
40,primary,,16,58,499,0,0.11623246492986,S0579,"**ZERO GPU**, from probe traces on disk; nothing submitted or ingested | cru1 layerwise seeds 15,16,17; virtual regrouping, not 61 executed two-group runs.",fraction of determinate windows; counts are windows
40,primary,,17,45,499,0,0.0901803607214429,S0580,"**ZERO GPU**, from probe traces on disk; nothing submitted or ingested | cru1 layerwise seeds 15,16,17; virtual regrouping, not 61 executed two-group runs.",fraction of determinate windows; counts are windows
40,numel_control,,15,130,497,2,0.261569416498994,S0578,"**ZERO GPU**, from probe traces on disk; nothing submitted or ingested | cru1 layerwise seeds 15,16,17; virtual regrouping, not 61 executed two-group runs.",fraction of determinate windows; counts are windows
40,numel_control,,16,150,498,1,0.301204819277108,S0579,"**ZERO GPU**, from probe traces on disk; nothing submitted or ingested | cru1 layerwise seeds 15,16,17; virtual regrouping, not 61 executed two-group runs.",fraction of determinate windows; counts are windows
40,numel_control,,17,139,497,2,0.279678068410463,S0580,"**ZERO GPU**, from probe traces on disk; nothing submitted or ingested | cru1 layerwise seeds 15,16,17; virtual regrouping, not 61 executed two-group runs.",fraction of determinate windows; counts are windows
41,primary,,15,38,499,0,0.0761523046092184,S0578,"**ZERO GPU**, from probe traces on disk; nothing submitted or ingested | cru1 layerwise seeds 15,16,17; virtual regrouping, not 61 executed two-group runs.",fraction of determinate windows; counts are windows
41,primary,,16,40,499,0,0.0801603206412826,S0579,"**ZERO GPU**, from probe traces on disk; nothing submitted or ingested | cru1 layerwise seeds 15,16,17; virtual regrouping, not 61 executed two-group runs.",fraction of determinate windows; counts are windows
41,primary,,17,31,499,0,0.062124248496994,S0580,"**ZERO GPU**, from probe traces on disk; nothing submitted or ingested | cru1 layerwise seeds 15,16,17; virtual regrouping, not 61 executed two-group runs.",fraction of determinate windows; counts are windows
41,numel_control,,15,130,497,2,0.261569416498994,S0578,"**ZERO GPU**, from probe traces on disk; nothing submitted or ingested | cru1 layerwise seeds 15,16,17; virtual regrouping, not 61 executed two-group runs.",fraction of determinate windows; counts are windows
41,numel_control,,16,150,498,1,0.301204819277108,S0579,"**ZERO GPU**, from probe traces on disk; nothing submitted or ingested | cru1 layerwise seeds 15,16,17; virtual regrouping, not 61 executed two-group runs.",fraction of determinate windows; counts are windows
41,numel_control,,17,139,497,2,0.279678068410463,S0580,"**ZERO GPU**, from probe traces on disk; nothing submitted or ingested | cru1 layerwise seeds 15,16,17; virtual regrouping, not 61 executed two-group runs.",fraction of determinate windows; counts are windows
42,primary,0.3905369936866,15,38,499,0,0.0761523046092184,S0578,"**ZERO GPU**, from probe traces on disk; nothing submitted or ingested | cru1 layerwise seeds 15,16,17; virtual regrouping, not 61 executed two-group runs.",fraction of determinate windows; counts are windows
42,primary,0.3905369936866,16,40,499,0,0.0801603206412826,S0579,"**ZERO GPU**, from probe traces on disk; nothing submitted or ingested | cru1 layerwise seeds 15,16,17; virtual regrouping, not 61 executed two-group runs.",fraction of determinate windows; counts are windows
42,primary,0.3905369936866,17,31,499,0,0.062124248496994,S0580,"**ZERO GPU**, from probe traces on disk; nothing submitted or ingested | cru1 layerwise seeds 15,16,17; virtual regrouping, not 61 executed two-group runs.",fraction of determinate windows; counts are windows
42,numel_control,0.3905369936866,15,130,497,2,0.261569416498994,S0578,"**ZERO GPU**, from probe traces on disk; nothing submitted or ingested | cru1 layerwise seeds 15,16,17; virtual regrouping, not 61 executed two-group runs.",fraction of determinate windows; counts are windows
42,numel_control,0.3905369936866,16,150,498,1,0.301204819277108,S0579,"**ZERO GPU**, from probe traces on disk; nothing submitted or ingested | cru1 layerwise seeds 15,16,17; virtual regrouping, not 61 executed two-group runs.",fraction of determinate windows; counts are windows
42,numel_control,0.3905369936866,17,139,497,2,0.279678068410463,S0580,"**ZERO GPU**, from probe traces on disk; nothing submitted or ingested | cru1 layerwise seeds 15,16,17; virtual regrouping, not 61 executed two-group runs.",fraction of determinate windows; counts are windows
43,primary,,15,37,499,0,0.0741482965931864,S0578,"**ZERO GPU**, from probe traces on disk; nothing submitted or ingested | cru1 layerwise seeds 15,16,17; virtual regrouping, not 61 executed two-group runs.",fraction of determinate windows; counts are windows
43,primary,,16,40,499,0,0.0801603206412826,S0579,"**ZERO GPU**, from probe traces on disk; nothing submitted or ingested | cru1 layerwise seeds 15,16,17; virtual regrouping, not 61 executed two-group runs.",fraction of determinate windows; counts are windows
43,primary,,17,31,499,0,0.062124248496994,S0580,"**ZERO GPU**, from probe traces on disk; nothing submitted or ingested | cru1 layerwise seeds 15,16,17; virtual regrouping, not 61 executed two-group runs.",fraction of determinate windows; counts are windows
43,numel_control,,15,132,498,1,0.265060240963855,S0578,"**ZERO GPU**, from probe traces on disk; nothing submitted or ingested | cru1 layerwise seeds 15,16,17; virtual regrouping, not 61 executed two-group runs.",fraction of determinate windows; counts are windows
43,numel_control,,16,137,498,1,0.275100401606426,S0579,"**ZERO GPU**, from probe traces on disk; nothing submitted or ingested | cru1 layerwise seeds 15,16,17; virtual regrouping, not 61 executed two-group runs.",fraction of determinate windows; counts are windows
43,numel_control,,17,133,499,0,0.266533066132265,S0580,"**ZERO GPU**, from probe traces on disk; nothing submitted or ingested | cru1 layerwise seeds 15,16,17; virtual regrouping, not 61 executed two-group runs.",fraction of determinate windows; counts are windows
44,primary,,15,37,499,0,0.0741482965931864,S0578,"**ZERO GPU**, from probe traces on disk; nothing submitted or ingested | cru1 layerwise seeds 15,16,17; virtual regrouping, not 61 executed two-group runs.",fraction of determinate windows; counts are windows
44,primary,,16,40,499,0,0.0801603206412826,S0579,"**ZERO GPU**, from probe traces on disk; nothing submitted or ingested | cru1 layerwise seeds 15,16,17; virtual regrouping, not 61 executed two-group runs.",fraction of determinate windows; counts are windows
44,primary,,17,31,499,0,0.062124248496994,S0580,"**ZERO GPU**, from probe traces on disk; nothing submitted or ingested | cru1 layerwise seeds 15,16,17; virtual regrouping, not 61 executed two-group runs.",fraction of determinate windows; counts are windows
44,numel_control,,15,132,498,1,0.265060240963855,S0578,"**ZERO GPU**, from probe traces on disk; nothing submitted or ingested | cru1 layerwise seeds 15,16,17; virtual regrouping, not 61 executed two-group runs.",fraction of determinate windows; counts are windows
44,numel_control,,16,137,498,1,0.275100401606426,S0579,"**ZERO GPU**, from probe traces on disk; nothing submitted or ingested | cru1 layerwise seeds 15,16,17; virtual regrouping, not 61 executed two-group runs.",fraction of determinate windows; counts are windows
44,numel_control,,17,133,499,0,0.266533066132265,S0580,"**ZERO GPU**, from probe traces on disk; nothing submitted or ingested | cru1 layerwise seeds 15,16,17; virtual regrouping, not 61 executed two-group runs.",fraction of determinate windows; counts are windows
45,primary,0.415379158686245,15,37,499,0,0.0741482965931864,S0578,"**ZERO GPU**, from probe traces on disk; nothing submitted or ingested | cru1 layerwise seeds 15,16,17; virtual regrouping, not 61 executed two-group runs.",fraction of determinate windows; counts are windows
45,primary,0.415379158686245,16,40,499,0,0.0801603206412826,S0579,"**ZERO GPU**, from probe traces on disk; nothing submitted or ingested | cru1 layerwise seeds 15,16,17; virtual regrouping, not 61 executed two-group runs.",fraction of determinate windows; counts are windows
45,primary,0.415379158686245,17,31,499,0,0.062124248496994,S0580,"**ZERO GPU**, from probe traces on disk; nothing submitted or ingested | cru1 layerwise seeds 15,16,17; virtual regrouping, not 61 executed two-group runs.",fraction of determinate windows; counts are windows
45,numel_control,0.415379158686245,15,132,498,1,0.265060240963855,S0578,"**ZERO GPU**, from probe traces on disk; nothing submitted or ingested | cru1 layerwise seeds 15,16,17; virtual regrouping, not 61 executed two-group runs.",fraction of determinate windows; counts are windows
45,numel_control,0.415379158686245,16,137,498,1,0.275100401606426,S0579,"**ZERO GPU**, from probe traces on disk; nothing submitted or ingested | cru1 layerwise seeds 15,16,17; virtual regrouping, not 61 executed two-group runs.",fraction of determinate windows; counts are windows
45,numel_control,0.415379158686245,17,133,499,0,0.266533066132265,S0580,"**ZERO GPU**, from probe traces on disk; nothing submitted or ingested | cru1 layerwise seeds 15,16,17; virtual regrouping, not 61 executed two-group runs.",fraction of determinate windows; counts are windows
46,primary,,15,41,499,0,0.0821643286573146,S0578,"**ZERO GPU**, from probe traces on disk; nothing submitted or ingested | cru1 layerwise seeds 15,16,17; virtual regrouping, not 61 executed two-group runs.",fraction of determinate windows; counts are windows
46,primary,,16,45,499,0,0.0901803607214429,S0579,"**ZERO GPU**, from probe traces on disk; nothing submitted or ingested | cru1 layerwise seeds 15,16,17; virtual regrouping, not 61 executed two-group runs.",fraction of determinate windows; counts are windows
46,primary,,17,29,499,0,0.0581162324649299,S0580,"**ZERO GPU**, from probe traces on disk; nothing submitted or ingested | cru1 layerwise seeds 15,16,17; virtual regrouping, not 61 executed two-group runs.",fraction of determinate windows; counts are windows
46,numel_control,,15,124,498,1,0.248995983935743,S0578,"**ZERO GPU**, from probe traces on disk; nothing submitted or ingested | cru1 layerwise seeds 15,16,17; virtual regrouping, not 61 executed two-group runs.",fraction of determinate windows; counts are windows
46,numel_control,,16,134,497,2,0.269617706237425,S0579,"**ZERO GPU**, from probe traces on disk; nothing submitted or ingested | cru1 layerwise seeds 15,16,17; virtual regrouping, not 61 executed two-group runs.",fraction of determinate windows; counts are windows
46,numel_control,,17,136,494,5,0.275303643724696,S0580,"**ZERO GPU**, from probe traces on disk; nothing submitted or ingested | cru1 layerwise seeds 15,16,17; virtual regrouping, not 61 executed two-group runs.",fraction of determinate windows; counts are windows
47,primary,0.488770660424204,15,34,499,0,0.0681362725450902,S0578,"**ZERO GPU**, from probe traces on disk; nothing submitted or ingested | cru1 layerwise seeds 15,16,17; virtual regrouping, not 61 executed two-group runs.",fraction of determinate windows; counts are windows
47,primary,0.488770660424204,16,35,499,0,0.0701402805611222,S0579,"**ZERO GPU**, from probe traces on disk; nothing submitted or ingested | cru1 layerwise seeds 15,16,17; virtual regrouping, not 61 executed two-group runs.",fraction of determinate windows; counts are windows
47,primary,0.488770660424204,17,26,499,0,0.0521042084168337,S0580,"**ZERO GPU**, from probe traces on disk; nothing submitted or ingested | cru1 layerwise seeds 15,16,17; virtual regrouping, not 61 executed two-group runs.",fraction of determinate windows; counts are windows
47,numel_control,0.488770660424204,15,124,498,1,0.248995983935743,S0578,"**ZERO GPU**, from probe traces on disk; nothing submitted or ingested | cru1 layerwise seeds 15,16,17; virtual regrouping, not 61 executed two-group runs.",fraction of determinate windows; counts are windows
47,numel_control,0.488770660424204,16,134,497,2,0.269617706237425,S0579,"**ZERO GPU**, from probe traces on disk; nothing submitted or ingested | cru1 layerwise seeds 15,16,17; virtual regrouping, not 61 executed two-group runs.",fraction of determinate windows; counts are windows
47,numel_control,0.488770660424204,17,136,494,5,0.275303643724696,S0580,"**ZERO GPU**, from probe traces on disk; nothing submitted or ingested | cru1 layerwise seeds 15,16,17; virtual regrouping, not 61 executed two-group runs.",fraction of determinate windows; counts are windows
48,primary,,15,34,499,0,0.0681362725450902,S0578,"**ZERO GPU**, from probe traces on disk; nothing submitted or ingested | cru1 layerwise seeds 15,16,17; virtual regrouping, not 61 executed two-group runs.",fraction of determinate windows; counts are windows
48,primary,,16,35,499,0,0.0701402805611222,S0579,"**ZERO GPU**, from probe traces on disk; nothing submitted or ingested | cru1 layerwise seeds 15,16,17; virtual regrouping, not 61 executed two-group runs.",fraction of determinate windows; counts are windows
48,primary,,17,26,499,0,0.0521042084168337,S0580,"**ZERO GPU**, from probe traces on disk; nothing submitted or ingested | cru1 layerwise seeds 15,16,17; virtual regrouping, not 61 executed two-group runs.",fraction of determinate windows; counts are windows
48,numel_control,,15,124,498,1,0.248995983935743,S0578,"**ZERO GPU**, from probe traces on disk; nothing submitted or ingested | cru1 layerwise seeds 15,16,17; virtual regrouping, not 61 executed two-group runs.",fraction of determinate windows; counts are windows
48,numel_control,,16,134,497,2,0.269617706237425,S0579,"**ZERO GPU**, from probe traces on disk; nothing submitted or ingested | cru1 layerwise seeds 15,16,17; virtual regrouping, not 61 executed two-group runs.",fraction of determinate windows; counts are windows
48,numel_control,,17,136,494,5,0.275303643724696,S0580,"**ZERO GPU**, from probe traces on disk; nothing submitted or ingested | cru1 layerwise seeds 15,16,17; virtual regrouping, not 61 executed two-group runs.",fraction of determinate windows; counts are windows
49,primary,0.696460239767326,15,32,499,0,0.064128256513026,S0578,"**ZERO GPU**, from probe traces on disk; nothing submitted or ingested | cru1 layerwise seeds 15,16,17; virtual regrouping, not 61 executed two-group runs.",fraction of determinate windows; counts are windows
49,primary,0.696460239767326,16,38,499,0,0.0761523046092184,S0579,"**ZERO GPU**, from probe traces on disk; nothing submitted or ingested | cru1 layerwise seeds 15,16,17; virtual regrouping, not 61 executed two-group runs.",fraction of determinate windows; counts are windows
49,primary,0.696460239767326,17,22,499,0,0.0440881763527054,S0580,"**ZERO GPU**, from probe traces on disk; nothing submitted or ingested | cru1 layerwise seeds 15,16,17; virtual regrouping, not 61 executed two-group runs.",fraction of determinate windows; counts are windows
49,numel_control,0.696460239767326,15,138,492,7,0.280487804878049,S0578,"**ZERO GPU**, from probe traces on disk; nothing submitted or ingested | cru1 layerwise seeds 15,16,17; virtual regrouping, not 61 executed two-group runs.",fraction of determinate windows; counts are windows
49,numel_control,0.696460239767326,16,138,498,1,0.27710843373494,S0579,"**ZERO GPU**, from probe traces on disk; nothing submitted or ingested | cru1 layerwise seeds 15,16,17; virtual regrouping, not 61 executed two-group runs.",fraction of determinate windows; counts are windows
49,numel_control,0.696460239767326,17,140,497,2,0.28169014084507,S0580,"**ZERO GPU**, from probe traces on disk; nothing submitted or ingested | cru1 layerwise seeds 15,16,17; virtual regrouping, not 61 executed two-group runs.",fraction of determinate windows; counts are windows
50,primary,,15,27,499,0,0.0541082164328657,S0578,"**ZERO GPU**, from probe traces on disk; nothing submitted or ingested | cru1 layerwise seeds 15,16,17; virtual regrouping, not 61 executed two-group runs.",fraction of determinate windows; counts are windows
50,primary,,16,30,499,0,0.0601202404809619,S0579,"**ZERO GPU**, from probe traces on disk; nothing submitted or ingested | cru1 layerwise seeds 15,16,17; virtual regrouping, not 61 executed two-group runs.",fraction of determinate windows; counts are windows
50,primary,,17,19,499,0,0.0380761523046092,S0580,"**ZERO GPU**, from probe traces on disk; nothing submitted or ingested | cru1 layerwise seeds 15,16,17; virtual regrouping, not 61 executed two-group runs.",fraction of determinate windows; counts are windows
50,numel_control,,15,138,492,7,0.280487804878049,S0578,"**ZERO GPU**, from probe traces on disk; nothing submitted or ingested | cru1 layerwise seeds 15,16,17; virtual regrouping, not 61 executed two-group runs.",fraction of determinate windows; counts are windows
50,numel_control,,16,138,498,1,0.27710843373494,S0579,"**ZERO GPU**, from probe traces on disk; nothing submitted or ingested | cru1 layerwise seeds 15,16,17; virtual regrouping, not 61 executed two-group runs.",fraction of determinate windows; counts are windows
50,numel_control,,17,140,497,2,0.28169014084507,S0580,"**ZERO GPU**, from probe traces on disk; nothing submitted or ingested | cru1 layerwise seeds 15,16,17; virtual regrouping, not 61 executed two-group runs.",fraction of determinate windows; counts are windows
51,primary,,15,27,499,0,0.0541082164328657,S0578,"**ZERO GPU**, from probe traces on disk; nothing submitted or ingested | cru1 layerwise seeds 15,16,17; virtual regrouping, not 61 executed two-group runs.",fraction of determinate windows; counts are windows
51,primary,,16,30,499,0,0.0601202404809619,S0579,"**ZERO GPU**, from probe traces on disk; nothing submitted or ingested | cru1 layerwise seeds 15,16,17; virtual regrouping, not 61 executed two-group runs.",fraction of determinate windows; counts are windows
51,primary,,17,19,499,0,0.0380761523046092,S0580,"**ZERO GPU**, from probe traces on disk; nothing submitted or ingested | cru1 layerwise seeds 15,16,17; virtual regrouping, not 61 executed two-group runs.",fraction of determinate windows; counts are windows
51,numel_control,,15,138,492,7,0.280487804878049,S0578,"**ZERO GPU**, from probe traces on disk; nothing submitted or ingested | cru1 layerwise seeds 15,16,17; virtual regrouping, not 61 executed two-group runs.",fraction of determinate windows; counts are windows
51,numel_control,,16,138,498,1,0.27710843373494,S0579,"**ZERO GPU**, from probe traces on disk; nothing submitted or ingested | cru1 layerwise seeds 15,16,17; virtual regrouping, not 61 executed two-group runs.",fraction of determinate windows; counts are windows
51,numel_control,,17,140,497,2,0.28169014084507,S0580,"**ZERO GPU**, from probe traces on disk; nothing submitted or ingested | cru1 layerwise seeds 15,16,17; virtual regrouping, not 61 executed two-group runs.",fraction of determinate windows; counts are windows
52,primary,0.332439526140314,15,27,499,0,0.0541082164328657,S0578,"**ZERO GPU**, from probe traces on disk; nothing submitted or ingested | cru1 layerwise seeds 15,16,17; virtual regrouping, not 61 executed two-group runs.",fraction of determinate windows; counts are windows
52,primary,0.332439526140314,16,24,498,1,0.0481927710843374,S0579,"**ZERO GPU**, from probe traces on disk; nothing submitted or ingested | cru1 layerwise seeds 15,16,17; virtual regrouping, not 61 executed two-group runs.",fraction of determinate windows; counts are windows
52,primary,0.332439526140314,17,16,499,0,0.032064128256513,S0580,"**ZERO GPU**, from probe traces on disk; nothing submitted or ingested | cru1 layerwise seeds 15,16,17; virtual regrouping, not 61 executed two-group runs.",fraction of determinate windows; counts are windows
52,numel_control,0.332439526140314,15,141,496,3,0.284274193548387,S0578,"**ZERO GPU**, from probe traces on disk; nothing submitted or ingested | cru1 layerwise seeds 15,16,17; virtual regrouping, not 61 executed two-group runs.",fraction of determinate windows; counts are windows
52,numel_control,0.332439526140314,16,138,498,1,0.27710843373494,S0579,"**ZERO GPU**, from probe traces on disk; nothing submitted or ingested | cru1 layerwise seeds 15,16,17; virtual regrouping, not 61 executed two-group runs.",fraction of determinate windows; counts are windows
52,numel_control,0.332439526140314,17,140,498,1,0.281124497991968,S0580,"**ZERO GPU**, from probe traces on disk; nothing submitted or ingested | cru1 layerwise seeds 15,16,17; virtual regrouping, not 61 executed two-group runs.",fraction of determinate windows; counts are windows
53,primary,,15,24,499,0,0.0480961923847695,S0578,"**ZERO GPU**, from probe traces on disk; nothing submitted or ingested | cru1 layerwise seeds 15,16,17; virtual regrouping, not 61 executed two-group runs.",fraction of determinate windows; counts are windows
53,primary,,16,21,499,0,0.0420841683366733,S0579,"**ZERO GPU**, from probe traces on disk; nothing submitted or ingested | cru1 layerwise seeds 15,16,17; virtual regrouping, not 61 executed two-group runs.",fraction of determinate windows; counts are windows
53,primary,,17,17,499,0,0.0340681362725451,S0580,"**ZERO GPU**, from probe traces on disk; nothing submitted or ingested | cru1 layerwise seeds 15,16,17; virtual regrouping, not 61 executed two-group runs.",fraction of determinate windows; counts are windows
53,numel_control,,15,141,496,3,0.284274193548387,S0578,"**ZERO GPU**, from probe traces on disk; nothing submitted or ingested | cru1 layerwise seeds 15,16,17; virtual regrouping, not 61 executed two-group runs.",fraction of determinate windows; counts are windows
53,numel_control,,16,138,498,1,0.27710843373494,S0579,"**ZERO GPU**, from probe traces on disk; nothing submitted or ingested | cru1 layerwise seeds 15,16,17; virtual regrouping, not 61 executed two-group runs.",fraction of determinate windows; counts are windows
53,numel_control,,17,140,498,1,0.281124497991968,S0580,"**ZERO GPU**, from probe traces on disk; nothing submitted or ingested | cru1 layerwise seeds 15,16,17; virtual regrouping, not 61 executed two-group runs.",fraction of determinate windows; counts are windows
54,primary,,15,24,499,0,0.0480961923847695,S0578,"**ZERO GPU**, from probe traces on disk; nothing submitted or ingested | cru1 layerwise seeds 15,16,17; virtual regrouping, not 61 executed two-group runs.",fraction of determinate windows; counts are windows
54,primary,,16,21,499,0,0.0420841683366733,S0579,"**ZERO GPU**, from probe traces on disk; nothing submitted or ingested | cru1 layerwise seeds 15,16,17; virtual regrouping, not 61 executed two-group runs.",fraction of determinate windows; counts are windows
54,primary,,17,17,499,0,0.0340681362725451,S0580,"**ZERO GPU**, from probe traces on disk; nothing submitted or ingested | cru1 layerwise seeds 15,16,17; virtual regrouping, not 61 executed two-group runs.",fraction of determinate windows; counts are windows
54,numel_control,,15,141,496,3,0.284274193548387,S0578,"**ZERO GPU**, from probe traces on disk; nothing submitted or ingested | cru1 layerwise seeds 15,16,17; virtual regrouping, not 61 executed two-group runs.",fraction of determinate windows; counts are windows
54,numel_control,,16,138,498,1,0.27710843373494,S0579,"**ZERO GPU**, from probe traces on disk; nothing submitted or ingested | cru1 layerwise seeds 15,16,17; virtual regrouping, not 61 executed two-group runs.",fraction of determinate windows; counts are windows
54,numel_control,,17,140,498,1,0.281124497991968,S0580,"**ZERO GPU**, from probe traces on disk; nothing submitted or ingested | cru1 layerwise seeds 15,16,17; virtual regrouping, not 61 executed two-group runs.",fraction of determinate windows; counts are windows
55,primary,0.0138611051996879,15,27,499,0,0.0541082164328657,S0578,"**ZERO GPU**, from probe traces on disk; nothing submitted or ingested | cru1 layerwise seeds 15,16,17; virtual regrouping, not 61 executed two-group runs.",fraction of determinate windows; counts are windows
55,primary,0.0138611051996879,16,22,499,0,0.0440881763527054,S0579,"**ZERO GPU**, from probe traces on disk; nothing submitted or ingested | cru1 layerwise seeds 15,16,17; virtual regrouping, not 61 executed two-group runs.",fraction of determinate windows; counts are windows
55,primary,0.0138611051996879,17,17,499,0,0.0340681362725451,S0580,"**ZERO GPU**, from probe traces on disk; nothing submitted or ingested | cru1 layerwise seeds 15,16,17; virtual regrouping, not 61 executed two-group runs.",fraction of determinate windows; counts are windows
55,numel_control,0.0138611051996879,15,167,498,1,0.335341365461847,S0578,"**ZERO GPU**, from probe traces on disk; nothing submitted or ingested | cru1 layerwise seeds 15,16,17; virtual regrouping, not 61 executed two-group runs.",fraction of determinate windows; counts are windows
55,numel_control,0.0138611051996879,16,163,498,1,0.327309236947791,S0579,"**ZERO GPU**, from probe traces on disk; nothing submitted or ingested | cru1 layerwise seeds 15,16,17; virtual regrouping, not 61 executed two-group runs.",fraction of determinate windows; counts are windows
55,numel_control,0.0138611051996879,17,169,497,2,0.340040241448692,S0580,"**ZERO GPU**, from probe traces on disk; nothing submitted or ingested | cru1 layerwise seeds 15,16,17; virtual regrouping, not 61 executed two-group runs.",fraction of determinate windows; counts are windows
56,primary,,15,25,499,0,0.0501002004008016,S0578,"**ZERO GPU**, from probe traces on disk; nothing submitted or ingested | cru1 layerwise seeds 15,16,17; virtual regrouping, not 61 executed two-group runs.",fraction of determinate windows; counts are windows
56,primary,,16,20,499,0,0.0400801603206413,S0579,"**ZERO GPU**, from probe traces on disk; nothing submitted or ingested | cru1 layerwise seeds 15,16,17; virtual regrouping, not 61 executed two-group runs.",fraction of determinate windows; counts are windows
56,primary,,17,17,499,0,0.0340681362725451,S0580,"**ZERO GPU**, from probe traces on disk; nothing submitted or ingested | cru1 layerwise seeds 15,16,17; virtual regrouping, not 61 executed two-group runs.",fraction of determinate windows; counts are windows
56,numel_control,,15,167,498,1,0.335341365461847,S0578,"**ZERO GPU**, from probe traces on disk; nothing submitted or ingested | cru1 layerwise seeds 15,16,17; virtual regrouping, not 61 executed two-group runs.",fraction of determinate windows; counts are windows
56,numel_control,,16,163,498,1,0.327309236947791,S0579,"**ZERO GPU**, from probe traces on disk; nothing submitted or ingested | cru1 layerwise seeds 15,16,17; virtual regrouping, not 61 executed two-group runs.",fraction of determinate windows; counts are windows
56,numel_control,,17,169,498,1,0.339357429718876,S0580,"**ZERO GPU**, from probe traces on disk; nothing submitted or ingested | cru1 layerwise seeds 15,16,17; virtual regrouping, not 61 executed two-group runs.",fraction of determinate windows; counts are windows
57,primary,,15,25,499,0,0.0501002004008016,S0578,"**ZERO GPU**, from probe traces on disk; nothing submitted or ingested | cru1 layerwise seeds 15,16,17; virtual regrouping, not 61 executed two-group runs.",fraction of determinate windows; counts are windows
57,primary,,16,20,499,0,0.0400801603206413,S0579,"**ZERO GPU**, from probe traces on disk; nothing submitted or ingested | cru1 layerwise seeds 15,16,17; virtual regrouping, not 61 executed two-group runs.",fraction of determinate windows; counts are windows
57,primary,,17,17,499,0,0.0340681362725451,S0580,"**ZERO GPU**, from probe traces on disk; nothing submitted or ingested | cru1 layerwise seeds 15,16,17; virtual regrouping, not 61 executed two-group runs.",fraction of determinate windows; counts are windows
57,numel_control,,15,167,498,1,0.335341365461847,S0578,"**ZERO GPU**, from probe traces on disk; nothing submitted or ingested | cru1 layerwise seeds 15,16,17; virtual regrouping, not 61 executed two-group runs.",fraction of determinate windows; counts are windows
57,numel_control,,16,163,498,1,0.327309236947791,S0579,"**ZERO GPU**, from probe traces on disk; nothing submitted or ingested | cru1 layerwise seeds 15,16,17; virtual regrouping, not 61 executed two-group runs.",fraction of determinate windows; counts are windows
57,numel_control,,17,169,498,1,0.339357429718876,S0580,"**ZERO GPU**, from probe traces on disk; nothing submitted or ingested | cru1 layerwise seeds 15,16,17; virtual regrouping, not 61 executed two-group runs.",fraction of determinate windows; counts are windows
58,primary,,15,29,499,0,0.0581162324649299,S0578,"**ZERO GPU**, from probe traces on disk; nothing submitted or ingested | cru1 layerwise seeds 15,16,17; virtual regrouping, not 61 executed two-group runs.",fraction of determinate windows; counts are windows
58,primary,,16,28,499,0,0.0561122244488978,S0579,"**ZERO GPU**, from probe traces on disk; nothing submitted or ingested | cru1 layerwise seeds 15,16,17; virtual regrouping, not 61 executed two-group runs.",fraction of determinate windows; counts are windows
58,primary,,17,24,499,0,0.0480961923847695,S0580,"**ZERO GPU**, from probe traces on disk; nothing submitted or ingested | cru1 layerwise seeds 15,16,17; virtual regrouping, not 61 executed two-group runs.",fraction of determinate windows; counts are windows
58,numel_control,,15,181,499,0,0.362725450901804,S0578,"**ZERO GPU**, from probe traces on disk; nothing submitted or ingested | cru1 layerwise seeds 15,16,17; virtual regrouping, not 61 executed two-group runs.",fraction of determinate windows; counts are windows
58,numel_control,,16,175,499,0,0.350701402805611,S0579,"**ZERO GPU**, from probe traces on disk; nothing submitted or ingested | cru1 layerwise seeds 15,16,17; virtual regrouping, not 61 executed two-group runs.",fraction of determinate windows; counts are windows
58,numel_control,,17,187,497,2,0.37625754527163,S0580,"**ZERO GPU**, from probe traces on disk; nothing submitted or ingested | cru1 layerwise seeds 15,16,17; virtual regrouping, not 61 executed two-group runs.",fraction of determinate windows; counts are windows
59,primary,,15,25,499,0,0.0501002004008016,S0578,"**ZERO GPU**, from probe traces on disk; nothing submitted or ingested | cru1 layerwise seeds 15,16,17; virtual regrouping, not 61 executed two-group runs.",fraction of determinate windows; counts are windows
59,primary,,16,23,499,0,0.0460921843687375,S0579,"**ZERO GPU**, from probe traces on disk; nothing submitted or ingested | cru1 layerwise seeds 15,16,17; virtual regrouping, not 61 executed two-group runs.",fraction of determinate windows; counts are windows
59,primary,,17,21,499,0,0.0420841683366733,S0580,"**ZERO GPU**, from probe traces on disk; nothing submitted or ingested | cru1 layerwise seeds 15,16,17; virtual regrouping, not 61 executed two-group runs.",fraction of determinate windows; counts are windows
59,numel_control,,15,181,499,0,0.362725450901804,S0578,"**ZERO GPU**, from probe traces on disk; nothing submitted or ingested | cru1 layerwise seeds 15,16,17; virtual regrouping, not 61 executed two-group runs.",fraction of determinate windows; counts are windows
59,numel_control,,16,175,499,0,0.350701402805611,S0579,"**ZERO GPU**, from probe traces on disk; nothing submitted or ingested | cru1 layerwise seeds 15,16,17; virtual regrouping, not 61 executed two-group runs.",fraction of determinate windows; counts are windows
59,numel_control,,17,187,497,2,0.37625754527163,S0580,"**ZERO GPU**, from probe traces on disk; nothing submitted or ingested | cru1 layerwise seeds 15,16,17; virtual regrouping, not 61 executed two-group runs.",fraction of determinate windows; counts are windows
60,primary,0.0425196850393701,15,25,499,0,0.0501002004008016,S0578,"**ZERO GPU**, from probe traces on disk; nothing submitted or ingested | cru1 layerwise seeds 15,16,17; virtual regrouping, not 61 executed two-group runs.",fraction of determinate windows; counts are windows
60,primary,0.0425196850393701,16,23,499,0,0.0460921843687375,S0579,"**ZERO GPU**, from probe traces on disk; nothing submitted or ingested | cru1 layerwise seeds 15,16,17; virtual regrouping, not 61 executed two-group runs.",fraction of determinate windows; counts are windows
60,primary,0.0425196850393701,17,21,499,0,0.0420841683366733,S0580,"**ZERO GPU**, from probe traces on disk; nothing submitted or ingested | cru1 layerwise seeds 15,16,17; virtual regrouping, not 61 executed two-group runs.",fraction of determinate windows; counts are windows
60,numel_control,0.0425196850393701,15,181,499,0,0.362725450901804,S0578,"**ZERO GPU**, from probe traces on disk; nothing submitted or ingested | cru1 layerwise seeds 15,16,17; virtual regrouping, not 61 executed two-group runs.",fraction of determinate windows; counts are windows
60,numel_control,0.0425196850393701,16,175,499,0,0.350701402805611,S0579,"**ZERO GPU**, from probe traces on disk; nothing submitted or ingested | cru1 layerwise seeds 15,16,17; virtual regrouping, not 61 executed two-group runs.",fraction of determinate windows; counts are windows
60,numel_control,0.0425196850393701,17,187,497,2,0.37625754527163,S0580,"**ZERO GPU**, from probe traces on disk; nothing submitted or ingested | cru1 layerwise seeds 15,16,17; virtual regrouping, not 61 executed two-group runs.",fraction of determinate windows; counts are windows
61,primary,,15,170,482,17,0.352697095435685,S0578,"**ZERO GPU**, from probe traces on disk; nothing submitted or ingested | cru1 layerwise seeds 15,16,17; virtual regrouping, not 61 executed two-group runs.",fraction of determinate windows; counts are windows
61,primary,,16,172,488,11,0.352459016393443,S0579,"**ZERO GPU**, from probe traces on disk; nothing submitted or ingested | cru1 layerwise seeds 15,16,17; virtual regrouping, not 61 executed two-group runs.",fraction of determinate windows; counts are windows
61,primary,,17,156,472,27,0.330508474576271,S0580,"**ZERO GPU**, from probe traces on disk; nothing submitted or ingested | cru1 layerwise seeds 15,16,17; virtual regrouping, not 61 executed two-group runs.",fraction of determinate windows; counts are windows
61,numel_control,,15,178,482,17,0.369294605809129,S0578,"**ZERO GPU**, from probe traces on disk; nothing submitted or ingested | cru1 layerwise seeds 15,16,17; virtual regrouping, not 61 executed two-group runs.",fraction of determinate windows; counts are windows
61,numel_control,,16,168,486,13,0.345679012345679,S0579,"**ZERO GPU**, from probe traces on disk; nothing submitted or ingested | cru1 layerwise seeds 15,16,17; virtual regrouping, not 61 executed two-group runs.",fraction of determinate windows; counts are windows
61,numel_control,,17,166,471,28,0.35244161358811,S0580,"**ZERO GPU**, from probe traces on disk; nothing submitted or ingested | cru1 layerwise seeds 15,16,17; virtual regrouping, not 61 executed two-group runs.",fraction of determinate windows; counts are windows
