collection,panel_id,panel_title,entry_ids,metric,units,scope,notes,evidence_level,panel_source_ids,evidence_file,evidence_json_pointer,dataset_id,filename,role,row_count,column_count,sha256
mechanism,head_ablation,The head split does not explain the gap,MT137,"TEST plateau5, percent accuracy",test accuracy percent; differences and SD/SE in percentage points,"`hb1`, 18 runs, CIFAR-100/`ResNet18_c100`, 100 ep, ONE batch","Three seeds per arm, same100-epoch batch. | Head specificity=head capture−max(stem,midpoint) capture.",raw epoch reconstruction,S0019 | S0020 | S0021,publication-workspace/work/full_mechanism_evidence.json,/panels/head_ablation/rows,mechanism.head_ablation.arm_summary,mechanism__head_ablation__arm_summary.csv,arm_summary,6,42,6cb7817ae657041ea4db3d5256b9258168da5cbfb4f2a431249bbc9675c5e487
mechanism,head_ablation,The head split does not explain the gap,MT137,"TEST plateau5, percent accuracy",test accuracy percent; differences and SD/SE in percentage points,"`hb1`, 18 runs, CIFAR-100/`ResNet18_c100`, 100 ep, ONE batch | Each row is one run's registered five-epoch mean; sample count across runs appears in arm_summary.","Three seeds per arm, same100-epoch batch. | Head specificity=head capture−max(stem,midpoint) capture.",raw epoch reconstruction,S0019 | S0020 | S0021,publication-workspace/work/full_mechanism_evidence.json,/panels/head_ablation/rows,mechanism.head_ablation.per_seed,mechanism__head_ablation__per_seed.csv,per_seed,18,34,647fa17b694a640ffea18b3b69671c9f254abe20deceb02c74092a13021ae5c4
mechanism,head_ablation,The head split does not explain the gap,MT137,Raw per-epoch test and train accuracy,accuracy percent; epoch is the raw zero-based epoch index,"`hb1`, 18 runs, CIFAR-100/`ResNet18_c100`, 100 ep, ONE batch | Full available curve retained; registered_horizon and in_registered_plateau5_window identify the primary endpoint. Epoch observations are not independent seeds.","Three seeds per arm, same100-epoch batch. | Head specificity=head capture−max(stem,midpoint) capture.",raw epoch reconstruction,S0019 | S0020 | S0021,publication-workspace/work/full_mechanism_evidence.json,/panels/head_ablation; /batches/*/runs,mechanism.head_ablation.epoch_curves,mechanism__head_ablation__epoch_curves.csv,epoch_curves,1800,13,e01d732665e749064dfd17cd386d41faa31a06c303cdbe1a8b61047d54d7f455
mechanism,count_and_tensor_balance,"Count, balance, and mirror controls",MT139,"TEST plateau5, percent accuracy",test accuracy percent; differences and SD/SE in percentage points,"`cbl1`, 33 runs, CIFAR-100/`ResNet18_c100`, `ms=1e-3`, `alpha0=1e-6`, 100 ep, ONE batch","Tensor-count entropy is not parameter-mass balance. | Mirror [17,45]/[45,17] has identical entropy but differs by16.5393pp. | These data do not establish that position dominates group count.",raw epoch reconstruction,S0055 | S0056 | S0057,publication-workspace/work/full_mechanism_evidence.json,/panels/count_and_tensor_balance/rows,mechanism.count_and_tensor_balance.arm_summary,mechanism__count_and_tensor_balance__arm_summary.csv,arm_summary,11,42,7571027be73dfff1727f980c4e42bea646b113f6d854886183e3f474e1bf1d2c
mechanism,count_and_tensor_balance,"Count, balance, and mirror controls",MT139,"TEST plateau5, percent accuracy",test accuracy percent; differences and SD/SE in percentage points,"`cbl1`, 33 runs, CIFAR-100/`ResNet18_c100`, `ms=1e-3`, `alpha0=1e-6`, 100 ep, ONE batch | Each row is one run's registered five-epoch mean; sample count across runs appears in arm_summary.","Tensor-count entropy is not parameter-mass balance. | Mirror [17,45]/[45,17] has identical entropy but differs by16.5393pp. | These data do not establish that position dominates group count.",raw epoch reconstruction,S0055 | S0056 | S0057,publication-workspace/work/full_mechanism_evidence.json,/panels/count_and_tensor_balance/rows,mechanism.count_and_tensor_balance.per_seed,mechanism__count_and_tensor_balance__per_seed.csv,per_seed,33,34,1b1a6e67d978f2ba7bd1d8b0695674ea940e48d9f408717dafe3ad3c9c11ac6d
mechanism,count_and_tensor_balance,"Count, balance, and mirror controls",MT139,Raw per-epoch test and train accuracy,accuracy percent; epoch is the raw zero-based epoch index,"`cbl1`, 33 runs, CIFAR-100/`ResNet18_c100`, `ms=1e-3`, `alpha0=1e-6`, 100 ep, ONE batch | Full available curve retained; registered_horizon and in_registered_plateau5_window identify the primary endpoint. Epoch observations are not independent seeds.","Tensor-count entropy is not parameter-mass balance. | Mirror [17,45]/[45,17] has identical entropy but differs by16.5393pp. | These data do not establish that position dominates group count.",raw epoch reconstruction,S0055 | S0056 | S0057,publication-workspace/work/full_mechanism_evidence.json,/panels/count_and_tensor_balance; /batches/*/runs,mechanism.count_and_tensor_balance.epoch_curves,mechanism__count_and_tensor_balance__epoch_curves.csv,epoch_curves,3300,13,7942b659ff63dbf2aea0c7f8a264c54a8dc6bc48000ce793cf0abf066c8a3889
mechanism,count_and_tensor_balance,"Count, balance, and mirror controls",MT139,Number of parameter tensors assigned to each group,tensors,"`cbl1`, 33 runs, CIFAR-100/`ResNet18_c100`, `ms=1e-3`, `alpha0=1e-6`, 100 ep, ONE batch | Tensor counts are distinct from parameter-coordinate mass.","Tensor-count entropy is not parameter-mass balance. | Mirror [17,45]/[45,17] has identical entropy but differs by16.5393pp. | These data do not establish that position dominates group count.",raw epoch reconstruction,S0055 | S0056 | S0057,publication-workspace/work/full_mechanism_evidence.json,/panels/count_and_tensor_balance/rows/*/tensor_group_sizes,mechanism.count_and_tensor_balance.tensor_groups,mechanism__count_and_tensor_balance__tensor_groups.csv,tensor_groups,133,8,8dd5cdb6cdc6ee288a2d30211c5c84d57416aae4a0682ca09a8ba1c85a69f388
mechanism,count_and_tensor_balance,"Count, balance, and mirror controls",MT139,Minuend minus subtrahend TEST plateau5,percentage points,"`cbl1`, 33 runs, CIFAR-100/`ResNet18_c100`, `ms=1e-3`, `alpha0=1e-6`, 100 ep, ONE batch | Descriptive unpaired SE and paired seed SD/SE are separate; neither substitutes for a registered pooled/prior scoring bar.","Tensor-count entropy is not parameter-mass balance. | Mirror [17,45]/[45,17] has identical entropy but differs by16.5393pp. | These data do not establish that position dominates group count.",raw epoch reconstruction,S0055 | S0056 | S0057,publication-workspace/work/full_mechanism_evidence.json,/panels/count_and_tensor_balance/contrasts,mechanism.count_and_tensor_balance.contrasts,mechanism__count_and_tensor_balance__contrasts.csv,contrasts,1,16,4fdfa974548229f801e8a4da67eb0d85125e9b7edfeb4ec4f43a4dbf5aa0aafc
mechanism,count_and_tensor_balance,"Count, balance, and mirror controls",MT139,Paired-seed difference in TEST plateau5,percentage points,"`cbl1`, 33 runs, CIFAR-100/`ResNet18_c100`, `ms=1e-3`, `alpha0=1e-6`, 100 ep, ONE batch","Tensor-count entropy is not parameter-mass balance. | Mirror [17,45]/[45,17] has identical entropy but differs by16.5393pp. | These data do not establish that position dominates group count.",raw epoch reconstruction,S0055 | S0056 | S0057,publication-workspace/work/full_mechanism_evidence.json,/panels/count_and_tensor_balance/contrasts,mechanism.count_and_tensor_balance.paired_seed_contrasts,mechanism__count_and_tensor_balance__paired_seed_contrasts.csv,paired_seed_contrasts,3,10,97f36d0c90d97725aeb170b7afec6e1c360d1e9bc045d8e7cefc91bff850857d
mechanism,imagenet489,ImageNet-489: gap and count ladder,MT140 | MT151,"TEST plateau5, percent accuracy",test accuracy percent; differences and SD/SE in percentage points,"`in489g1`, 12 runs, ImageNet-489 | `in489g2`, 14 runs, ImageNet-489","in489g1 primary is COMMON80epochs (three seeds); in489g2 is84epochs(two seeds). | Do not combine their means or uncertainty. | 489classes, not1000; use batch-specific anchors for capture. | in489g1 scalar/block arms fail the5% learned-floor gate: BLOCK/GRAN unresolved.",raw epoch reconstruction,S0084 | S0085 | S0086 | S0087 | S0088 | S0089,publication-workspace/work/full_mechanism_evidence.json,/panels/imagenet489/rows,mechanism.imagenet489.arm_summary,mechanism__imagenet489__arm_summary.csv,arm_summary,11,42,8ba58963001ff300dc8beee94bac6f7e318095233d283080b4805424dcb84a3f
mechanism,imagenet489,ImageNet-489: gap and count ladder,MT140 | MT151,"TEST plateau5, percent accuracy",test accuracy percent; differences and SD/SE in percentage points,"`in489g1`, 12 runs, ImageNet-489 | `in489g2`, 14 runs, ImageNet-489 | Each row is one run's registered five-epoch mean; sample count across runs appears in arm_summary.","in489g1 primary is COMMON80epochs (three seeds); in489g2 is84epochs(two seeds). | Do not combine their means or uncertainty. | 489classes, not1000; use batch-specific anchors for capture. | in489g1 scalar/block arms fail the5% learned-floor gate: BLOCK/GRAN unresolved.",raw epoch reconstruction,S0084 | S0085 | S0086 | S0087 | S0088 | S0089,publication-workspace/work/full_mechanism_evidence.json,/panels/imagenet489/rows,mechanism.imagenet489.per_seed,mechanism__imagenet489__per_seed.csv,per_seed,26,34,247b40dfcea7e0622ed8aa0b70c79cbe17b9e454d4712acd5645452afe1b8758
mechanism,imagenet489,ImageNet-489: gap and count ladder,MT140 | MT151,Raw per-epoch test and train accuracy,accuracy percent; epoch is the raw zero-based epoch index,"`in489g1`, 12 runs, ImageNet-489 | `in489g2`, 14 runs, ImageNet-489 | Full available curve retained; registered_horizon and in_registered_plateau5_window identify the primary endpoint. Epoch observations are not independent seeds.","in489g1 primary is COMMON80epochs (three seeds); in489g2 is84epochs(two seeds). | Do not combine their means or uncertainty. | 489classes, not1000; use batch-specific anchors for capture. | in489g1 scalar/block arms fail the5% learned-floor gate: BLOCK/GRAN unresolved.",raw epoch reconstruction,S0084 | S0085 | S0086 | S0087 | S0088 | S0089,publication-workspace/work/full_mechanism_evidence.json,/panels/imagenet489; /batches/*/runs,mechanism.imagenet489.epoch_curves,mechanism__imagenet489__epoch_curves.csv,epoch_curves,2174,13,1933ec106864b36b95ad95aa644994137f44e3f7bfe19040295e30ce4bf5bf32
mechanism,tinyimagenet,Tiny-ImageNet dataset replication,MT136,"TEST plateau5, percent accuracy",test accuracy percent; differences and SD/SE in percentage points,"`tn1`, 12 runs, 100 ep",c10lay is a CIFAR-10 harness control; show separately from Tiny-ImageNet arms.,raw epoch reconstruction,S0102 | S0103 | S0104,publication-workspace/work/full_mechanism_evidence.json,/panels/tinyimagenet/rows,mechanism.tinyimagenet.arm_summary,mechanism__tinyimagenet__arm_summary.csv,arm_summary,4,42,08ed3d4b9dced3342b667b09028c2cecd973d573e460b7ef5e16140c1c2d69dc
mechanism,tinyimagenet,Tiny-ImageNet dataset replication,MT136,"TEST plateau5, percent accuracy",test accuracy percent; differences and SD/SE in percentage points,"`tn1`, 12 runs, 100 ep | Each row is one run's registered five-epoch mean; sample count across runs appears in arm_summary.",c10lay is a CIFAR-10 harness control; show separately from Tiny-ImageNet arms.,raw epoch reconstruction,S0102 | S0103 | S0104,publication-workspace/work/full_mechanism_evidence.json,/panels/tinyimagenet/rows,mechanism.tinyimagenet.per_seed,mechanism__tinyimagenet__per_seed.csv,per_seed,12,34,1f6782d6e362072df920babd64f38d9e86561d4bc8bb33b7d9cf4e3b8401c769
mechanism,tinyimagenet,Tiny-ImageNet dataset replication,MT136,Raw per-epoch test and train accuracy,accuracy percent; epoch is the raw zero-based epoch index,"`tn1`, 12 runs, 100 ep | Full available curve retained; registered_horizon and in_registered_plateau5_window identify the primary endpoint. Epoch observations are not independent seeds.",c10lay is a CIFAR-10 harness control; show separately from Tiny-ImageNet arms.,raw epoch reconstruction,S0102 | S0103 | S0104,publication-workspace/work/full_mechanism_evidence.json,/panels/tinyimagenet; /batches/*/runs,mechanism.tinyimagenet.epoch_curves,mechanism__tinyimagenet__epoch_curves.csv,epoch_curves,1200,13,28bb30daccafdcb608c5a49012ca43263403b70411830066869db220938048e2
mechanism,tinyimagenet,Tiny-ImageNet dataset replication,MT136,Minuend minus subtrahend TEST plateau5,percentage points,"`tn1`, 12 runs, 100 ep | Descriptive unpaired SE and paired seed SD/SE are separate; neither substitutes for a registered pooled/prior scoring bar.",c10lay is a CIFAR-10 harness control; show separately from Tiny-ImageNet arms.,raw epoch reconstruction,S0102 | S0103 | S0104,publication-workspace/work/full_mechanism_evidence.json,/panels/tinyimagenet/contrasts,mechanism.tinyimagenet.contrasts,mechanism__tinyimagenet__contrasts.csv,contrasts,1,16,c949fc2da1faf4ce9f88345cf6459367c7b400db550fb6b5d4b9682017d347c7
mechanism,tinyimagenet,Tiny-ImageNet dataset replication,MT136,Paired-seed difference in TEST plateau5,percentage points,"`tn1`, 12 runs, 100 ep",c10lay is a CIFAR-10 harness control; show separately from Tiny-ImageNet arms.,raw epoch reconstruction,S0102 | S0103 | S0104,publication-workspace/work/full_mechanism_evidence.json,/panels/tinyimagenet/contrasts,mechanism.tinyimagenet.paired_seed_contrasts,mechanism__tinyimagenet__paired_seed_contrasts.csv,paired_seed_contrasts,3,10,f26007553b13170a22bb0d93db0343bc8ac1ce69b1ac6d5bc6e71b37e3863133
mechanism,r_rescaling_control,Tuning meta stepsize does not erase r benefit,MT132,"TEST plateau5, percent accuracy",test accuracy percent; differences and SD/SE in percentage points,"`g4m`, 72 runs, 100 ep, ONE batch","All four r levels share the same six-point meta-stepsize grid. | Use the winning rung within each r only with its full tuning grid visible. | r=0 is scalar-like within the additive operator, not the scalar optimizer.",raw epoch reconstruction,S0177 | S0103 | S0178,publication-workspace/work/full_mechanism_evidence.json,/panels/r_rescaling_control/rows,mechanism.r_rescaling_control.arm_summary,mechanism__r_rescaling_control__arm_summary.csv,arm_summary,24,42,ad0ccf11e4b2d08f34503002d1079afa986a82380bd2864e123a7164678c537f
mechanism,r_rescaling_control,Tuning meta stepsize does not erase r benefit,MT132,"TEST plateau5, percent accuracy",test accuracy percent; differences and SD/SE in percentage points,"`g4m`, 72 runs, 100 ep, ONE batch | Each row is one run's registered five-epoch mean; sample count across runs appears in arm_summary.","All four r levels share the same six-point meta-stepsize grid. | Use the winning rung within each r only with its full tuning grid visible. | r=0 is scalar-like within the additive operator, not the scalar optimizer.",raw epoch reconstruction,S0177 | S0103 | S0178,publication-workspace/work/full_mechanism_evidence.json,/panels/r_rescaling_control/rows,mechanism.r_rescaling_control.per_seed,mechanism__r_rescaling_control__per_seed.csv,per_seed,72,34,afac4ab224b9b8d4a9255f4e886b3153d26286d6dfd9f88fa1c11ed9b597f49f
mechanism,r_rescaling_control,Tuning meta stepsize does not erase r benefit,MT132,Raw per-epoch test and train accuracy,accuracy percent; epoch is the raw zero-based epoch index,"`g4m`, 72 runs, 100 ep, ONE batch | Full available curve retained; registered_horizon and in_registered_plateau5_window identify the primary endpoint. Epoch observations are not independent seeds.","All four r levels share the same six-point meta-stepsize grid. | Use the winning rung within each r only with its full tuning grid visible. | r=0 is scalar-like within the additive operator, not the scalar optimizer.",raw epoch reconstruction,S0177 | S0103 | S0178,publication-workspace/work/full_mechanism_evidence.json,/panels/r_rescaling_control; /batches/*/runs,mechanism.r_rescaling_control.epoch_curves,mechanism__r_rescaling_control__epoch_curves.csv,epoch_curves,7200,13,de5683fbe1112b1303b8670844ba164e9832f9bffa289df3134b693204c324c6
mechanism,two_level_shrinkage,Two-level shrinkage loses to plain layerwise,MT133,"TEST plateau5, percent accuracy",test accuracy percent; differences and SD/SE in percentage points,"`tl1`, 42 runs, 100 ep",Separate alpha0=1e-6 and1e-3; plain and scalar controls are explicitly distinct from r endpoints.,raw epoch reconstruction,S0221 | S0103 | S0222,publication-workspace/work/full_mechanism_evidence.json,/panels/two_level_shrinkage/rows,mechanism.two_level_shrinkage.arm_summary,mechanism__two_level_shrinkage__arm_summary.csv,arm_summary,14,42,bedbfe5ec9c7a37d39a5bf99fb0c9c5bc3982c86562b52e39a5755ae428cc410
mechanism,two_level_shrinkage,Two-level shrinkage loses to plain layerwise,MT133,"TEST plateau5, percent accuracy",test accuracy percent; differences and SD/SE in percentage points,"`tl1`, 42 runs, 100 ep | Each row is one run's registered five-epoch mean; sample count across runs appears in arm_summary.",Separate alpha0=1e-6 and1e-3; plain and scalar controls are explicitly distinct from r endpoints.,raw epoch reconstruction,S0221 | S0103 | S0222,publication-workspace/work/full_mechanism_evidence.json,/panels/two_level_shrinkage/rows,mechanism.two_level_shrinkage.per_seed,mechanism__two_level_shrinkage__per_seed.csv,per_seed,42,34,e60117743e5f9b2f98048660a6b3100bab01cd885fcc1490675248780361e236
mechanism,two_level_shrinkage,Two-level shrinkage loses to plain layerwise,MT133,Raw per-epoch test and train accuracy,accuracy percent; epoch is the raw zero-based epoch index,"`tl1`, 42 runs, 100 ep | Full available curve retained; registered_horizon and in_registered_plateau5_window identify the primary endpoint. Epoch observations are not independent seeds.",Separate alpha0=1e-6 and1e-3; plain and scalar controls are explicitly distinct from r endpoints.,raw epoch reconstruction,S0221 | S0103 | S0222,publication-workspace/work/full_mechanism_evidence.json,/panels/two_level_shrinkage; /batches/*/runs,mechanism.two_level_shrinkage.epoch_curves,mechanism__two_level_shrinkage__epoch_curves.csv,epoch_curves,4200,13,503f0fcdb3ddca77060b2781eeac5150bc74ac40ae282844d3dfabbf821f85b5
mechanism,empirical_bayes,Dial-free shrinkage misses its registered target,MT134,"TEST plateau5, percent accuracy",test accuracy percent; differences and SD/SE in percentage points,"`eb1`, 18 runs, 100 ep","Primary LIFT is ebjs−a1, not ebjs−lay. | ebjr changes the variance EWMA; ebjz is descriptive z-space shrinkage.",raw epoch reconstruction,S0241 | S0103 | S0242,publication-workspace/work/full_mechanism_evidence.json,/panels/empirical_bayes/rows,mechanism.empirical_bayes.arm_summary,mechanism__empirical_bayes__arm_summary.csv,arm_summary,6,42,00461e626404f17110533de6922f3236a65e19121f510d354f3051bfdaef00d8
mechanism,empirical_bayes,Dial-free shrinkage misses its registered target,MT134,"TEST plateau5, percent accuracy",test accuracy percent; differences and SD/SE in percentage points,"`eb1`, 18 runs, 100 ep | Each row is one run's registered five-epoch mean; sample count across runs appears in arm_summary.","Primary LIFT is ebjs−a1, not ebjs−lay. | ebjr changes the variance EWMA; ebjz is descriptive z-space shrinkage.",raw epoch reconstruction,S0241 | S0103 | S0242,publication-workspace/work/full_mechanism_evidence.json,/panels/empirical_bayes/rows,mechanism.empirical_bayes.per_seed,mechanism__empirical_bayes__per_seed.csv,per_seed,18,34,1bb43930a8aaf5629d177d9de9a0e57751482fd7b3e4b3579977210ec5600f0e
mechanism,empirical_bayes,Dial-free shrinkage misses its registered target,MT134,Raw per-epoch test and train accuracy,accuracy percent; epoch is the raw zero-based epoch index,"`eb1`, 18 runs, 100 ep | Full available curve retained; registered_horizon and in_registered_plateau5_window identify the primary endpoint. Epoch observations are not independent seeds.","Primary LIFT is ebjs−a1, not ebjs−lay. | ebjr changes the variance EWMA; ebjz is descriptive z-space shrinkage.",raw epoch reconstruction,S0241 | S0103 | S0242,publication-workspace/work/full_mechanism_evidence.json,/panels/empirical_bayes; /batches/*/runs,mechanism.empirical_bayes.epoch_curves,mechanism__empirical_bayes__epoch_curves.csv,epoch_curves,1800,13,7774d1647a982945bf953e356b16600eac145fd3b6aa1f851969104a873d8415
mechanism,empirical_bayes,Dial-free shrinkage misses its registered target,MT134,Minuend minus subtrahend TEST plateau5,percentage points,"`eb1`, 18 runs, 100 ep | Descriptive unpaired SE and paired seed SD/SE are separate; neither substitutes for a registered pooled/prior scoring bar.","Primary LIFT is ebjs−a1, not ebjs−lay. | ebjr changes the variance EWMA; ebjz is descriptive z-space shrinkage.",raw epoch reconstruction,S0241 | S0103 | S0242,publication-workspace/work/full_mechanism_evidence.json,/panels/empirical_bayes/contrasts,mechanism.empirical_bayes.contrasts,mechanism__empirical_bayes__contrasts.csv,contrasts,1,16,1bb95027e8333ca26f15935dd6c02bb7f554b2940bc2f2ebdaf32c996e9824d9
mechanism,empirical_bayes,Dial-free shrinkage misses its registered target,MT134,Paired-seed difference in TEST plateau5,percentage points,"`eb1`, 18 runs, 100 ep","Primary LIFT is ebjs−a1, not ebjs−lay. | ebjr changes the variance EWMA; ebjz is descriptive z-space shrinkage.",raw epoch reconstruction,S0241 | S0103 | S0242,publication-workspace/work/full_mechanism_evidence.json,/panels/empirical_bayes/contrasts,mechanism.empirical_bayes.paired_seed_contrasts,mechanism__empirical_bayes__paired_seed_contrasts.csv,paired_seed_contrasts,3,10,1e3d9a653b1407293eb3a61f899813600e8e5da6562a598f5bd2bf98998fccc8
mechanism,resnet50_r_ladder,ResNet-50 ladder remains unresolved,MT135,"TEST plateau5, percent accuracy",test accuracy percent; differences and SD/SE in percentage points,"`a2g3`, 36 runs, 100 ep, ResNet-50","Both alpha0 strata individually UNRESOLVED; combined SPLIT is not disagreement in individual verdicts. | Three seeds, six r levels per alpha0; all36runs reached100epochs.",raw epoch reconstruction,S0279 | S0103 | S0280,publication-workspace/work/full_mechanism_evidence.json,/panels/resnet50_r_ladder/rows,mechanism.resnet50_r_ladder.arm_summary,mechanism__resnet50_r_ladder__arm_summary.csv,arm_summary,12,42,d51504683d6e34743859f8f2f4d9bf406463309770784a3521223b73afbfbfe6
mechanism,resnet50_r_ladder,ResNet-50 ladder remains unresolved,MT135,"TEST plateau5, percent accuracy",test accuracy percent; differences and SD/SE in percentage points,"`a2g3`, 36 runs, 100 ep, ResNet-50 | Each row is one run's registered five-epoch mean; sample count across runs appears in arm_summary.","Both alpha0 strata individually UNRESOLVED; combined SPLIT is not disagreement in individual verdicts. | Three seeds, six r levels per alpha0; all36runs reached100epochs.",raw epoch reconstruction,S0279 | S0103 | S0280,publication-workspace/work/full_mechanism_evidence.json,/panels/resnet50_r_ladder/rows,mechanism.resnet50_r_ladder.per_seed,mechanism__resnet50_r_ladder__per_seed.csv,per_seed,36,34,c2dbd42941187461c955b28d832952fa3e5bbbbd6e10d64de6a0a6d55feb562e
mechanism,resnet50_r_ladder,ResNet-50 ladder remains unresolved,MT135,Raw per-epoch test and train accuracy,accuracy percent; epoch is the raw zero-based epoch index,"`a2g3`, 36 runs, 100 ep, ResNet-50 | Full available curve retained; registered_horizon and in_registered_plateau5_window identify the primary endpoint. Epoch observations are not independent seeds.","Both alpha0 strata individually UNRESOLVED; combined SPLIT is not disagreement in individual verdicts. | Three seeds, six r levels per alpha0; all36runs reached100epochs.",raw epoch reconstruction,S0279 | S0103 | S0280,publication-workspace/work/full_mechanism_evidence.json,/panels/resnet50_r_ladder; /batches/*/runs,mechanism.resnet50_r_ladder.epoch_curves,mechanism__resnet50_r_ladder__epoch_curves.csv,epoch_curves,3600,13,bbd85f4823810da20fc882c056dae72124828de76978315652cd3bcde2bb4ea5
mechanism,adam_lion_r_ladder,Meta-optimizer specificity: sampled result and open interval,MT138,"TEST plateau5, percent accuracy",test accuracy percent; differences and SD/SE in percentage points,"`lsm1`, 24 runs, 100 ep","Lion observed at0,.06,1; Adam at0,.03,.06,.2,1. Missing rungs must remain missing in plots. | No vanishing claim: Adam argmax=.03 neighbors unsampled(0,.03). | All24existingruns completed100epochs; proposed.01/.015extension is unregistered.",raw epoch reconstruction,S0305 | S0306 | S0307,publication-workspace/work/full_mechanism_evidence.json,/panels/adam_lion_r_ladder/rows,mechanism.adam_lion_r_ladder.arm_summary,mechanism__adam_lion_r_ladder__arm_summary.csv,arm_summary,8,42,1b2fa9f686ac06722b637d3f04e0bc692d49ebb2a916748f32b89f5bba59b53e
mechanism,adam_lion_r_ladder,Meta-optimizer specificity: sampled result and open interval,MT138,"TEST plateau5, percent accuracy",test accuracy percent; differences and SD/SE in percentage points,"`lsm1`, 24 runs, 100 ep | Each row is one run's registered five-epoch mean; sample count across runs appears in arm_summary.","Lion observed at0,.06,1; Adam at0,.03,.06,.2,1. Missing rungs must remain missing in plots. | No vanishing claim: Adam argmax=.03 neighbors unsampled(0,.03). | All24existingruns completed100epochs; proposed.01/.015extension is unregistered.",raw epoch reconstruction,S0305 | S0306 | S0307,publication-workspace/work/full_mechanism_evidence.json,/panels/adam_lion_r_ladder/rows,mechanism.adam_lion_r_ladder.per_seed,mechanism__adam_lion_r_ladder__per_seed.csv,per_seed,24,34,0aa5abc94c0e55f0f4a07089effef3a3a74b45eb8c540d8d1461cc4625e915a9
mechanism,adam_lion_r_ladder,Meta-optimizer specificity: sampled result and open interval,MT138,Raw per-epoch test and train accuracy,accuracy percent; epoch is the raw zero-based epoch index,"`lsm1`, 24 runs, 100 ep | Full available curve retained; registered_horizon and in_registered_plateau5_window identify the primary endpoint. Epoch observations are not independent seeds.","Lion observed at0,.06,1; Adam at0,.03,.06,.2,1. Missing rungs must remain missing in plots. | No vanishing claim: Adam argmax=.03 neighbors unsampled(0,.03). | All24existingruns completed100epochs; proposed.01/.015extension is unregistered.",raw epoch reconstruction,S0305 | S0306 | S0307,publication-workspace/work/full_mechanism_evidence.json,/panels/adam_lion_r_ladder; /batches/*/runs,mechanism.adam_lion_r_ladder.epoch_curves,mechanism__adam_lion_r_ladder__epoch_curves.csv,epoch_curves,2400,13,b1154f7c5eb274bc256fb4679b9ab3e3ac3d4e21575f1b97347ed7dd7c698f9c
mechanism,identity_order,Name-set permutation tests,MT152,"TEST plateau5, percent accuracy",test accuracy percent; differences and SD/SE in percentage points,"`cpr1`, 15 runs, 100 ep","Registered CLASS-OPERATIVE branch is arithmetically unreachable. | DS point agreement withdrawn; single-tensor additivity refuted. | These are100-epoch measurements on seeds9,10,11.",raw epoch reconstruction,S0323 | S0324 | S0325,publication-workspace/work/full_mechanism_evidence.json,/panels/identity_order/rows,mechanism.identity_order.arm_summary,mechanism__identity_order__arm_summary.csv,arm_summary,5,42,53f6d763bf9d8ddbe1f3dab839b9b2276c31fb09c856127509fedf2ca5d745e6
mechanism,identity_order,Name-set permutation tests,MT152,"TEST plateau5, percent accuracy",test accuracy percent; differences and SD/SE in percentage points,"`cpr1`, 15 runs, 100 ep | Each row is one run's registered five-epoch mean; sample count across runs appears in arm_summary.","Registered CLASS-OPERATIVE branch is arithmetically unreachable. | DS point agreement withdrawn; single-tensor additivity refuted. | These are100-epoch measurements on seeds9,10,11.",raw epoch reconstruction,S0323 | S0324 | S0325,publication-workspace/work/full_mechanism_evidence.json,/panels/identity_order/rows,mechanism.identity_order.per_seed,mechanism__identity_order__per_seed.csv,per_seed,15,34,86ac6c6991ae0b4ffcf013f7606aada5ff55a4248e8c05ad04846ee153594855
mechanism,identity_order,Name-set permutation tests,MT152,Raw per-epoch test and train accuracy,accuracy percent; epoch is the raw zero-based epoch index,"`cpr1`, 15 runs, 100 ep | Full available curve retained; registered_horizon and in_registered_plateau5_window identify the primary endpoint. Epoch observations are not independent seeds.","Registered CLASS-OPERATIVE branch is arithmetically unreachable. | DS point agreement withdrawn; single-tensor additivity refuted. | These are100-epoch measurements on seeds9,10,11.",raw epoch reconstruction,S0323 | S0324 | S0325,publication-workspace/work/full_mechanism_evidence.json,/panels/identity_order; /batches/*/runs,mechanism.identity_order.epoch_curves,mechanism__identity_order__epoch_curves.csv,epoch_curves,1500,13,d123ed737e8be4894a18abeff2c72966a7a2bf28686409ff95ee838c54e39303
mechanism,contiguity_mass,Coarse mass fails; contiguity remains confounded,MT153 | MT154,"TEST plateau5, percent accuracy",test accuracy percent; differences and SD/SE in percentage points,"`cpg1`, 15 runs, 100 ep | `CONV2` check, **ZERO GPU**, nothing scored or ingested; corpus 2,638","cpg1 kG and cpr1 kS both have3,956,288parameters in the coarse group. | That exact-mass comparison is CROSS-BATCH; show the batch labels. | CONTIGUITY-OPERATIVE remains observationally equivalent to a tensor-membership rival.",raw epoch reconstruction,S0341 | S0342 | S0343 | S0344 | S0345,publication-workspace/work/full_mechanism_evidence.json,/panels/contiguity_mass/rows,mechanism.contiguity_mass.arm_summary,mechanism__contiguity_mass__arm_summary.csv,arm_summary,6,42,7ab503a05a5b530de51a3db6ade67b755eb384cbb8685ad347721279df986ffd
mechanism,contiguity_mass,Coarse mass fails; contiguity remains confounded,MT153 | MT154,"TEST plateau5, percent accuracy",test accuracy percent; differences and SD/SE in percentage points,"`cpg1`, 15 runs, 100 ep | `CONV2` check, **ZERO GPU**, nothing scored or ingested; corpus 2,638 | Each row is one run's registered five-epoch mean; sample count across runs appears in arm_summary.","cpg1 kG and cpr1 kS both have3,956,288parameters in the coarse group. | That exact-mass comparison is CROSS-BATCH; show the batch labels. | CONTIGUITY-OPERATIVE remains observationally equivalent to a tensor-membership rival.",raw epoch reconstruction,S0341 | S0342 | S0343 | S0344 | S0345,publication-workspace/work/full_mechanism_evidence.json,/panels/contiguity_mass/rows,mechanism.contiguity_mass.per_seed,mechanism__contiguity_mass__per_seed.csv,per_seed,18,34,87c5346901d38b7ee8115108bf44d734a02c2f8fd4cf9bd3d6a95023c7cef986
mechanism,contiguity_mass,Coarse mass fails; contiguity remains confounded,MT153 | MT154,Raw per-epoch test and train accuracy,accuracy percent; epoch is the raw zero-based epoch index,"`cpg1`, 15 runs, 100 ep | `CONV2` check, **ZERO GPU**, nothing scored or ingested; corpus 2,638 | Full available curve retained; registered_horizon and in_registered_plateau5_window identify the primary endpoint. Epoch observations are not independent seeds.","cpg1 kG and cpr1 kS both have3,956,288parameters in the coarse group. | That exact-mass comparison is CROSS-BATCH; show the batch labels. | CONTIGUITY-OPERATIVE remains observationally equivalent to a tensor-membership rival.",raw epoch reconstruction,S0341 | S0342 | S0343 | S0344 | S0345,publication-workspace/work/full_mechanism_evidence.json,/panels/contiguity_mass; /batches/*/runs,mechanism.contiguity_mass.epoch_curves,mechanism__contiguity_mass__epoch_curves.csv,epoch_curves,1800,13,778182484ef25dee64d372ab549d519e8625b9ebcfb6d4af9b668aa837c314ef
mechanism,clamp_cliff,The k49/k50 cliff survives clamp release,MT143,"TEST plateau5, percent accuracy",test accuracy percent; differences and SD/SE in percentage points,"`cts2`, 12 runs, 100 ep","C:canonical clamp; R:released lower rail with the registered upper rail unchanged. | Cliff sizes k49−k50:25.1627pp clamped,24.7673pp released; interaction+.3953pp.",raw epoch reconstruction,S0358 | S0359 | S0360,publication-workspace/work/full_mechanism_evidence.json,/panels/clamp_cliff/rows,mechanism.clamp_cliff.arm_summary,mechanism__clamp_cliff__arm_summary.csv,arm_summary,4,42,cab9d7f99eab55efcecb1184568e49361134841f20b4b1b98c9e998a2eed1131
mechanism,clamp_cliff,The k49/k50 cliff survives clamp release,MT143,"TEST plateau5, percent accuracy",test accuracy percent; differences and SD/SE in percentage points,"`cts2`, 12 runs, 100 ep | Each row is one run's registered five-epoch mean; sample count across runs appears in arm_summary.","C:canonical clamp; R:released lower rail with the registered upper rail unchanged. | Cliff sizes k49−k50:25.1627pp clamped,24.7673pp released; interaction+.3953pp.",raw epoch reconstruction,S0358 | S0359 | S0360,publication-workspace/work/full_mechanism_evidence.json,/panels/clamp_cliff/rows,mechanism.clamp_cliff.per_seed,mechanism__clamp_cliff__per_seed.csv,per_seed,12,34,7f15c1a9bc0f6260fd95406c869d3a1d9d106f3a547a6d7a65b6eb4c1f3c203d
mechanism,clamp_cliff,The k49/k50 cliff survives clamp release,MT143,Raw per-epoch test and train accuracy,accuracy percent; epoch is the raw zero-based epoch index,"`cts2`, 12 runs, 100 ep | Full available curve retained; registered_horizon and in_registered_plateau5_window identify the primary endpoint. Epoch observations are not independent seeds.","C:canonical clamp; R:released lower rail with the registered upper rail unchanged. | Cliff sizes k49−k50:25.1627pp clamped,24.7673pp released; interaction+.3953pp.",raw epoch reconstruction,S0358 | S0359 | S0360,publication-workspace/work/full_mechanism_evidence.json,/panels/clamp_cliff; /batches/*/runs,mechanism.clamp_cliff.epoch_curves,mechanism__clamp_cliff__epoch_curves.csv,epoch_curves,1200,13,30b7045da9474a86d827eb6dfa33e6a33a9a879c53e998589bbd73c899b41dff
mechanism,legacy_clamp_controls,Why the old released controls did not settle the question,MT144,"TEST plateau5, percent accuracy",test accuracy percent; differences and SD/SE in percentage points,"`cN1`/`cN2`, **ZERO GPU**, 0 rows ingested (corpus unchanged at 2,501)","tc1 cells VOID-OCCUPANCY; fine arms still hit the lowered wall. | ub9 is augment0; contrast withPP/pp is cross-batch/account and moves both rails. | Use as an audit table, not a clean causal clamp estimate.",raw epoch reconstruction,S0400 | S0401 | S0402 | S0403 | S0404 | S0405,publication-workspace/work/full_mechanism_evidence.json,/panels/legacy_clamp_controls/rows,mechanism.legacy_clamp_controls.arm_summary,mechanism__legacy_clamp_controls__arm_summary.csv,arm_summary,15,42,97c41199576ff37293d2cf052869ec2ae6808e998583ece3fa1723109350d9ff
mechanism,legacy_clamp_controls,Why the old released controls did not settle the question,MT144,"TEST plateau5, percent accuracy",test accuracy percent; differences and SD/SE in percentage points,"`cN1`/`cN2`, **ZERO GPU**, 0 rows ingested (corpus unchanged at 2,501) | Each row is one run's registered five-epoch mean; sample count across runs appears in arm_summary.","tc1 cells VOID-OCCUPANCY; fine arms still hit the lowered wall. | ub9 is augment0; contrast withPP/pp is cross-batch/account and moves both rails. | Use as an audit table, not a clean causal clamp estimate.",raw epoch reconstruction,S0400 | S0401 | S0402 | S0403 | S0404 | S0405,publication-workspace/work/full_mechanism_evidence.json,/panels/legacy_clamp_controls/rows,mechanism.legacy_clamp_controls.per_seed,mechanism__legacy_clamp_controls__per_seed.csv,per_seed,39,34,7827f861a73015ae65e9b05acc25cd0283ec9c066c6abf380114232896222789
mechanism,legacy_clamp_controls,Why the old released controls did not settle the question,MT144,Raw per-epoch test and train accuracy,accuracy percent; epoch is the raw zero-based epoch index,"`cN1`/`cN2`, **ZERO GPU**, 0 rows ingested (corpus unchanged at 2,501) | Full available curve retained; registered_horizon and in_registered_plateau5_window identify the primary endpoint. Epoch observations are not independent seeds.","tc1 cells VOID-OCCUPANCY; fine arms still hit the lowered wall. | ub9 is augment0; contrast withPP/pp is cross-batch/account and moves both rails. | Use as an audit table, not a clean causal clamp estimate.",raw epoch reconstruction,S0400 | S0401 | S0402 | S0403 | S0404 | S0405,publication-workspace/work/full_mechanism_evidence.json,/panels/legacy_clamp_controls; /batches/*/runs,mechanism.legacy_clamp_controls.epoch_curves,mechanism__legacy_clamp_controls__epoch_curves.csv,epoch_curves,3900,13,867e9cd97bec208fdec0bde9ac5f334dee4e1a0c1032fe5dd5061f271c7eac7b
mechanism,later_floor_release,Later within-batch floor-release controls,MT144,"TEST plateau5, percent accuracy",test accuracy percent; differences and SD/SE in percentage points,"`cN1`/`cN2`, **ZERO GPU**, 0 rows ingested (corpus unchanged at 2,501)","CIFAR-10, alpha0=1e-3; cfr1 meta-stepsize1e-3, cfr2 meta-stepsize3e-4. | Only lower rail changes:-15→-80; upper rail stays-2.3026. | cfr1 DID+.0320pp; cfr2 DID−.3240pp. cfr2 constrains rather than eliminates clamp contribution.",raw epoch reconstruction,S0400 | S0401 | S0402 | S0403 | S0404 | S0405,publication-workspace/work/full_mechanism_evidence.json,/panels/later_floor_release/rows,mechanism.later_floor_release.arm_summary,mechanism__later_floor_release__arm_summary.csv,arm_summary,8,42,3953626b902faf83d5a04a05f00502583d8f5369ef63c1576892c439f421deef
mechanism,later_floor_release,Later within-batch floor-release controls,MT144,"TEST plateau5, percent accuracy",test accuracy percent; differences and SD/SE in percentage points,"`cN1`/`cN2`, **ZERO GPU**, 0 rows ingested (corpus unchanged at 2,501) | Each row is one run's registered five-epoch mean; sample count across runs appears in arm_summary.","CIFAR-10, alpha0=1e-3; cfr1 meta-stepsize1e-3, cfr2 meta-stepsize3e-4. | Only lower rail changes:-15→-80; upper rail stays-2.3026. | cfr1 DID+.0320pp; cfr2 DID−.3240pp. cfr2 constrains rather than eliminates clamp contribution.",raw epoch reconstruction,S0400 | S0401 | S0402 | S0403 | S0404 | S0405,publication-workspace/work/full_mechanism_evidence.json,/panels/later_floor_release/rows,mechanism.later_floor_release.per_seed,mechanism__later_floor_release__per_seed.csv,per_seed,24,34,d299ba51114bdce72abd3a2d20c1506453b5ed88d57829318339ded973cd3f90
mechanism,later_floor_release,Later within-batch floor-release controls,MT144,Raw per-epoch test and train accuracy,accuracy percent; epoch is the raw zero-based epoch index,"`cN1`/`cN2`, **ZERO GPU**, 0 rows ingested (corpus unchanged at 2,501) | Full available curve retained; registered_horizon and in_registered_plateau5_window identify the primary endpoint. Epoch observations are not independent seeds.","CIFAR-10, alpha0=1e-3; cfr1 meta-stepsize1e-3, cfr2 meta-stepsize3e-4. | Only lower rail changes:-15→-80; upper rail stays-2.3026. | cfr1 DID+.0320pp; cfr2 DID−.3240pp. cfr2 constrains rather than eliminates clamp contribution.",raw epoch reconstruction,S0400 | S0401 | S0402 | S0403 | S0404 | S0405,publication-workspace/work/full_mechanism_evidence.json,/panels/later_floor_release; /batches/*/runs,mechanism.later_floor_release.epoch_curves,mechanism__later_floor_release__epoch_curves.csv,epoch_curves,2400,13,9b7357978d6b24ad5d8a179bb7b435b48c738800c525d7a0912d241ce72f5e15
mechanism,reduction_composition,Per-tensor reweighting changes learning,MT156,"TEST plateau5, percent accuracy",test accuracy percent; differences and SD/SE in percentage points,"`crn1`, 18 runs, moved off `alice2` and re-submitted on `alice` with all 18 originals cancelled at **0 started, 0 rows**",tn: computes sum_i(z_i/numel_i) inside each group. It is a deliberate change of the estimator. | Only k49/k49n is a clean above-floor pair; k50n failure can amplify the apparent cliff.,raw epoch reconstruction,S0448 | S0449 | S0450,publication-workspace/work/full_mechanism_evidence.json,/panels/reduction_composition/rows,mechanism.reduction_composition.arm_summary,mechanism__reduction_composition__arm_summary.csv,arm_summary,6,42,4e39aa22e8e07b9ee3ceb7a07302ea3b7faaf817e532f51f2c0e9e8c078edc9f
mechanism,reduction_composition,Per-tensor reweighting changes learning,MT156,"TEST plateau5, percent accuracy",test accuracy percent; differences and SD/SE in percentage points,"`crn1`, 18 runs, moved off `alice2` and re-submitted on `alice` with all 18 originals cancelled at **0 started, 0 rows** | Each row is one run's registered five-epoch mean; sample count across runs appears in arm_summary.",tn: computes sum_i(z_i/numel_i) inside each group. It is a deliberate change of the estimator. | Only k49/k49n is a clean above-floor pair; k50n failure can amplify the apparent cliff.,raw epoch reconstruction,S0448 | S0449 | S0450,publication-workspace/work/full_mechanism_evidence.json,/panels/reduction_composition/rows,mechanism.reduction_composition.per_seed,mechanism__reduction_composition__per_seed.csv,per_seed,18,34,c283a2a6e39dd48048a801de1750f129cec316b29ddf54f578936799fcb244ff
mechanism,reduction_composition,Per-tensor reweighting changes learning,MT156,Raw per-epoch test and train accuracy,accuracy percent; epoch is the raw zero-based epoch index,"`crn1`, 18 runs, moved off `alice2` and re-submitted on `alice` with all 18 originals cancelled at **0 started, 0 rows** | Full available curve retained; registered_horizon and in_registered_plateau5_window identify the primary endpoint. Epoch observations are not independent seeds.",tn: computes sum_i(z_i/numel_i) inside each group. It is a deliberate change of the estimator. | Only k49/k49n is a clean above-floor pair; k50n failure can amplify the apparent cliff.,raw epoch reconstruction,S0448 | S0449 | S0450,publication-workspace/work/full_mechanism_evidence.json,/panels/reduction_composition; /batches/*/runs,mechanism.reduction_composition.epoch_curves,mechanism__reduction_composition__epoch_curves.csv,epoch_curves,1800,13,08d8eb0944828de53bfdf343ea3cbf4b718c8867a94c1baef0bb764c5b2b1789
mechanism,reduction_composition,Per-tensor reweighting changes learning,MT156,Minuend minus subtrahend TEST plateau5,percentage points,"`crn1`, 18 runs, moved off `alice2` and re-submitted on `alice` with all 18 originals cancelled at **0 started, 0 rows** | Descriptive unpaired SE and paired seed SD/SE are separate; neither substitutes for a registered pooled/prior scoring bar.",tn: computes sum_i(z_i/numel_i) inside each group. It is a deliberate change of the estimator. | Only k49/k49n is a clean above-floor pair; k50n failure can amplify the apparent cliff.,raw epoch reconstruction,S0448 | S0449 | S0450,publication-workspace/work/full_mechanism_evidence.json,/panels/reduction_composition/contrasts,mechanism.reduction_composition.contrasts,mechanism__reduction_composition__contrasts.csv,contrasts,1,16,39e6726c1b0e5ba255a7b592e7f0a0910bb244a41fb44a28c75b683cd8fc279a
mechanism,reduction_composition,Per-tensor reweighting changes learning,MT156,Paired-seed difference in TEST plateau5,percentage points,"`crn1`, 18 runs, moved off `alice2` and re-submitted on `alice` with all 18 originals cancelled at **0 started, 0 rows**",tn: computes sum_i(z_i/numel_i) inside each group. It is a deliberate change of the estimator. | Only k49/k49n is a clean above-floor pair; k50n failure can amplify the apparent cliff.,raw epoch reconstruction,S0448 | S0449 | S0450,publication-workspace/work/full_mechanism_evidence.json,/panels/reduction_composition/contrasts,mechanism.reduction_composition.paired_seed_contrasts,mechanism__reduction_composition__paired_seed_contrasts.csv,paired_seed_contrasts,3,10,4dff1ba736eb3630c789c30d2be82712cdbf1ed55987a1f711c5feda7becc544
mechanism,alpha0_confound,Matched alpha0 contrasts preserve ordering,MT149,"TEST plateau5, percent accuracy",test accuracy percent; differences and SD/SE in percentage points,"`cU1`, **ZERO GPU**, corpus unchanged at 2,573",Keep batches separate; c100 has2seeds/cell andc100b3. | Retrospective cU1 averages batch means equally; do not accidentally sample-weight2versus3. | cU1 TRAIN companion uses final_train; raw TRAIN plateau5 here is a separately labeled companion.,raw epoch reconstruction,S0481 | S0482 | S0483,publication-workspace/work/full_mechanism_evidence.json,/panels/alpha0_confound/rows,mechanism.alpha0_confound.arm_summary,mechanism__alpha0_confound__arm_summary.csv,arm_summary,12,42,bedb663190490d1ae0fec790bcf7233f128b1462c0aecf783860fff0fac1ef36
mechanism,alpha0_confound,Matched alpha0 contrasts preserve ordering,MT149,"TEST plateau5, percent accuracy",test accuracy percent; differences and SD/SE in percentage points,"`cU1`, **ZERO GPU**, corpus unchanged at 2,573 | Each row is one run's registered five-epoch mean; sample count across runs appears in arm_summary.",Keep batches separate; c100 has2seeds/cell andc100b3. | Retrospective cU1 averages batch means equally; do not accidentally sample-weight2versus3. | cU1 TRAIN companion uses final_train; raw TRAIN plateau5 here is a separately labeled companion.,raw epoch reconstruction,S0481 | S0482 | S0483,publication-workspace/work/full_mechanism_evidence.json,/panels/alpha0_confound/rows,mechanism.alpha0_confound.per_seed,mechanism__alpha0_confound__per_seed.csv,per_seed,30,34,301a0c8e0b3b55f397c60fa33bfbb6fbd2d72fb13ccc32541d8ade820aff228e
mechanism,alpha0_confound,Matched alpha0 contrasts preserve ordering,MT149,Raw per-epoch test and train accuracy,accuracy percent; epoch is the raw zero-based epoch index,"`cU1`, **ZERO GPU**, corpus unchanged at 2,573 | Full available curve retained; registered_horizon and in_registered_plateau5_window identify the primary endpoint. Epoch observations are not independent seeds.",Keep batches separate; c100 has2seeds/cell andc100b3. | Retrospective cU1 averages batch means equally; do not accidentally sample-weight2versus3. | cU1 TRAIN companion uses final_train; raw TRAIN plateau5 here is a separately labeled companion.,raw epoch reconstruction,S0481 | S0482 | S0483,publication-workspace/work/full_mechanism_evidence.json,/panels/alpha0_confound; /batches/*/runs,mechanism.alpha0_confound.epoch_curves,mechanism__alpha0_confound__epoch_curves.csv,epoch_curves,3000,13,67d971eb7b6d47cb351f7a6642dacf80324d7451bfbd7e79edd9b5ca46928773
mechanism,individual_meta_step_tuning,Granularity after individual meta-stepsize tuning,MT157 | MT158,"TEST plateau5, percent accuracy",test accuracy percent; differences and SD/SE in percentage points,"`cru1`, 60 runs, CIFAR-100/`ResNet18_c100`, 100 ep | `cms1`, **ZERO GPU**, corpus unchanged at 2,740","Separate alpha0 strata. At1e-3, own-tuned gap35.2907pp vs shared1e-3gap47.4607pp. | Atalpha0=1e-6, layerwise optimum is at the largest tested meta-stepsize; no closed optimum. | No F=frozen-beta mechanism claim: raw probes show movement.",raw epoch reconstruction,S0544 | S0545 | S0546 | S0547 | S0548 | S0549,publication-workspace/work/full_mechanism_evidence.json,/panels/individual_meta_step_tuning/rows,mechanism.individual_meta_step_tuning.arm_summary,mechanism__individual_meta_step_tuning__arm_summary.csv,arm_summary,20,42,de01318b12845e91bfdc83c1a8a3931cbeed2372a7db1f40002a1d1d3f76e0e0
mechanism,individual_meta_step_tuning,Granularity after individual meta-stepsize tuning,MT157 | MT158,"TEST plateau5, percent accuracy",test accuracy percent; differences and SD/SE in percentage points,"`cru1`, 60 runs, CIFAR-100/`ResNet18_c100`, 100 ep | `cms1`, **ZERO GPU**, corpus unchanged at 2,740 | Each row is one run's registered five-epoch mean; sample count across runs appears in arm_summary.","Separate alpha0 strata. At1e-3, own-tuned gap35.2907pp vs shared1e-3gap47.4607pp. | Atalpha0=1e-6, layerwise optimum is at the largest tested meta-stepsize; no closed optimum. | No F=frozen-beta mechanism claim: raw probes show movement.",raw epoch reconstruction,S0544 | S0545 | S0546 | S0547 | S0548 | S0549,publication-workspace/work/full_mechanism_evidence.json,/panels/individual_meta_step_tuning/rows,mechanism.individual_meta_step_tuning.per_seed,mechanism__individual_meta_step_tuning__per_seed.csv,per_seed,60,34,0114fef9b1577852fe6b71f49272c0d52b6f008a1a40591fb397b9920f0020af
mechanism,individual_meta_step_tuning,Granularity after individual meta-stepsize tuning,MT157 | MT158,Raw per-epoch test and train accuracy,accuracy percent; epoch is the raw zero-based epoch index,"`cru1`, 60 runs, CIFAR-100/`ResNet18_c100`, 100 ep | `cms1`, **ZERO GPU**, corpus unchanged at 2,740 | Full available curve retained; registered_horizon and in_registered_plateau5_window identify the primary endpoint. Epoch observations are not independent seeds.","Separate alpha0 strata. At1e-3, own-tuned gap35.2907pp vs shared1e-3gap47.4607pp. | Atalpha0=1e-6, layerwise optimum is at the largest tested meta-stepsize; no closed optimum. | No F=frozen-beta mechanism claim: raw probes show movement.",raw epoch reconstruction,S0544 | S0545 | S0546 | S0547 | S0548 | S0549,publication-workspace/work/full_mechanism_evidence.json,/panels/individual_meta_step_tuning; /batches/*/runs,mechanism.individual_meta_step_tuning.epoch_curves,mechanism__individual_meta_step_tuning__epoch_curves.csv,epoch_curves,6000,13,946024f601d91e3e982cd2df21d082a5c6702c52c4e17d4bc85cb096c363129f
mechanism,tuned_cifar100_denominator,Tuned SGD exceeds the tested MetaOptimize arm,MT155,"TEST plateau5, percent accuracy",test accuracy percent; differences and SD/SE in percentage points,"`cdn1`, 24 runs, CIFAR-100/`ResNet18_c100`, 100 ep (plus 200 ep), ONE batch so every contrast is WITHIN batch",Separate100- and200-epoch budgets. | cdn1 h2 at100 follows a200-epoch cosine schedule and is not the100-epochlr=.1control. | Frozen broken scorer cdn1 is succeeded by registeredcdn2.,raw epoch reconstruction,S0574 | S0575 | S0576 | S0577,publication-workspace/work/full_mechanism_evidence.json,/panels/tuned_cifar100_denominator/rows,mechanism.tuned_cifar100_denominator.arm_summary,mechanism__tuned_cifar100_denominator__arm_summary.csv,arm_summary,8,42,0a68f5a90b8a5171b685092dfa860ac1be3b9a0dcb8070c27b97e6de14111d93
mechanism,tuned_cifar100_denominator,Tuned SGD exceeds the tested MetaOptimize arm,MT155,"TEST plateau5, percent accuracy",test accuracy percent; differences and SD/SE in percentage points,"`cdn1`, 24 runs, CIFAR-100/`ResNet18_c100`, 100 ep (plus 200 ep), ONE batch so every contrast is WITHIN batch | Each row is one run's registered five-epoch mean; sample count across runs appears in arm_summary.",Separate100- and200-epoch budgets. | cdn1 h2 at100 follows a200-epoch cosine schedule and is not the100-epochlr=.1control. | Frozen broken scorer cdn1 is succeeded by registeredcdn2.,raw epoch reconstruction,S0574 | S0575 | S0576 | S0577,publication-workspace/work/full_mechanism_evidence.json,/panels/tuned_cifar100_denominator/rows,mechanism.tuned_cifar100_denominator.per_seed,mechanism__tuned_cifar100_denominator__per_seed.csv,per_seed,24,34,65871a5e386bca2f0815793ed153cfdad2c4d8c637d6b73a5ea27a1607ae9188
mechanism,tuned_cifar100_denominator,Tuned SGD exceeds the tested MetaOptimize arm,MT155,Raw per-epoch test and train accuracy,accuracy percent; epoch is the raw zero-based epoch index,"`cdn1`, 24 runs, CIFAR-100/`ResNet18_c100`, 100 ep (plus 200 ep), ONE batch so every contrast is WITHIN batch | Full available curve retained; registered_horizon and in_registered_plateau5_window identify the primary endpoint. Epoch observations are not independent seeds.",Separate100- and200-epoch budgets. | cdn1 h2 at100 follows a200-epoch cosine schedule and is not the100-epochlr=.1control. | Frozen broken scorer cdn1 is succeeded by registeredcdn2.,raw epoch reconstruction,S0574 | S0575 | S0576 | S0577,publication-workspace/work/full_mechanism_evidence.json,/panels/tuned_cifar100_denominator; /batches/*/runs,mechanism.tuned_cifar100_denominator.epoch_curves,mechanism__tuned_cifar100_denominator__epoch_curves.csv,epoch_curves,2700,13,85fe77ce7c3766730c546c94bfcaabc032af4831c95dec79afaf5c0373d2bf2e
mechanism,sign_disagreement,Disagreement does not locate the accuracy peak,MT159,Sign disagreement across reconstructed 100-meta-step windows,fraction of determinate windows; counts are windows,"**ZERO GPU**, from probe traces on disk; nothing submitted or ingested | seed_rate_stats uses sampleSD andSE across three per-seed window rates. Windows are not independent seeds. Pooled rate uses determinate-window counts and can differ from an unweighted seed mean. All k=1..61 are retained. Primary is the harness-faithful unweighted sum of per-tensor terms; numel_control additionally weights each tensor term by parameter count.","Rates are WINDOW rates, not per-step rates. | Virtual regrouping of layerwise dynamics is distinct from running eachm=2partition. | Do not claim global monotonicity; terminalk61rebounds. | SEEDS-DISAGREE means seeds disagree with the predicted location. | The retrospective primary at its original registration uses onlycru1seeds15–17. Do not silently add laterctd1/ciso1probes when reproducing the historical claim.",independent raw reconstruction from retrieved historical cru1 layerwise probes; no scorer imported or executed,S0581 | S0582 | S0583 | S0584,publication-workspace/work/full_mechanism_evidence.json,/panels/sign_disagreement/full_curve,mechanism.sign_disagreement.full_61_cut_curve,mechanism__sign_disagreement__full_61_cut_curve.csv,full_61_cut_curve,122,16,033f7aab301b17dbf7d8984a201d41b02740654e70c0e11d55940a8e5c2cdcfe
mechanism,sign_disagreement,Disagreement does not locate the accuracy peak,MT159,Per-seed sign-disagreement window rate,fraction of determinate windows; counts are windows,"**ZERO GPU**, from probe traces on disk; nothing submitted or ingested | cru1 layerwise seeds 15,16,17; virtual regrouping, not 61 executed two-group runs.","Rates are WINDOW rates, not per-step rates. | Virtual regrouping of layerwise dynamics is distinct from running eachm=2partition. | Do not claim global monotonicity; terminalk61rebounds. | SEEDS-DISAGREE means seeds disagree with the predicted location. | The retrospective primary at its original registration uses onlycru1seeds15–17. Do not silently add laterctd1/ciso1probes when reproducing the historical claim.",independent raw reconstruction from retrieved historical cru1 layerwise probes; no scorer imported or executed,S0581 | S0582 | S0583 | S0584,publication-workspace/work/full_mechanism_evidence.json,/panels/sign_disagreement/full_curve/*/*/per_seed,mechanism.sign_disagreement.full_61_cut_per_seed,mechanism__sign_disagreement__full_61_cut_per_seed.csv,full_61_cut_per_seed,366,11,0902afc48a19d2453d14083fb0b84c77221860fd66d88fac6ac383c40bc3263f
mechanism,sign_disagreement,Disagreement does not locate the accuracy peak,MT159,Rounded historical primary window-disagreement table,fraction,"**ZERO GPU**, from probe traces on disk; nothing submitted or ingested | Historical rounded values retained for comparison with the full raw reconstruction. Blank SD/SE were not reported.","Rates are WINDOW rates, not per-step rates. | Virtual regrouping of layerwise dynamics is distinct from running eachm=2partition. | Do not claim global monotonicity; terminalk61rebounds. | SEEDS-DISAGREE means seeds disagree with the predicted location. | The retrospective primary at its original registration uses onlycru1seeds15–17. Do not silently add laterctd1/ciso1probes when reproducing the historical claim.",independent raw reconstruction from retrieved historical cru1 layerwise probes; no scorer imported or executed,S0581 | S0582 | S0583 | S0584,publication-workspace/work/full_mechanism_evidence.json,/panels/sign_disagreement/documented_rows,mechanism.sign_disagreement.documented_11_cut_values,mechanism__sign_disagreement__documented_11_cut_values.csv,documented_11_cut_values,11,8,372edc869aa7432542ab85379cb9bfc9913a18e63a7f54089d40d0bb8da15b38
mechanism,sign_disagreement,Disagreement does not locate the accuracy peak,MT159,Rounded historical per-seed window-disagreement table,fraction,"**ZERO GPU**, from probe traces on disk; nothing submitted or ingested","Rates are WINDOW rates, not per-step rates. | Virtual regrouping of layerwise dynamics is distinct from running eachm=2partition. | Do not claim global monotonicity; terminalk61rebounds. | SEEDS-DISAGREE means seeds disagree with the predicted location. | The retrospective primary at its original registration uses onlycru1seeds15–17. Do not silently add laterctd1/ciso1probes when reproducing the historical claim.",independent raw reconstruction from retrieved historical cru1 layerwise probes; no scorer imported or executed,S0581 | S0582 | S0583 | S0584,publication-workspace/work/full_mechanism_evidence.json,/panels/sign_disagreement/documented_rows/*/documented_per_seed,mechanism.sign_disagreement.documented_11_cut_per_seed,mechanism__sign_disagreement__documented_11_cut_per_seed.csv,documented_11_cut_per_seed,33,6,959d1afdb8ec51ccab41e8cf0195bfd7017bd87628e62c78c9cd2ba79f0e0f41
mechanism,sign_disagreement,Disagreement does not locate the accuracy peak,MT159,Historical narrative point claims,fraction,"**ZERO GPU**, from probe traces on disk; nothing submitted or ingested | The narrative179.4 says floor.0414 at53–57, but its tabulatedk55 is.0441. Preserve tabulated11-cut values; do not fabricate an interpolated full curve.","Rates are WINDOW rates, not per-step rates. | Virtual regrouping of layerwise dynamics is distinct from running eachm=2partition. | Do not claim global monotonicity; terminalk61rebounds. | SEEDS-DISAGREE means seeds disagree with the predicted location. | The retrospective primary at its original registration uses onlycru1seeds15–17. Do not silently add laterctd1/ciso1probes when reproducing the historical claim.",independent raw reconstruction from retrieved historical cru1 layerwise probes; no scorer imported or executed,S0581 | S0582 | S0583 | S0584,publication-workspace/work/full_mechanism_evidence.json,/panels/sign_disagreement/other_documented_points,mechanism.sign_disagreement.historical_narrative_points,mechanism__sign_disagreement__historical_narrative_points.csv,historical_narrative_points,11,6,1323c2c39e9959da167e2d72e0342e55f4a98ee2cd8db9e636ad4c15f11bce20
mechanism,sign_disagreement,Disagreement does not locate the accuracy peak,MT159,Historical correlation and maximum-location summaries,see row units,"**ZERO GPU**, from probe traces on disk; nothing submitted or ingested","Rates are WINDOW rates, not per-step rates. | Virtual regrouping of layerwise dynamics is distinct from running eachm=2partition. | Do not claim global monotonicity; terminalk61rebounds. | SEEDS-DISAGREE means seeds disagree with the predicted location. | The retrospective primary at its original registration uses onlycru1seeds15–17. Do not silently add laterctd1/ciso1probes when reproducing the historical claim.",independent raw reconstruction from retrieved historical cru1 layerwise probes; no scorer imported or executed,S0581 | S0582 | S0583 | S0584,publication-workspace/work/full_mechanism_evidence.json,/panels/sign_disagreement,mechanism.sign_disagreement.location_statistics,mechanism__sign_disagreement__location_statistics.csv,location_statistics,9,7,a510571837ff28168a18ea30ba1bbe83e68e41b98a9fd1e41070447440103fa5
mechanism,sign_disagreement,Disagreement does not locate the accuracy peak,MT159,Recorded two-group trajectory: step and window disagreement,step/window counts; corresponding determinate fraction,"**ZERO GPU**, from probe traces on disk; nothing submitted or ingested | Descriptive cross-check only: one seed,12epochs; primary evidence remains the100-epoch window analysis. Onlyk49is the directly executed partition; otherks virtually regroup its recorded trajectory.","Rates are WINDOW rates, not per-step rates. | Virtual regrouping of layerwise dynamics is distinct from running eachm=2partition. | Do not claim global monotonicity; terminalk61rebounds. | SEEDS-DISAGREE means seeds disagree with the predicted location. | The retrospective primary at its original registration uses onlycru1seeds15–17. Do not silently add laterctd1/ciso1probes when reproducing the historical claim.",independent raw reconstruction from retrieved historical cru1 layerwise probes; no scorer imported or executed,S0581 | S0582 | S0583 | S0584,publication-workspace/work/full_mechanism_evidence.json,/panels/sign_disagreement/true_m2_crosscheck/full_curve,mechanism.sign_disagreement.true_m2_crosscheck_61_cuts,mechanism__sign_disagreement__true_m2_crosscheck_61_cuts.csv,true_m2_crosscheck_61_cuts,61,15,7174836c1a273114b33b35e5b2bdf35938b6b5e1a4350cb3d3169f8d024780fa
mechanism,sign_disagreement,Disagreement does not locate the accuracy peak,MT159,"Directly executed [49,13] descriptive cross-check",fraction; step counts; epochs,"**ZERO GPU**, from probe traces on disk; nothing submitted or ingested | Descriptive cross-check only: one seed,12epochs; primary evidence remains the100-epoch window analysis.","Rates are WINDOW rates, not per-step rates. | Virtual regrouping of layerwise dynamics is distinct from running eachm=2partition. | Do not claim global monotonicity; terminalk61rebounds. | SEEDS-DISAGREE means seeds disagree with the predicted location. | The retrospective primary at its original registration uses onlycru1seeds15–17. Do not silently add laterctd1/ciso1probes when reproducing the historical claim.",independent raw reconstruction from retrieved historical cru1 layerwise probes; no scorer imported or executed,S0581 | S0582 | S0583 | S0584,publication-workspace/work/full_mechanism_evidence.json,/panels/sign_disagreement/true_m2_crosscheck,mechanism.sign_disagreement.true_m2_crosscheck_summary,mechanism__sign_disagreement__true_m2_crosscheck_summary.csv,true_m2_crosscheck_summary,1,19,dab0cf467304006bf60a398880c2bc55e4a0b66e650305af4f7af6fd2d34fa1e
mechanism,tensor_sign_carriers,Three BN scales reverse the scalar update vote,MT161,Per-seed mean Lion direction on scalar-pinned records,Lion direction units; numel is parameter coordinates,"`ctd1`, 6 runs, 100 ep | Scalar seeds [18, 19, 20]; n=3 seed means, not independent probe records. Positive L lowers beta.","PositiveL lowers beta; negativeL raises beta. | Bars summarize per-seed mean signedL during each seed’s pinned phase; do not use individual probe records as independent replicate seeds. | Named conv/head candidates vote up; the discoveredBNscales vote down. | Three carriers determine the remaining-sign intervention on all pinned records, but strict domination over sum(abs(otherterms)) is not literally100%. | Tensor indices are1-based here; the archivedATTACK_REPORT finaltensor listing uses0-based indices.",raw epoch reconstruction,S0593 | S0594 | S0595 | S0596,publication-workspace/work/full_mechanism_evidence.json,/panels/tensor_sign_carriers/rows,mechanism.tensor_sign_carriers.pinned_tensor_summary,mechanism__tensor_sign_carriers__pinned_tensor_summary.csv,pinned_tensor_summary,62,20,fa57fce30f72e24e730565a329f71a9be4e025de03336b16876531d1803b8e49
mechanism,tensor_sign_carriers,Three BN scales reverse the scalar update vote,MT161,Per-tensor Lion direction by seed and observed phase,Lion direction units; vote fractions; record counts,"`ctd1`, 6 runs, 100 ep | Scalar all/pinned/unpinned phases are retained. Layerwise exports all records only: the input's duplicate 'unpinned' alias is not a physical layerwise phase. Positive L lowers beta.","PositiveL lowers beta; negativeL raises beta. | Bars summarize per-seed mean signedL during each seed’s pinned phase; do not use individual probe records as independent replicate seeds. | Named conv/head candidates vote up; the discoveredBNscales vote down. | Three carriers determine the remaining-sign intervention on all pinned records, but strict domination over sum(abs(otherterms)) is not literally100%. | Tensor indices are1-based here; the archivedATTACK_REPORT finaltensor listing uses0-based indices.",raw epoch reconstruction,S0593 | S0594 | S0595 | S0596,publication-workspace/work/full_mechanism_evidence.json,/panels/tensor_sign_carriers/probe_runs/*/per_tensor,mechanism.tensor_sign_carriers.per_seed_tensor_phases,mechanism__tensor_sign_carriers__per_seed_tensor_phases.csv,per_seed_tensor_phases,744,18,dd05daa1dabf996c0dea1f667e8050cff7073b86491a5c35f7ff16a86cdf9429
mechanism,tensor_sign_carriers,Three BN scales reverse the scalar update vote,MT161,Scalar aggregate and three-carrier sign dynamics,Lion direction units; beta natural log; epoch and step,"`ctd1`, 6 runs, 100 ep | 500 records per seed. Strict domination means carrier sum exceeds the sum of absolute remaining terms; removal_flips_sign is a separate test.","PositiveL lowers beta; negativeL raises beta. | Bars summarize per-seed mean signedL during each seed’s pinned phase; do not use individual probe records as independent replicate seeds. | Named conv/head candidates vote up; the discoveredBNscales vote down. | Three carriers determine the remaining-sign intervention on all pinned records, but strict domination over sum(abs(otherterms)) is not literally100%. | Tensor indices are1-based here; the archivedATTACK_REPORT finaltensor listing uses0-based indices.",raw epoch reconstruction,S0593 | S0594 | S0595 | S0596,publication-workspace/work/full_mechanism_evidence.json,/panels/tensor_sign_carriers/probe_runs/*/timeline,mechanism.tensor_sign_carriers.scalar_timelines,mechanism__tensor_sign_carriers__scalar_timelines.csv,scalar_timelines,1500,18,86550b2cbf8840d4b80f66212a90c585328f141371e5d902190d6f4997f285b9
mechanism,tensor_sign_carriers,Three BN scales reverse the scalar update vote,MT161,Per-seed scalar sign disagreement and pinned-phase interventions,fractions and record counts,"`ctd1`, 6 runs, 100 ep | Sign removal flips all pinned records; strict absolute-mass domination is below 100% in two seeds.","PositiveL lowers beta; negativeL raises beta. | Bars summarize per-seed mean signedL during each seed’s pinned phase; do not use individual probe records as independent replicate seeds. | Named conv/head candidates vote up; the discoveredBNscales vote down. | Three carriers determine the remaining-sign intervention on all pinned records, but strict domination over sum(abs(otherterms)) is not literally100%. | Tensor indices are1-based here; the archivedATTACK_REPORT finaltensor listing uses0-based indices.",raw epoch reconstruction,S0593 | S0594 | S0595 | S0596,publication-workspace/work/full_mechanism_evidence.json,/panels/tensor_sign_carriers/probe_runs/*/summary,mechanism.tensor_sign_carriers.scalar_seed_summary,mechanism__tensor_sign_carriers__scalar_seed_summary.csv,scalar_seed_summary,3,15,3a5f7f42fe6a6c5fe60c367620fb21ad598cf27db8f56ecf441b2b67ef547eb1
mechanism,tensor_sign_carriers,Three BN scales reverse the scalar update vote,MT161,Each tensor's layerwise beta trajectory summary,beta natural log; pin_fraction dimensionless,"`ctd1`, 6 runs, 100 ep","PositiveL lowers beta; negativeL raises beta. | Bars summarize per-seed mean signedL during each seed’s pinned phase; do not use individual probe records as independent replicate seeds. | Named conv/head candidates vote up; the discoveredBNscales vote down. | Three carriers determine the remaining-sign intervention on all pinned records, but strict domination over sum(abs(otherterms)) is not literally100%. | Tensor indices are1-based here; the archivedATTACK_REPORT finaltensor listing uses0-based indices.",raw epoch reconstruction,S0593 | S0594 | S0595 | S0596,publication-workspace/work/full_mechanism_evidence.json,/panels/tensor_sign_carriers/probe_runs/*/per_tensor/*/own_beta,mechanism.tensor_sign_carriers.layerwise_own_beta,mechanism__tensor_sign_carriers__layerwise_own_beta.csv,layerwise_own_beta,186,14,cc21d116f6f3ce3f06f2dd707df4b4ba613a5ceeb8a94bdf9b34822b33d9e3f7
mechanism,tensor_sign_carriers,Three BN scales reverse the scalar update vote,MT161,Counts pooled across three scalar probe runs,"fractions, record counts, parameter coordinates","`ctd1`, 6 runs, 100 ep | Pooled record fractions have no inferred seed SD/SE. Carrier parameter count is 1,536 of 11,220,132.","PositiveL lowers beta; negativeL raises beta. | Bars summarize per-seed mean signedL during each seed’s pinned phase; do not use individual probe records as independent replicate seeds. | Named conv/head candidates vote up; the discoveredBNscales vote down. | Three carriers determine the remaining-sign intervention on all pinned records, but strict domination over sum(abs(otherterms)) is not literally100%. | Tensor indices are1-based here; the archivedATTACK_REPORT finaltensor listing uses0-based indices.",raw epoch reconstruction,S0593 | S0594 | S0595 | S0596,publication-workspace/work/full_mechanism_evidence.json,/panels/tensor_sign_carriers/pooled_summary,mechanism.tensor_sign_carriers.pooled_summary,mechanism__tensor_sign_carriers__pooled_summary.csv,pooled_summary,1,14,e801f406fb93148de88a2ad0fdc9f9ad0a44b890c3cfe76a4ab1d71c0cf618d9
mechanism,rate_shape_documented,"k50 and k52 differ in shape, not only timescale",MT148,Documented tau and normalized hitting times,tau in epochs; rho dimensionless,"`cS1`, **ZERO GPU**, nothing submitted or ingested | Tau SD is supplied across three seeds. No rho SD/SE or tau SE is inferred; exponential row is analytic.",Reportedfitparameters are not true asymptotes or mechanistic explanations. | DocumentedtauSD is across3seeds. No invented uncertainties for printedrho.,documented retrospective scorer output; raw accuracy curves are available in batches.cpk2,S0597 | S0598 | S0599 | S0600,publication-workspace/work/full_mechanism_evidence.json,/panels/rate_shape_documented/rows,mechanism.rate_shape_documented.fit_summary,mechanism__rate_shape_documented__fit_summary.csv,fit_summary,3,11,a654bb203d9ede87e15909b5acc6326851b98d6a982cce569c6034d263e69dbe
mechanism,rate_shape_documented,"k50 and k52 differ in shape, not only timescale",MT148,k52 minus k50 normalized 90% hitting time,dimensionless,"`cS1`, **ZERO GPU**, nothing submitted or ingested | Registered bar is a scorer resolution bar, not an arm SD/SE.",Reportedfitparameters are not true asymptotes or mechanistic explanations. | DocumentedtauSD is across3seeds. No invented uncertainties for printedrho.,documented retrospective scorer output; raw accuracy curves are available in batches.cpk2,S0597 | S0598 | S0599 | S0600,publication-workspace/work/full_mechanism_evidence.json,/panels/rate_shape_documented,mechanism.rate_shape_documented.registered_shape_contrast,mechanism__rate_shape_documented__registered_shape_contrast.csv,registered_shape_contrast,1,6,bba49554ecc3da83482d3fe0ef27525ddaf2e44f4d50952e9cc2ce8f8e1e6c2d
mechanism,rate_shape_documented,"k50 and k52 differ in shape, not only timescale",MT148,Raw epoch accuracy for the two fitted cut arms,test/train accuracy percent; raw zero-based epoch,"`cS1`, **ZERO GPU**, nothing submitted or ingested | Six 772-epoch runs retained. These are the measured learning curves, not fitted asymptotes.",Reportedfitparameters are not true asymptotes or mechanistic explanations. | DocumentedtauSD is across3seeds. No invented uncertainties for printedrho.,documented retrospective scorer output; raw accuracy curves are available in batches.cpk2,S0597 | S0598 | S0599 | S0600,publication-workspace/work/full_mechanism_evidence.json,/panels/rate_shape_documented; /batches/cpk2/runs,mechanism.rate_shape_documented.raw_epoch_curves,mechanism__rate_shape_documented__raw_epoch_curves.csv,raw_epoch_curves,4632,11,212fd5a06e6838aae6383bc2fc55f2489d978436cce50d921a8b2c155471f0c3
measurement,sign_null,The sign-agreement headline used the wrong null,MT086 | MT087,"Mean majority-sign agreement E[max(p,1-p)]",percent,Historical correction example. Observed range is not a confidence interval; no error bars are inferred.,,documented_values,S0607,publication-workspace/work/full_measurement_evidence.json,/plots/sign_null/rows,measurement.sign_null.values,measurement__sign_null__values.csv,values,2,9,a7e0b7219f6ad5df4b92cf95a2e312df68130a2bc7e81a30856c2ecc75e40704
measurement,adapted_correlation,Sign correlation survives adaptation,MT088 | MT089,rho_s: excess temporal variance of pooled sign fraction divided by pooled Bernoulli variance,dimensionless,"R18/C10, alpha0=1e-3, steady half of 20 epochs. The fr5 replication is separate and must not inherit n=10. The pooled-floor rho_s estimate is a lower bound.",,documented_values,S0608 | S0609,publication-workspace/work/full_measurement_evidence.json,/plots/adapted_correlation/rows,measurement.adapted_correlation.values,measurement__adapted_correlation__values.csv,values,3,9,43840d56336633da2052650fee463dc71eef2cf1db5eff8353fba3b0435e078b
measurement,effective_independence_families,Effective independence across four model/data combinations,MT088 | MT089 | MT091 | MT099,N_eff/m = 1 / (1 + (m-1)rho_s),fraction,"SGDm, steady half of 20-epoch runs. Frozen/free values are rounded in the source; box-free values have four decimals. Never label the fraction “percent signal.”",,documented_values,S0610 | S0611,publication-workspace/work/full_measurement_evidence.json,/plots/effective_independence_families/rows,measurement.effective_independence_families.values,measurement__effective_independence_families__values.csv,values,4,9,a59e9b6118cd1ab9d9c11cd7a03082ec8c18371a8f9e4faf80e0fa7e271dd490
measurement,adaptation_dial,Correlation suppression changes gradually,MT092 | MT100,Profile exponent b; k=1 suppression; weightwise N_eff/m,dimensionless,"R18/C10, 20 epochs, n=3 per rung. Frozen beta is an anchor, not a logarithmic zero. Show the invalid 1e-2 rung separately or omit it.",,documented_values,S0612,publication-workspace/work/full_measurement_evidence.json,/plots/adaptation_dial/rows,measurement.adaptation_dial.values,measurement__adaptation_dial__values.csv,values,4,11,93f58678e8de198c69fb06fee18479e3d0d87d49d4c5e8ca5b9258c1a0c5114c
measurement,correlation_profile,Frozen correlation profile survives floor correction,MT093,Implied weightwise sign correlation rho_w versus average block size k,rho dimensionless; k coordinates per group,"R18/C10, frozen beta, steady half, geometric means across source seeds. There are three measured rung points; connecting lines are not a fitted scale law.",,documented_values,S0613,publication-workspace/work/full_measurement_evidence.json,/plots/correlation_profile/rows,measurement.correlation_profile.values,measurement__correlation_profile__values.csv,values,3,6,564b1ef3861e10f97a82dd3a47d9f887ca53ebb8181f8c6c7ef83d02bc7872f6
measurement,correlation_range_families,The off-equilibrium profile repeats across families,MT093,k=1 to layerwise profile fall and exchangeability overprediction,fold,"Frozen beta, 20 epochs, n=2 per arm. This temporal-correlation profile is distinct from the marginal-sign kernel curve E(u).",,documented_values,S0614,publication-workspace/work/full_measurement_evidence.json,/plots/correlation_range_families/rows,measurement.correlation_range_families.values,measurement__correlation_range_families__values.csv,values,4,7,cb76dd18408503e03e40aa8db9d43a000cdc569c14f64b5436b901e618e50246
measurement,neff_training_windows,Effective independence declines in later windows,MT090 | MT102 | MT103,N_eff/m,fraction,"A window contrast, not an independent causal budget treatment. All 12 br6 runs are box-free. Layerwise change is unresolved at the available resolution.",,documented_values,S0615 | S0616,publication-workspace/work/full_measurement_evidence.json,/plots/neff_training_windows/rows,measurement.neff_training_windows.values,measurement__neff_training_windows__values.csv,values,3,8,47010da69ceb61a4e3af516070519a6c19f95e30cd52298915e6bb85d865bd00
measurement,base_optimizer_order,The partition ordering does not transfer to AdamW,MT090 | MT102 | MT103,N_eff/m,fraction,"20 epochs, R18/C10. bo7 pools two ceilings after its invariance gate passes. AdamW meta-step and initial step size are untuned; this is not a universal optimizer ranking.",,documented_values,S0617 | S0618,publication-workspace/work/full_measurement_evidence.json,/plots/base_optimizer_order/rows,measurement.base_optimizer_order.values,measurement__base_optimizer_order__values.csv,values,3,6,b2f96384cffb90835610c2d57714e14552ae83482be3bf9216342d76bb0fde3a
measurement,estimator_correction,The exponent effect survives correction,MT092 | MT100,s = slope log10(N_eff) versus log10(m),dimensionless,"p5 versus fr5, n=2–3, 20 epochs. Show raw agreement only as the superseded historical comparison. Do not use s to rank architectures.",,documented_values,S0619,publication-workspace/work/full_measurement_evidence.json,/plots/estimator_correction/rows,measurement.estimator_correction.values,measurement__estimator_correction__values.csv,values,3,8,780d67a23217bf08c5c4ca5b3807905eb3e1e7b3df45955ae21789b2528af414
measurement,rebound_unclipping,Unclipping does not remove the rebound,MT091 | MT099,rho_w(k=1) in Q4 divided by rho_w(k=1) in Q3,fold,"Q4/Q3 of rho_w(k=1), as defined by analysis/c52_boxfree.py:459. R10 and C100, n=2. The values are transcribed from CORRECTIONS 69; the exact ratio definition is checked against reducer source.",,documented_values,S0620 | S0621,publication-workspace/work/full_measurement_evidence.json,/plots/rebound_unclipping/rows,measurement.rebound_unclipping.values,measurement__rebound_unclipping__values.csv,values,2,9,833bb982faf5e8464bfe11ef3ea80697f4de0239f5dca52e9b36eae0dd20eb3b
measurement,kernel_field_curves,Marginal-sign structure is strongest below one channel,MT097,E(u)=100*(R_corrected(u)-mean R_null(u)); R is explained within-tensor marginal-sign variance,percentage points of explained variance; u in output-channel row units,"Convolution tensors only; p_i = negative_count_i / n_records. E is neither rho nor test accuracy. res_pp is the Monte Carlo SE of three permutation-null draws, not training-seed uncertainty. The existence of an interior maximum is mechanical; location is the finding. Four clean lower-edge peaks are bounds. The 33 analysis entries contain 32 unique runs. A freely adapting coarse-granularity field remains unmeasured. | 33 analysis entries represent 32 unique runs. The same historical run can appear in two analysis sets; do not treat it as a new seed.",,cached_plot_data_recomputed_peak,S0624 | S0625 | S0626 | S0627 | S0628,publication-workspace/work/full_measurement_evidence.json,/plots/kernel_field_curves/rows,measurement.kernel_field_curves.peak_summary,measurement__kernel_field_curves__peak_summary.csv,peak_summary,33,15,0f12d34b59293654aee39d37ef046e5ab57a5495e1dda15024a779bad109f24d
measurement,kernel_field_curves,Marginal-sign structure is strongest below one channel,MT097,E(u)=100*(R_corrected(u)-mean R_null(u)); R is explained within-tensor marginal-sign variance,percentage points of explained variance; u in output-channel row units,"Convolution tensors only; p_i = negative_count_i / n_records. E is neither rho nor test accuracy. res_pp is the Monte Carlo SE of three permutation-null draws, not training-seed uncertainty. The existence of an interior maximum is mechanical; location is the finding. Four clean lower-edge peaks are bounds. The 33 analysis entries contain 32 unique runs. A freely adapting coarse-granularity field remains unmeasured. | All 17 supplied u rungs per analysis entry are retained, including clamped and exception flags. Permutation-null MC SE is not training-seed SE.",,cached_plot_data_recomputed_peak,S0624 | S0625 | S0626 | S0627 | S0628,publication-workspace/work/full_measurement_evidence.json,/plots/kernel_field_curves/rows/*/rows,measurement.kernel_field_curves.all_curve_points,measurement__kernel_field_curves__all_curve_points.csv,all_curve_points,561,21,eae7476f8da42a61a1e9d186565228481cd282cdb265f42485424b956b9e56f8
measurement,kernel_meta_step,The kernel-scale location survives meta-step changes,MT097,u_peak and geometric-mean E_peak,channel units; E percentage points,The 1e-2 rung is guard-dominated. Its 84.266 pp amplitude is not evidence of a clean adaptation effect. The clean maximum/minimum amplitude ratio is 1.524.,,cached_plot_data,S0625 | S0629,publication-workspace/work/full_measurement_evidence.json,/plots/kernel_meta_step/rows,measurement.kernel_meta_step.values,measurement__kernel_meta_step__values.csv,values,5,8,f934730288366cfb78a8c32a8703e33bb6c7314a3cc819f86ffed9d54d87a541
measurement,bridge_current,The field-to-partition bridge fails,MT098,Field scale vs the corrected best training region,output-channel units,"Report separation at least log10(512) = 2.70927 decades. The best training region is from the corrected historical comparison, not a newly located joint optimum. Do not present the old 16/21 layerwise peaks as current: that table used legacy last-20 accuracy.",,documented_corrected_bound,S0630,publication-workspace/work/full_measurement_evidence.json,/plots/bridge_current/rows,measurement.bridge_current.values,measurement__bridge_current__values.csv,values,3,6,793e6d72f4a71c2ec54137a8e54a97546126c3288b20eaade89ee60c0cc7468f
measurement,bridge_cc1,A direct matched-count test defeats the predictive claim,MT098,Delta plateau5 and delta N_eff/m between pre-registered matched-count pairs,accuracy percentage points; effective-independence fraction,"cc1: R18/C10, 100 epochs, meta-step 1e-4, fresh seeds 3–5, n=3 per arm, all 12 box-free. t values are Welch statistics. Field means are rounded in the record; do not reconstruct SE from the tiny rounded accuracy t. This is the strongest later direct test of the predictive claim.",,documented_registered_scorer_result,S0631 | S0632,publication-workspace/work/full_measurement_evidence.json,/plots/bridge_cc1/rows,measurement.bridge_cc1.values,measurement__bridge_cc1__values.csv,values,2,12,55d147449ac10a661dffa176f80ce8584e4a60479f153883c91eec9f1ea03b24
measurement,window_metric_error,Window choice changed the 20-epoch conclusion,MT108 | MT109 | MT110 | MT112,Historical last20 versus last5 testaccuracy at20epochs,accuracy percent,"Representative headline configuration: same cells, different window. Across four strata, resolved argmaxes fall from four to zero. Pooled counts 27/25/26 describe a separate stratified summary.",,documented_correction,S0633,publication-workspace/work/full_measurement_evidence.json,/plots/window_metric_error/rows,measurement.window_metric_error.values,measurement__window_metric_error__values.csv,values,3,7,08478ef0e63e69f41c0a75396651b92aa0913cc06932bf9cf2a7edc30bd20311
