source_id,path,sha256,run,seed,local_exists_at_export,reference,line,qualifier,remote_path,remote_sha256,manifest_path,records,windows,retrieval,arm
S0001,archive/Account2/runs/hb1-scal-s0-4890949.out,91143b39610a2f6aae87f020b50db10219654a6605420c551c0584af6ca87fdc,hb1-scal-s0,0,true,,,,,,,,,,
S0002,archive/Account2/runs/hb1-scal-s1-4890955.out,ff4bd04b9fc3a2357aab64c58814b3e03e51547cf697aaaca4c6c1d2c2ea7057,hb1-scal-s1,1,true,,,,,,,,,,
S0003,archive/Account2/runs/hb1-scal-s2-4890961.out,103106ea9270a839d40215a72736064d97d0a3a09afb72381a0d4a44b62e58fd,hb1-scal-s2,2,true,,,,,,,,,,
S0004,archive/Account2/runs/hb1-stem-s0-4890951.out,04786c1d3522b326620d18358f0a6a09a309295f0427fa263c25be2c8252bcf0,hb1-stem-s0,0,true,,,,,,,,,,
S0005,archive/Account2/runs/hb1-stem-s1-4890957.out,c7f02722a1c8fc6dceb840fdec2f693b6ba31aa15327fa414ff87b72a7a346ad,hb1-stem-s1,1,true,,,,,,,,,,
S0006,archive/Account2/runs/hb1-stem-s2-4890963.out,fd4f076b6b2961072f21f28dfd91b758a8212ed6b14647635b446afb7b3aa445,hb1-stem-s2,2,true,,,,,,,,,,
S0007,archive/Account2/runs/hb1-head-s0-4890950.out,ad6465e76e500e45d760c9f7d5137955999afe34109bbf7aa9eb18860edfa8b7,hb1-head-s0,0,true,,,,,,,,,,
S0008,archive/Account2/runs/hb1-head-s1-4890956.out,442e3c06a675c0ebfd64ebe6de03183e10e4e0bfdf064d609ad7e3919f0cdf55,hb1-head-s1,1,true,,,,,,,,,,
S0009,archive/Account2/runs/hb1-head-s2-4890962.out,faea86e4d996510c22aa71ded714a2c2ee3158ff98b6429d4c54a490daa9ec63,hb1-head-s2,2,true,,,,,,,,,,
S0010,archive/Account2/runs/hb1-mid-s0-4890952.out,671e8c878a662a6899194063213495fdb69b11a184f6c181b6461d237853177d,hb1-mid-s0,0,true,,,,,,,,,,
S0011,archive/Account2/runs/hb1-mid-s1-4890958.out,7180dcfbb253a92f7dc39224ae810efc3936e014e18d07c12f5a7a34dfee21a5,hb1-mid-s1,1,true,,,,,,,,,,
S0012,archive/Account2/runs/hb1-mid-s2-4890964.out,e95fea43adfabf7e77e36cb5a12cc4862cac680966fef49fa5b4c10b892f56d4,hb1-mid-s2,2,true,,,,,,,,,,
S0013,archive/Account2/runs/hb1-blk-s0-4890953.out,d7f0dc20b332ee32f6f809047374e5298655d5e4977be2f56992502cbe72ff1a,hb1-blk-s0,0,true,,,,,,,,,,
S0014,archive/Account2/runs/hb1-blk-s1-4890959.out,f28fe0cd7c7c16a9221b4b5e870519e1af07b9376ae65d893dac7e41c602dcd4,hb1-blk-s1,1,true,,,,,,,,,,
S0015,archive/Account2/runs/hb1-blk-s2-4890965.out,5049ee9c93908d67ae280a253ed59edf2c1f1b6c130acc3380d48f63a563cd0b,hb1-blk-s2,2,true,,,,,,,,,,
S0016,archive/Account2/runs/hb1-lay-s0-4890954.out,55008e9519c41337f1f7b6a4a36e59ff7bf2b733fa96009db1a3c673ec806924,hb1-lay-s0,0,true,,,,,,,,,,
S0017,archive/Account2/runs/hb1-lay-s1-4890960.out,7825e12e918248bcdd9372efba326896c9657875392e6b147244a0059cceb6da,hb1-lay-s1,1,true,,,,,,,,,,
S0018,archive/Account2/runs/hb1-lay-s2-4890966.out,7252070a6a8485f07a4b40327e8d96bfa076eccd43a6cf751f0200bd9ea8d871,hb1-lay-s2,2,true,,,,,,,,,,
S0019,repository/docs/MASTER-TABLE.md,,,,true,repository/docs/MASTER-TABLE.md:137,137,,,,,,,,
S0020,repository/docs/CORRECTIONS.md,,,,true,"repository/docs/CORRECTIONS.md [CORRECTIONS 141.7, 142.2; `analysis/cH1_hb1_score.py`]",,"[CORRECTIONS 141.7, 142.2; `analysis/cH1_hb1_score.py`]",,,,,,,
S0021,repository/analysis/cH1_hb1_score.py,,,,true,repository/analysis/cH1_hb1_score.py,,,,,,,,,
S0022,archive/Account2/runs/cbl1-c01-s0-4892142.out,71bbd4fb1eeee7007bc8112c172b5635518dd457815e55f8f32582145d97a546,cbl1-c01-s0,0,true,,,,,,,,,,
S0023,archive/Account2/runs/cbl1-c01-s1-4892153.out,f43c584fd0e05884b200869fd348c8f4980c7fcaa70ce1b2c1262fb0aeccf225,cbl1-c01-s1,1,true,,,,,,,,,,
S0024,archive/Account2/runs/cbl1-c01-s2-4892164.out,f4308e0e5871bce3bb1579b3c9dfd3f4f8d02180f8c1a47bdaba713f6051f708,cbl1-c01-s2,2,true,,,,,,,,,,
S0025,archive/Account2/runs/cbl1-c02-s0-4892143.out,ee7b7664968156d4b4ba767c02fcd0c27165bc5e59860259db3afd70c739dd19,cbl1-c02-s0,0,true,,,,,,,,,,
S0026,archive/Account2/runs/cbl1-c02-s1-4892154.out,b715bcbadf6143d2d415fbd7aaee46c98efa47bdfd175b3ccf86b161c118308b,cbl1-c02-s1,1,true,,,,,,,,,,
S0027,archive/Account2/runs/cbl1-c02-s2-4892165.out,042858db6ae38daf04881a593402633455fd58239c163a785ce917fd19bde152,cbl1-c02-s2,2,true,,,,,,,,,,
S0028,archive/Account2/runs/cbl1-c04-s0-4892144.out,4faf8d64b4ffb055d9d1b7e1acb2052fa25f66d4a2c2540cda04b1a00435b945,cbl1-c04-s0,0,true,,,,,,,,,,
S0029,archive/Account2/runs/cbl1-c04-s1-4892155.out,6503320b75d1193b262d9f2752b62b3b41daadea4119a89e155234fe3a4e4368,cbl1-c04-s1,1,true,,,,,,,,,,
S0030,archive/Account2/runs/cbl1-c04-s2-4892166.out,4ea2853ac32cdf898ec67c4166e14c0ebf2e684412b52dad00825e7bbe80b265,cbl1-c04-s2,2,true,,,,,,,,,,
S0031,archive/Account2/runs/cbl1-c08-s0-4892145.out,d3096295915550984b9192a1a05de5a97d69700b37571f591da3d91b064cd1f4,cbl1-c08-s0,0,true,,,,,,,,,,
S0032,archive/Account2/runs/cbl1-c08-s1-4892156.out,5c9fcc6abaacfba5ebca5469cd109c44ff925d1c001203a5139aaffa95159ebe,cbl1-c08-s1,1,true,,,,,,,,,,
S0033,archive/Account2/runs/cbl1-c08-s2-4892167.out,d8df7cd33a678901b2eff7f852d8560a0c3743023983f4eea0915434d9346b20,cbl1-c08-s2,2,true,,,,,,,,,,
S0034,archive/Account2/runs/cbl1-c16-s0-4892146.out,bb48ee1e3ea49ed882507979c8ad4afbd08bcb44e9057545d1cfebda231a9799,cbl1-c16-s0,0,true,,,,,,,,,,
S0035,archive/Account2/runs/cbl1-c16-s1-4892157.out,bba815772f8817cdfa6bd9fee362ff353048c2eb6d6cef24216a78a3c2572694,cbl1-c16-s1,1,true,,,,,,,,,,
S0036,archive/Account2/runs/cbl1-c16-s2-4892168.out,d90c1d4dc81475c6f330e3ac1d9176233fe0fa2c92cac049de74df5f48d6a613,cbl1-c16-s2,2,true,,,,,,,,,,
S0037,archive/Account2/runs/cbl1-c32-s0-4892147.out,13b3615ae290a344d5d2608ff81750286c689f816da5c19b2765e3db35886ef9,cbl1-c32-s0,0,true,,,,,,,,,,
S0038,archive/Account2/runs/cbl1-c32-s1-4892158.out,5ee47a3cd6ddbf55562e4365c53ce4442fb05ccef40d4e1716d3e29fd63f5ff3,cbl1-c32-s1,1,true,,,,,,,,,,
S0039,archive/Account2/runs/cbl1-c32-s2-4892169.out,cf417037ee0d7b603c605900811c1ae88749e7806ba71b56cdf8fa84933dc359,cbl1-c32-s2,2,true,,,,,,,,,,
S0040,archive/Account2/runs/cbl1-c62-s0-4892148.out,6cbbf7a72398c1c9de695cf5e99a9aee043766e2fe1ea0a5badff3bfcc670930,cbl1-c62-s0,0,true,,,,,,,,,,
S0041,archive/Account2/runs/cbl1-c62-s1-4892159.out,c60fc8b51d080ffa1ba39d54c692a9b3da01a1cc58128ae2c84b4153d6bdaf24,cbl1-c62-s1,1,true,,,,,,,,,,
S0042,archive/Account2/runs/cbl1-c62-s2-4892170.out,882ed0eca8fef2d31f14558a32f385566cc974026e03f8af79b7a70d4140ce0d,cbl1-c62-s2,2,true,,,,,,,,,,
S0043,archive/Account2/runs/cbl1-b17-s0-4892150.out,a2e0079f4280382786056f96d7e0bdcb9b99e38449a92e3ef32c2a29e75c627f,cbl1-b17-s0,0,true,,,,,,,,,,
S0044,archive/Account2/runs/cbl1-b17-s1-4892161.out,fbb94f24d078edcf4a8201e9b6398e3d432dae5eb0555d25c6dab953e211f590,cbl1-b17-s1,1,true,,,,,,,,,,
S0045,archive/Account2/runs/cbl1-b17-s2-4892172.out,4a64f65ed91a53c411ec7fd82b0dd44612b243912e115dea051c455cb42ffb40,cbl1-b17-s2,2,true,,,,,,,,,,
S0046,archive/Account2/runs/cbl1-b45-s0-4892149.out,9d19757e78aecafcc01dc4f2ef6ffdb001e77ae102d27ea0bcdafd8be8a88be6,cbl1-b45-s0,0,true,,,,,,,,,,
S0047,archive/Account2/runs/cbl1-b45-s1-4892160.out,86ad8b882c3cc467a278dfe53ccf707a0c70c5f153cd8755b5745290ab473f74,cbl1-b45-s1,1,true,,,,,,,,,,
S0048,archive/Account2/runs/cbl1-b45-s2-4892171.out,d78268348ae684af794d7dc8b75f43501afd21c5c2344a011788bd352a81c552,cbl1-b45-s2,2,true,,,,,,,,,,
S0049,archive/Account2/runs/cbl1-b55-s0-4892151.out,348376592588d5785f8b2649e04326ef3321a0de496a25c7756339f89974eb02,cbl1-b55-s0,0,true,,,,,,,,,,
S0050,archive/Account2/runs/cbl1-b55-s1-4892162.out,83c92dc635ca406886f89bf1b0ae35520e031614f5c0c8cdb50bef97a2f4bac2,cbl1-b55-s1,1,true,,,,,,,,,,
S0051,archive/Account2/runs/cbl1-b55-s2-4892173.out,e08b4eaedf09393ad6e2c31118edaabe3a66574f41fac9de46c7a3aa8757c5a5,cbl1-b55-s2,2,true,,,,,,,,,,
S0052,archive/Account2/runs/cbl1-b60-s0-4892152.out,02c7c931053cc034931668533c72660a70eeb243e738615d2f6d9f71ae29b185,cbl1-b60-s0,0,true,,,,,,,,,,
S0053,archive/Account2/runs/cbl1-b60-s1-4892163.out,e99e172e2a7c6ee16b5541fba4777c9196b3c2e3df8e583db7539dea359f84ab,cbl1-b60-s1,1,true,,,,,,,,,,
S0054,archive/Account2/runs/cbl1-b60-s2-4892174.out,345bc983e5312788c443f01f51d930cb27dc97d0f9d2d0daa708543d02a62187,cbl1-b60-s2,2,true,,,,,,,,,,
S0055,repository/docs/MASTER-TABLE.md,,,,true,repository/docs/MASTER-TABLE.md:139,139,,,,,,,,
S0056,repository/docs/CORRECTIONS.md,,,,true,repository/docs/CORRECTIONS.md [CORRECTIONS 143; `analysis/cJ1_cbl1_score.py`],,[CORRECTIONS 143; `analysis/cJ1_cbl1_score.py`],,,,,,,
S0057,repository/analysis/cJ1_cbl1_score.py,,,,true,repository/analysis/cJ1_cbl1_score.py,,,,,,,,,
S0058,archive/Account1/runs/in489g1-scalar-s0-4887226.out,6208ba639b7318b1ba6b0858a1820f8c0b9fb26e62f7256b45838704cd8ce1d0,in489g1-scalar-s0,0,true,,,,,,,,,,
S0059,archive/Account1/runs/in489g1-scalar-s1-4887230.out,0976fa761c81805f8989aa6e5be0708e2c3edd7648e99a593df7cc908e923e5d,in489g1-scalar-s1,1,true,,,,,,,,,,
S0060,archive/Account1/runs/in489g1-scalar-s2-4887234.out,c587a3727f5b56d9175cbf79e6ad2394e72ac5c11cbdb678af08d5b1735d4502,in489g1-scalar-s2,2,true,,,,,,,,,,
S0061,archive/Account1/runs/in489g1-resnet18_blocks-s0-4887227.out,894b7bf905a4c526cea9aca0818828c9aedc0e6c677ed1783ad4ceecf4e8305c,in489g1-resnet18_blocks-s0,0,true,,,,,,,,,,
S0062,archive/Account1/runs/in489g1-resnet18_blocks-s1-4887231.out,c50e2bb4a983eda4ad27225461b39bb35eee845ebc06c07c36aebde295af2281,in489g1-resnet18_blocks-s1,1,true,,,,,,,,,,
S0063,archive/Account1/runs/in489g1-resnet18_blocks-s2-4887235.out,5e091150caf08e044849d1f96deb77e8ee7a46374f8ebcfea7b634ce7f71adb5,in489g1-resnet18_blocks-s2,2,true,,,,,,,,,,
S0064,archive/Account1/runs/in489g1-layerwise-s0-4887228.out,916bc3c32e7eb67a65720c9112f7600c4a311d19f25d8f8e76f06ef6029e156c,in489g1-layerwise-s0,0,true,,,,,,,,,,
S0065,archive/Account1/runs/in489g1-layerwise-s1-4887232.out,7ac3bab82c9351dfce27994324241af4d869023e486a05c68a35c2779ef979e7,in489g1-layerwise-s1,1,true,,,,,,,,,,
S0066,archive/Account1/runs/in489g1-layerwise-s2-4887236.out,270b498da6bc18df90935fc0523628d34927a4dfd1267a613ce3e7c9ccfa6136,in489g1-layerwise-s2,2,true,,,,,,,,,,
S0067,archive/Account1/runs/in489g1-nodewise-s0-4887229.out,e360b19aecfbdb577c30ca051aa89d9b5afabe9c6032e7e7207af13316bf12d3,in489g1-nodewise-s0,0,true,,,,,,,,,,
S0068,archive/Account1/runs/in489g1-nodewise-s1-4887233.out,55d6aeba3e7e1e3054c4a54c73331260ee574b1fe09c7b55022f34aaed1756e5,in489g1-nodewise-s1,1,true,,,,,,,,,,
S0069,archive/Account1/runs/in489g1-nodewise-s2-4887237.out,1cf9495dc1a443bfb43cdcb0eede4f0e97bf8da2c7a3798f519fbb10e0b1137b,in489g1-nodewise-s2,2,true,,,,,,,,,,
S0070,archive/Account1/runs/in489g2-g01-s0-4911733.out,70619a6ca00bd4cc86dff5b1318901fa4fcd37b85b16129ebdae5197befbc08f,in489g2-g01-s0,0,true,,,,,,,,,,
S0071,archive/Account1/runs/in489g2-g01-s1-4911740.out,e6eeafbff29db20a3385036c95e32dd2e80cb6712ed15c00e9fb520aec7c30c8,in489g2-g01-s1,1,true,,,,,,,,,,
S0072,archive/Account1/runs/in489g2-g08-s0-4911734.out,52b019125945eb7a6ba9e4df10176b2333d5b51374fbf8ff078d21ca6636d360,in489g2-g08-s0,0,true,,,,,,,,,,
S0073,archive/Account1/runs/in489g2-g08-s1-4911741.out,52e15705d832e3b654540b7bd0cf2a1f19dec5929d54c497311dcd1389c465c1,in489g2-g08-s1,1,true,,,,,,,,,,
S0074,archive/Account1/runs/in489g2-g16-s0-4911735.out,4f5d7b05e5b02f8d5153627e8a35aba77e4acafc594f8717f89ea4c9d1b4e737,in489g2-g16-s0,0,true,,,,,,,,,,
S0075,archive/Account1/runs/in489g2-g16-s1-4911742.out,3a3537c3e0cdefd9b0864b65f7e6a5af1a9a2e8f151fa744857c9f1407d8a1ae,in489g2-g16-s1,1,true,,,,,,,,,,
S0076,archive/Account1/runs/in489g2-g32-s0-4911736.out,8836d25c3852e6e7165cf872c2cc50e9b68233db69aa7dc4c9ee2d5a00182e28,in489g2-g32-s0,0,true,,,,,,,,,,
S0077,archive/Account1/runs/in489g2-g32-s1-4911743.out,9a39ab315e50be3db08a3e767d07d0d96149aeb57e0f109fbccada9a29bc910a,in489g2-g32-s1,1,true,,,,,,,,,,
S0078,archive/Account1/runs/in489g2-g45-s0-4911737.out,5f6c4ad3e061cc7ba5ea2391486d1fd1a203f77898fd420ac7af7b449f19e09b,in489g2-g45-s0,0,true,,,,,,,,,,
S0079,archive/Account1/runs/in489g2-g45-s1-4911744.out,3a971deef88528d322ebb6219ad14f5d53a5efea61bd72691096160b02b51ae8,in489g2-g45-s1,1,true,,,,,,,,,,
S0080,archive/Account1/runs/in489g2-g62-s0-4911738.out,58413105d555ef5b9b7fb1813ed59697f893729a6d83c337ef6386fc9dd56bc3,in489g2-g62-s0,0,true,,,,,,,,,,
S0081,archive/Account1/runs/in489g2-g62-s1-4911745.out,d65d03395ff0f9a73d44a611df16b711a32251f4531b61a8f8817b7948eb0c5c,in489g2-g62-s1,1,true,,,,,,,,,,
S0082,archive/Account1/runs/in489g2-p08-s0-4911739.out,90aa56f268f3ff43fbc3db8b4f3f9402611ff6fa27caf20e0f84758e524e7513,in489g2-p08-s0,0,true,,,,,,,,,,
S0083,archive/Account1/runs/in489g2-p08-s1-4911747.out,8f7fd0e27014d1c6ea3b1a858ddcc93302a42efb8fec416a24756f2a2018df3a,in489g2-p08-s1,1,true,,,,,,,,,,
S0084,repository/docs/MASTER-TABLE.md,,,,true,repository/docs/MASTER-TABLE.md:140,140,,,,,,,,
S0085,repository/docs/CORRECTIONS.md,,,,true,"repository/docs/CORRECTIONS.md [CORRECTIONS 144, superseded in part at 163.6]",,"[CORRECTIONS 144, superseded in part at 163.6]",,,,,,,
S0086,repository/analysis/cI1_in489g1_score.py,,,,true,repository/analysis/cI1_in489g1_score.py,,,,,,,,,
S0087,repository/docs/MASTER-TABLE.md,,,,true,repository/docs/MASTER-TABLE.md:151,151,,,,,,,,
S0088,repository/docs/CORRECTIONS.md,,,,true,repository/docs/CORRECTIONS.md [CORRECTIONS 163],,[CORRECTIONS 163],,,,,,,
S0089,repository/analysis/cI2_in489g2_score.py,,,,true,repository/analysis/cI2_in489g2_score.py,,,,,,,,,
S0090,archive/Account2/runs/tn1-scal-s0-4887064.out,cedcac635ed9dc7bd285ac2e0cbba83b0d68d4b4e9e306e9ab3729ea8579616e,tn1-scal-s0,0,true,,,,,,,,,,
S0091,archive/Account2/runs/tn1-scal-s1-4887068.out,a03a0f5f0933550ba4b2b810732afe47636ad01b997894f592b791435fd8ebae,tn1-scal-s1,1,true,,,,,,,,,,
S0092,archive/Account2/runs/tn1-scal-s2-4887072.out,55f3bdd27f1e1df7f42f3d7b95e6e4974ff225bc6baa661b10c7c50bdafe5b55,tn1-scal-s2,2,true,,,,,,,,,,
S0093,archive/Account2/runs/tn1-lay-s0-4887065.out,387b991da45ba98f353b85301e91c199aa50020461ecbc872e720de9c8bfcc70,tn1-lay-s0,0,true,,,,,,,,,,
S0094,archive/Account2/runs/tn1-lay-s1-4887069.out,53f0bb86571e61a18dc1021584d06d5d2103178578a32ffa76692513f695c5c7,tn1-lay-s1,1,true,,,,,,,,,,
S0095,archive/Account2/runs/tn1-lay-s2-4887073.out,b4b01bc85c6bfc41f851566bfb3e4b976e535467d6b8bdb3fe258e527feb9b64,tn1-lay-s2,2,true,,,,,,,,,,
S0096,archive/Account2/runs/tn1-node-s0-4887066.out,7e6f074cb9c9fc1a0286eab2de64d4b6976625fa45d4dae885986ce8f5eef5cd,tn1-node-s0,0,true,,,,,,,,,,
S0097,archive/Account2/runs/tn1-node-s1-4887070.out,3e237f80624c938252a1a13c663512861103c49b5dda5a938a2c8953cc5d489d,tn1-node-s1,1,true,,,,,,,,,,
S0098,archive/Account2/runs/tn1-node-s2-4887074.out,ff92f8f581b75092659f5e5fe90582f5b27b2c94a1fbf368aa7060281664899c,tn1-node-s2,2,true,,,,,,,,,,
S0099,archive/Account2/runs/tn1-c10lay-s0-4887067.out,ce47027ed97f2f7226bb3c412981afd94d506583661dd9c49b61f26516beec75,tn1-c10lay-s0,0,true,,,,,,,,,,
S0100,archive/Account2/runs/tn1-c10lay-s1-4887071.out,b52f7688d63d5b12ddc16e9d9818d34935dffc2d744d84acf8ef5fd7dc4a2eeb,tn1-c10lay-s1,1,true,,,,,,,,,,
S0101,archive/Account2/runs/tn1-c10lay-s2-4887075.out,4735cecd867fdc86f058f1a7636bc9a7e4d942b9dadea0e7abcbef30b951d1d6,tn1-c10lay-s2,2,true,,,,,,,,,,
S0102,repository/docs/MASTER-TABLE.md,,,,true,repository/docs/MASTER-TABLE.md:136,136,,,,,,,,
S0103,repository/docs/CORRECTIONS.md,,,,true,repository/docs/CORRECTIONS.md [CORRECTIONS 141.1],,[CORRECTIONS 141.1],,,,,,,
S0104,repository/analysis/cT1_tin_score.py,,,,true,repository/analysis/cT1_tin_score.py,,,,,,,,,
S0105,archive/Account1/runs/g4m-r0-m1e2-s0-4885881.out,c0a64ba84565928d7c9ebc6d615c5613a5661ab2d1b2edcd3e71771dbde4cc35,g4m-r0-m1e2-s0,0,true,,,,,,,,,,
S0106,archive/Account1/runs/g4m-r0-m1e2-s1-4885908.out,fbbcad07cf44d743c9e4d8c4807449fa5444a1fce2873bb5e5563a3806e97c80,g4m-r0-m1e2-s1,1,true,,,,,,,,,,
S0107,archive/Account1/runs/g4m-r0-m1e2-s2-4885932.out,c4f314a944483b4ea41c7a74c6d51d27b35b1ad4ab2c6a671b432bffb7d7f1a0,g4m-r0-m1e2-s2,2,true,,,,,,,,,,
S0108,archive/Account1/runs/g4m-r0-m1e3-s0-4885879.out,78007e83dd3f31bd5f7b1bb85b9cf76d3cbb4eaf550840e98655ce0f883ba25b,g4m-r0-m1e3-s0,0,true,,,,,,,,,,
S0109,archive/Account1/runs/g4m-r0-m1e3-s1-4885906.out,afae33da7b87ce88ba70e25825e99466f6eaa0d46366cadd1f5398f9ee17058b,g4m-r0-m1e3-s1,1,true,,,,,,,,,,
S0110,archive/Account1/runs/g4m-r0-m1e3-s2-4885930.out,bb45a7c72e11162be577782e71430e4cdfb1c7f996b9e5c72dc96dad490140f1,g4m-r0-m1e3-s2,2,true,,,,,,,,,,
S0111,archive/Account1/runs/g4m-r0-m1e4-s0-4885877.out,c6bd80748e3e75660d867628e4af24644db5c28e42aa7f260bdcaef1ba790d60,g4m-r0-m1e4-s0,0,true,,,,,,,,,,
S0112,archive/Account1/runs/g4m-r0-m1e4-s1-4885904.out,34eca65c351634754504bb9266825bf375ce0e50f18d4e2dcf0c4470d589a4f5,g4m-r0-m1e4-s1,1,true,,,,,,,,,,
S0113,archive/Account1/runs/g4m-r0-m1e4-s2-4885928.out,30399daa1b457dec2301d9390e65423d253f35b4fed7267361c2340e886054ba,g4m-r0-m1e4-s2,2,true,,,,,,,,,,
S0114,archive/Account1/runs/g4m-r0-m3e2-s0-4885882.out,344fde878ca0823a4871b10114391fcb321910179078f36ac8268daadba495a0,g4m-r0-m3e2-s0,0,true,,,,,,,,,,
S0115,archive/Account1/runs/g4m-r0-m3e2-s1-4885909.out,08e496879975ced4af2ea7c57eaa2d11dee134290eb98e56db02af7ecfc926a4,g4m-r0-m3e2-s1,1,true,,,,,,,,,,
S0116,archive/Account1/runs/g4m-r0-m3e2-s2-4885933.out,376b2d7a68f4b675bbf748d5e05bcef5caea84e7c496fe617f1e917944e59242,g4m-r0-m3e2-s2,2,true,,,,,,,,,,
S0117,archive/Account1/runs/g4m-r0-m3e3-s0-4885880.out,a59deb03e027628f4113a3d8bc4e66d7b09d235f7741a7128ffbf98f9ac0c4bd,g4m-r0-m3e3-s0,0,true,,,,,,,,,,
S0118,archive/Account1/runs/g4m-r0-m3e3-s1-4885907.out,4dc7a05330d4ad875315e808b7c0306301d2e55fe39aeab5c3b102f084e6dff2,g4m-r0-m3e3-s1,1,true,,,,,,,,,,
S0119,archive/Account1/runs/g4m-r0-m3e3-s2-4885931.out,33d612ed5e1ff6ed4a6256dfc2f2a6d611ed6452fec177be3a4776f50f4f3aab,g4m-r0-m3e3-s2,2,true,,,,,,,,,,
S0120,archive/Account1/runs/g4m-r0-m3e4-s0-4885878.out,0b701a4f3e760c5fd597944ce9d9f713ed8ed863af0669bf8bfd4b2b0dcb8368,g4m-r0-m3e4-s0,0,true,,,,,,,,,,
S0121,archive/Account1/runs/g4m-r0-m3e4-s1-4885905.out,24b25296e841dd190ca01c5cb459a0786246e9d1f515ebe9952d2951d869bd1a,g4m-r0-m3e4-s1,1,true,,,,,,,,,,
S0122,archive/Account1/runs/g4m-r0-m3e4-s2-4885929.out,3dd3b792d2b6a3d6f6c1940bb3bfcd1280c5f2af1289f60ff5e0f016d1de3bd6,g4m-r0-m3e4-s2,2,true,,,,,,,,,,
S0123,archive/Account1/runs/g4m-r006-m1e2-s0-4885890.out,ed71d5fe9efdf8c4352bee9c5da6f3b1e11bfefaf7d2b0524bce9ca09c5455b6,g4m-r006-m1e2-s0,0,true,,,,,,,,,,
S0124,archive/Account1/runs/g4m-r006-m1e2-s1-4885914.out,96d10c8d5cc2aee7944558e39646b93faffc166bcb0d9c3643e35f7616c5e5ba,g4m-r006-m1e2-s1,1,true,,,,,,,,,,
S0125,archive/Account1/runs/g4m-r006-m1e2-s2-4885938.out,5bc188c4e1988c16322180d04b033837b3470783d76153081a8b181c390d4144,g4m-r006-m1e2-s2,2,true,,,,,,,,,,
S0126,archive/Account1/runs/g4m-r006-m1e3-s0-4885888.out,491752775abaa7269fbbddca3cd4d9da95fdfed551770817baafa2282b9be39c,g4m-r006-m1e3-s0,0,true,,,,,,,,,,
S0127,archive/Account1/runs/g4m-r006-m1e3-s1-4885912.out,1e7bd27cf8ad6b0ba725ff8811ebcce3f0aef83c6a9f5f5ffd36b212b8d6b89d,g4m-r006-m1e3-s1,1,true,,,,,,,,,,
S0128,archive/Account1/runs/g4m-r006-m1e3-s2-4885936.out,d678ad0bde64d66dbeaa484462cf6dfee4dac7b7c5153a4211dfb48992fa51fb,g4m-r006-m1e3-s2,2,true,,,,,,,,,,
S0129,archive/Account1/runs/g4m-r006-m1e4-s0-4885883.out,f3903eb4ad7719cb3ddcd28a8c76ddb46830270f1105f8b8ef15be10ae52b70b,g4m-r006-m1e4-s0,0,true,,,,,,,,,,
S0130,archive/Account1/runs/g4m-r006-m1e4-s1-4885910.out,53630f47e3d50e67f31ff819ffc998ddb673d8fb883985a31789f4b823547084,g4m-r006-m1e4-s1,1,true,,,,,,,,,,
S0131,archive/Account1/runs/g4m-r006-m1e4-s2-4885934.out,af9f6a7e007410d68188d388e231aedddcc229a1ccee4ca06c4712657a3086bd,g4m-r006-m1e4-s2,2,true,,,,,,,,,,
S0132,archive/Account1/runs/g4m-r006-m3e2-s0-4885891.out,432d17eee4c26e56b822d86da28a5b355bdb759adc425ea4695cba9b42016a95,g4m-r006-m3e2-s0,0,true,,,,,,,,,,
S0133,archive/Account1/runs/g4m-r006-m3e2-s1-4885915.out,8dd7a6af94cdf799910c360dedfa999f452df606972f40e809c91cfe850f2561,g4m-r006-m3e2-s1,1,true,,,,,,,,,,
S0134,archive/Account1/runs/g4m-r006-m3e2-s2-4885939.out,f77187dff3d3c1314937bf78efb32e87f0bd8dcc689c3059398874242861f610,g4m-r006-m3e2-s2,2,true,,,,,,,,,,
S0135,archive/Account1/runs/g4m-r006-m3e3-s0-4885889.out,334b6e868ac55a148f10e1dbb14742d5da43082fe5ec59f21a810ee635828791,g4m-r006-m3e3-s0,0,true,,,,,,,,,,
S0136,archive/Account1/runs/g4m-r006-m3e3-s1-4885913.out,62484df42b75450926bb62b6f55556857475a3ffa311bae6eb7acc4a01d58186,g4m-r006-m3e3-s1,1,true,,,,,,,,,,
S0137,archive/Account1/runs/g4m-r006-m3e3-s2-4885937.out,23373535daaf729b2f355f5a8e777758892a526b72c91ceef2f0d44a577ab2d8,g4m-r006-m3e3-s2,2,true,,,,,,,,,,
S0138,archive/Account1/runs/g4m-r006-m3e4-s0-4885884.out,5df2467704a5f855c0b8dea6cbb0cdbf1de17f29babeca26a98ebeeb5bce9d1b,g4m-r006-m3e4-s0,0,true,,,,,,,,,,
S0139,archive/Account1/runs/g4m-r006-m3e4-s1-4885911.out,bc9298dc95c45a4a7cb99abcdf02ca5586aff2aec3d43549dd65b4744de9bc3f,g4m-r006-m3e4-s1,1,true,,,,,,,,,,
S0140,archive/Account1/runs/g4m-r006-m3e4-s2-4885935.out,7dbdc49280cac637ce4c1fc09d8d3edb915529ff16e323d3637a6f734bb81f26,g4m-r006-m3e4-s2,2,true,,,,,,,,,,
S0141,archive/Account1/runs/g4m-r02-m1e2-s0-4885896.out,48938b9a09969c0a91873527599beebf8d219aa9ce843ee6c4fe99b7e1382669,g4m-r02-m1e2-s0,0,true,,,,,,,,,,
S0142,archive/Account1/runs/g4m-r02-m1e2-s1-4885920.out,c35572b9154fd8c1e13d80092b253c0e8f7a49a308a477989cac9366c61215f7,g4m-r02-m1e2-s1,1,true,,,,,,,,,,
S0143,archive/Account1/runs/g4m-r02-m1e2-s2-4885944.out,e1982db6da66f9669a9fb0c7227ef8ee6e6934f82bcbf252e0ebfd63a2cabcdf,g4m-r02-m1e2-s2,2,true,,,,,,,,,,
S0144,archive/Account1/runs/g4m-r02-m1e3-s0-4885894.out,4128d30a20913341d5056e3811ba42e1b331421ffd3b7856cdf8fa1f5417d78d,g4m-r02-m1e3-s0,0,true,,,,,,,,,,
S0145,archive/Account1/runs/g4m-r02-m1e3-s1-4885918.out,eb9de12f677b7747bbc5d751c4eb43f58eb8b3900ebba370e07c9ee63fc4f8dd,g4m-r02-m1e3-s1,1,true,,,,,,,,,,
S0146,archive/Account1/runs/g4m-r02-m1e3-s2-4885942.out,57925dc3e01cf87ff0b29674fe1383adfff4ce29b21de22c27ea429b8231ee7e,g4m-r02-m1e3-s2,2,true,,,,,,,,,,
S0147,archive/Account1/runs/g4m-r02-m1e4-s0-4885892.out,8671803600b69d22673342367856c5bf457a2eea9e1b7fb2c48f4b1714707a42,g4m-r02-m1e4-s0,0,true,,,,,,,,,,
S0148,archive/Account1/runs/g4m-r02-m1e4-s1-4885916.out,f2739cf33e9e69550c0cbcc06c43f6712d8483697a66e0f81016a656c6a2aa44,g4m-r02-m1e4-s1,1,true,,,,,,,,,,
S0149,archive/Account1/runs/g4m-r02-m1e4-s2-4885940.out,3721047ba0563653d8a342b3c0ca8d7a934e660a4340b57d483799899098ed67,g4m-r02-m1e4-s2,2,true,,,,,,,,,,
S0150,archive/Account1/runs/g4m-r02-m3e2-s0-4885897.out,9bef26695295ec7ae55cfcea38acf340ec8abf907538046c8fb85917f72d493a,g4m-r02-m3e2-s0,0,true,,,,,,,,,,
S0151,archive/Account1/runs/g4m-r02-m3e2-s1-4885921.out,f3325c8a05545b48a96aef9983391daeca5eb474be223013249ca37635622d5d,g4m-r02-m3e2-s1,1,true,,,,,,,,,,
S0152,archive/Account1/runs/g4m-r02-m3e2-s2-4885945.out,1f2fbf3d5a41ba5910bd67fc58181434deee641d3cfae31535cbcd9929bf2591,g4m-r02-m3e2-s2,2,true,,,,,,,,,,
S0153,archive/Account1/runs/g4m-r02-m3e3-s0-4885895.out,a8006c548a94f16eeaeb328c6a5b9f89500d594aa4b0ab2e50b0e1368fa4f896,g4m-r02-m3e3-s0,0,true,,,,,,,,,,
S0154,archive/Account1/runs/g4m-r02-m3e3-s1-4885919.out,bb7b39aecde149aae5078874fb40130dc0e115e067980d0158e17725c00984b7,g4m-r02-m3e3-s1,1,true,,,,,,,,,,
S0155,archive/Account1/runs/g4m-r02-m3e3-s2-4885943.out,d3d0927b5976dbc8cd4f86cf404146e04ca719d9f1ed48ff583f5e4a027873d3,g4m-r02-m3e3-s2,2,true,,,,,,,,,,
S0156,archive/Account1/runs/g4m-r02-m3e4-s0-4885893.out,ed3aecafe7b718674147230fec21b9633245c673592959e12e6a036b7ba4c9e3,g4m-r02-m3e4-s0,0,true,,,,,,,,,,
S0157,archive/Account1/runs/g4m-r02-m3e4-s1-4885917.out,bc226a7645a48315ece800e0951154b041451c1a8b80af7a7dc42a432984df4c,g4m-r02-m3e4-s1,1,true,,,,,,,,,,
S0158,archive/Account1/runs/g4m-r02-m3e4-s2-4885941.out,e3279c689cb3ebb4a9a5db166e9ba12fcc1adbf1fa74c519b00498280282c2db,g4m-r02-m3e4-s2,2,true,,,,,,,,,,
S0159,archive/Account1/runs/g4m-r1-m1e2-s0-4885902.out,a50a14092b435cf060a0c7cb8faf4d393bf46cda8cceba76f0b497f00f34e104,g4m-r1-m1e2-s0,0,true,,,,,,,,,,
S0160,archive/Account1/runs/g4m-r1-m1e2-s1-4885926.out,fa2d4c60f383319f88dffdfc6fd5be3ecc0499bf4622467e934b426c7a195ac1,g4m-r1-m1e2-s1,1,true,,,,,,,,,,
S0161,archive/Account1/runs/g4m-r1-m1e2-s2-4885950.out,b6c9514dcb956718b5053112c5c2898e4f1b6aeb62db49e277c91ce454d53b86,g4m-r1-m1e2-s2,2,true,,,,,,,,,,
S0162,archive/Account1/runs/g4m-r1-m1e3-s0-4885900.out,f3655e866315993c4843b13bf01d15b765902d28b8119b33ed3472f0fc2d5bb4,g4m-r1-m1e3-s0,0,true,,,,,,,,,,
S0163,archive/Account1/runs/g4m-r1-m1e3-s1-4885924.out,d8231f92dea1dca33b033a025e74302b2d72834a9ff2d18f3339e222c6b357d8,g4m-r1-m1e3-s1,1,true,,,,,,,,,,
S0164,archive/Account1/runs/g4m-r1-m1e3-s2-4885948.out,a13b517ab6f0f7874ab8d4bb863919175768730d854140874caed6d565d5d5e1,g4m-r1-m1e3-s2,2,true,,,,,,,,,,
S0165,archive/Account1/runs/g4m-r1-m1e4-s0-4885898.out,dc2c51e88a7903e40e03331b85a8d4c2788d5ca78c6a3f4b7941943a4e7767e2,g4m-r1-m1e4-s0,0,true,,,,,,,,,,
S0166,archive/Account1/runs/g4m-r1-m1e4-s1-4885922.out,dc802465f749b4d90a55e86688b52bdae22ace9a99cae4f95a702298cab0a27f,g4m-r1-m1e4-s1,1,true,,,,,,,,,,
S0167,archive/Account1/runs/g4m-r1-m1e4-s2-4885946.out,161f5d9d3c2678cce17e12f57b6c2bb1de8010a106eb8c59f8c688b1f9c7cede,g4m-r1-m1e4-s2,2,true,,,,,,,,,,
S0168,archive/Account1/runs/g4m-r1-m3e2-s0-4885903.out,e5f7c32d8d42471715be2c699fe14a5062eb59a6ab1ae1d98ace659b05c9b71f,g4m-r1-m3e2-s0,0,true,,,,,,,,,,
S0169,archive/Account1/runs/g4m-r1-m3e2-s1-4885927.out,44b6d089d78ce07d1351609a26fdc032327de196d625be3043606e8662ff0f87,g4m-r1-m3e2-s1,1,true,,,,,,,,,,
S0170,archive/Account1/runs/g4m-r1-m3e2-s2-4885951.out,69a0857de1df9b71f1161a794da8e24f90c033035a95d6773ec0a8f3b2be815c,g4m-r1-m3e2-s2,2,true,,,,,,,,,,
S0171,archive/Account1/runs/g4m-r1-m3e3-s0-4885901.out,e1e06af207cef86be47e99404370df08b1eccd571f42f761446c6aa7b6b93466,g4m-r1-m3e3-s0,0,true,,,,,,,,,,
S0172,archive/Account1/runs/g4m-r1-m3e3-s1-4885925.out,93c42d49824b41fbb530c27907e94833d1cf626f6c511774930d556ddb6f7b9c,g4m-r1-m3e3-s1,1,true,,,,,,,,,,
S0173,archive/Account1/runs/g4m-r1-m3e3-s2-4885949.out,35d6b3f09b03fd37b56e355e03b5aa455a6fc37b0b13de638e99dbcf8f348e03,g4m-r1-m3e3-s2,2,true,,,,,,,,,,
S0174,archive/Account1/runs/g4m-r1-m3e4-s0-4885899.out,b55142d2078534a97fd0440150349caecfb9e91c1ce3201b229bf4f855558b87,g4m-r1-m3e4-s0,0,true,,,,,,,,,,
S0175,archive/Account1/runs/g4m-r1-m3e4-s1-4885923.out,caf8855077c8813c9a7548dc7cd11fe00e4147777da938f661a4e1c93ae9eeb3,g4m-r1-m3e4-s1,1,true,,,,,,,,,,
S0176,archive/Account1/runs/g4m-r1-m3e4-s2-4885947.out,66ea827ba35978cce964a14a81ca10ed9181d57e045b9fab838283e6a30199f3,g4m-r1-m3e4-s2,2,true,,,,,,,,,,
S0177,repository/docs/MASTER-TABLE.md,,,,true,repository/docs/MASTER-TABLE.md:132,132,,,,,,,,
S0178,repository/analysis/cA1_g4_score.py,,,,true,repository/analysis/cA1_g4_score.py,,,,,,,,,
S0179,archive/Account2/runs/tl1-a3-plain-s0-4886444.out,53c6119f8307b25b9734c1e948814cb691caf41484cd3a923547ab6b9d7c8ee3,tl1-a3-plain-s0,0,true,,,,,,,,,,
S0180,archive/Account2/runs/tl1-a3-plain-s1-4886451.out,8dcd542208d1934c213886cbf0bb55eabaa0c0782f38e449f439593747b535c7,tl1-a3-plain-s1,1,true,,,,,,,,,,
S0181,archive/Account2/runs/tl1-a3-plain-s2-4886458.out,0977dc4129b490105cb0ad0562a451bd08c980fdd659d69db86c7f29615aa170,tl1-a3-plain-s2,2,true,,,,,,,,,,
S0182,archive/Account2/runs/tl1-a3-r0-s0-4886439.out,00a8cd9f80148ab3df784064f2e460e911d822190af5ffb2161e1117b80c7714,tl1-a3-r0-s0,0,true,,,,,,,,,,
S0183,archive/Account2/runs/tl1-a3-r0-s1-4886446.out,9e0b56ea1dae75b87a8570971271943f516756cbda0d0d90d70eebd279539237,tl1-a3-r0-s1,1,true,,,,,,,,,,
S0184,archive/Account2/runs/tl1-a3-r0-s2-4886453.out,076c2bc55eec369f356348b7a8fe5935133bc03ce2dee7cb8d711ba49dcbfd2a,tl1-a3-r0-s2,2,true,,,,,,,,,,
S0185,archive/Account2/runs/tl1-a3-r003-s0-4886440.out,73e69ff57b575e6484d92175e811fb0ca7299846382c56a968d13101cfb3c613,tl1-a3-r003-s0,0,true,,,,,,,,,,
S0186,archive/Account2/runs/tl1-a3-r003-s1-4886447.out,bc04f09e27c72c81b30d90bfac7bcfcc06975686a8f74d816cee29560f15a05b,tl1-a3-r003-s1,1,true,,,,,,,,,,
S0187,archive/Account2/runs/tl1-a3-r003-s2-4886454.out,fc3c6c4fe4216380e5beb585b19ecaf1df2f41dc0d2c595300722dd14ff54b2a,tl1-a3-r003-s2,2,true,,,,,,,,,,
S0188,archive/Account2/runs/tl1-a3-r01-s0-4886441.out,8119c688bc7169fef561425e37de12eb9c7826a024f176f8c1fcfe7dc722851c,tl1-a3-r01-s0,0,true,,,,,,,,,,
S0189,archive/Account2/runs/tl1-a3-r01-s1-4886448.out,d3b58e9016254fa1636e8645da75a7bcf0267b5ed8a4d1198554ceb7304b9ccd,tl1-a3-r01-s1,1,true,,,,,,,,,,
S0190,archive/Account2/runs/tl1-a3-r01-s2-4886455.out,3dd857109683cb98ad32adc82dbfd158c90dae72ea8d0d3616672a3f02750efc,tl1-a3-r01-s2,2,true,,,,,,,,,,
S0191,archive/Account2/runs/tl1-a3-r03-s0-4886442.out,44deb6ff48760be4ccfb421e7a83a3abfc7f6c3eac31ce7c03ea5b3af463d899,tl1-a3-r03-s0,0,true,,,,,,,,,,
S0192,archive/Account2/runs/tl1-a3-r03-s1-4886449.out,7bb54838c548ad609fbd6477ec4dffde1665879982ebf781c48d202fa286455f,tl1-a3-r03-s1,1,true,,,,,,,,,,
S0193,archive/Account2/runs/tl1-a3-r03-s2-4886456.out,c3032af4008126753405c5fb0f4ccba6ac548d7f5ccd44126297bec184061178,tl1-a3-r03-s2,2,true,,,,,,,,,,
S0194,archive/Account2/runs/tl1-a3-r1-s0-4886443.out,09e1e60d36a585ba989ee5b091b725148dca1cbe41bf7a49d8d77ea0b7173510,tl1-a3-r1-s0,0,true,,,,,,,,,,
S0195,archive/Account2/runs/tl1-a3-r1-s1-4886450.out,886ef2863ac0bad5c0e69e03f8e01746cca3ded0808eab688d8c4aca56ac46ae,tl1-a3-r1-s1,1,true,,,,,,,,,,
S0196,archive/Account2/runs/tl1-a3-r1-s2-4886457.out,8bef53758d5f71681a0cd4057c86d98199e320eff89972431ac33b39d7417278,tl1-a3-r1-s2,2,true,,,,,,,,,,
S0197,archive/Account2/runs/tl1-a3-scal-s0-4886445.out,fcab90fc224bc519c985473288fcad13b2aca7f9a07a1ade1d1b66ad7b395850,tl1-a3-scal-s0,0,true,,,,,,,,,,
S0198,archive/Account2/runs/tl1-a3-scal-s1-4886452.out,a280f9eb762ac84aa4c79cc215504f94c5f9d0384aa5c0e6cf93a07f9512110b,tl1-a3-scal-s1,1,true,,,,,,,,,,
S0199,archive/Account2/runs/tl1-a3-scal-s2-4886459.out,ade40cece905d83e4608025a446206bce06e42bba5d971833c4f5dbc57c8f6fe,tl1-a3-scal-s2,2,true,,,,,,,,,,
S0200,archive/Account2/runs/tl1-a6-plain-s0-4886423.out,5be5cf13bdffd0b708a0ed880c1b90b4e0fa2b7d3c5803ea6a28301ecbab6493,tl1-a6-plain-s0,0,true,,,,,,,,,,
S0201,archive/Account2/runs/tl1-a6-plain-s1-4886430.out,024c769535365c36217237b598fb60e3a90916bfd8dc5c2e7c79cc47d121b598,tl1-a6-plain-s1,1,true,,,,,,,,,,
S0202,archive/Account2/runs/tl1-a6-plain-s2-4886437.out,057ddc5cf8a28a3f024ab3d10232d2b9a93d3cf7c0ab9e973f89bfbc93a86c9b,tl1-a6-plain-s2,2,true,,,,,,,,,,
S0203,archive/Account2/runs/tl1-a6-r0-s0-4886418.out,428b448ef40cff44bd69b90dcda09ad8a072a9b0a61ef5ec3a2890d18cdf77e1,tl1-a6-r0-s0,0,true,,,,,,,,,,
S0204,archive/Account2/runs/tl1-a6-r0-s1-4886425.out,0abd430c789492989d7457f49fa70d397c6a075fea6f66abc94033d05de0c183,tl1-a6-r0-s1,1,true,,,,,,,,,,
S0205,archive/Account2/runs/tl1-a6-r0-s2-4886432.out,a73505f06fc04321648fd8957daa77c6d9c619479f0d29ce60f8e20c14b0d615,tl1-a6-r0-s2,2,true,,,,,,,,,,
S0206,archive/Account2/runs/tl1-a6-r003-s0-4886419.out,a891caf8778ececa1c717e159509793a59f0e045fff233fa35bf99f55cf8bb61,tl1-a6-r003-s0,0,true,,,,,,,,,,
S0207,archive/Account2/runs/tl1-a6-r003-s1-4886426.out,d7c0ccdc3e98f4fa3a843c20af60901f74c6b63003a22f3fe4d8cfbff5236c17,tl1-a6-r003-s1,1,true,,,,,,,,,,
S0208,archive/Account2/runs/tl1-a6-r003-s2-4886433.out,f564e8c310bc805401eb6efa51169d4eb01e10d2e6d932d6f21cc67027999753,tl1-a6-r003-s2,2,true,,,,,,,,,,
S0209,archive/Account2/runs/tl1-a6-r01-s0-4886420.out,11177513d50c16ddae818674bcd6b61945c125d674f7ebbed75fbed3a3d7d463,tl1-a6-r01-s0,0,true,,,,,,,,,,
S0210,archive/Account2/runs/tl1-a6-r01-s1-4886427.out,ae488bad9dcef86fa7cae5e56c399ddddd3ed117eac69cddeebe5bb73fe8a0cb,tl1-a6-r01-s1,1,true,,,,,,,,,,
S0211,archive/Account2/runs/tl1-a6-r01-s2-4886434.out,4599e650e95d14810e884243a573b251254dfb932843ee272f9b670b8e56c99e,tl1-a6-r01-s2,2,true,,,,,,,,,,
S0212,archive/Account2/runs/tl1-a6-r03-s0-4886421.out,0601f7cf243dfa87d4086cedbd3c09c573f4652d45ba0586e4757f1c75061bf0,tl1-a6-r03-s0,0,true,,,,,,,,,,
S0213,archive/Account2/runs/tl1-a6-r03-s1-4886428.out,3f6c42756cc7ec29688b81039dd3455f3524b07300934ff5ac5c4d07d1cbc031,tl1-a6-r03-s1,1,true,,,,,,,,,,
S0214,archive/Account2/runs/tl1-a6-r03-s2-4886435.out,c288f282b277adf71f6c7abb726575f9ac5a2aba142ccc289069ec4beae0ceaf,tl1-a6-r03-s2,2,true,,,,,,,,,,
S0215,archive/Account2/runs/tl1-a6-r1-s0-4886422.out,004cf8398aadde3105f662a7a61dfb1e94ebf4c067fcf8447a3eec6931e240a3,tl1-a6-r1-s0,0,true,,,,,,,,,,
S0216,archive/Account2/runs/tl1-a6-r1-s1-4886429.out,2f7fab137dbb52a80a0456e51f0ca79ca68fe9c60c79075f6378c41825f4d84a,tl1-a6-r1-s1,1,true,,,,,,,,,,
S0217,archive/Account2/runs/tl1-a6-r1-s2-4886436.out,272ab0f15244528a02d264c47bb072be27b533306e81b5b97fd7da580cd18446,tl1-a6-r1-s2,2,true,,,,,,,,,,
S0218,archive/Account2/runs/tl1-a6-scal-s0-4886424.out,a3253b909431c1b76e4be53f61bab7920774411f6e679071a95c7715cff06977,tl1-a6-scal-s0,0,true,,,,,,,,,,
S0219,archive/Account2/runs/tl1-a6-scal-s1-4886431.out,e36355bcd8326ec15a4726e8fe1580b88d85ae142ac1da6295abc59ad9e3925a,tl1-a6-scal-s1,1,true,,,,,,,,,,
S0220,archive/Account2/runs/tl1-a6-scal-s2-4886438.out,6e51ecd5372d936ec75468c7f18d68a52401fbd4f23702d9ee135aaea83f7448,tl1-a6-scal-s2,2,true,,,,,,,,,,
S0221,repository/docs/MASTER-TABLE.md,,,,true,repository/docs/MASTER-TABLE.md:133,133,,,,,,,,
S0222,repository/analysis/cG1_tl_score.py,,,,true,repository/analysis/cG1_tl_score.py,,,,,,,,,
S0223,archive/Account2/runs/eb1-lay-s0-4886461.out,a92858540d2cf8996373e5538f512055323867dbf2df1bbbf03104f0186c01a9,eb1-lay-s0,0,true,,,,,,,,,,
S0224,archive/Account2/runs/eb1-lay-s1-4886467.out,4e2da43aa43cde2513d61c89641c2ef83007d150df0ed11baa7e0b65c07e96b0,eb1-lay-s1,1,true,,,,,,,,,,
S0225,archive/Account2/runs/eb1-lay-s2-4886473.out,8b0426930d8833ed8e7b2d11864d1813cd468766743fab53ffc614ce3f27f049,eb1-lay-s2,2,true,,,,,,,,,,
S0226,archive/Account2/runs/eb1-a1-s0-4886462.out,4e0469ca64c2cd3fa3e6e1c814bf617024af18d022088cf2978982e4dc6ec1f8,eb1-a1-s0,0,true,,,,,,,,,,
S0227,archive/Account2/runs/eb1-a1-s1-4886468.out,1cfdd70577aa5b1ef51918866d31a8698ecdb8ab25c58a745300b7572284e956,eb1-a1-s1,1,true,,,,,,,,,,
S0228,archive/Account2/runs/eb1-a1-s2-4886474.out,57947730707dcc13fbfe0a0259d5cd544ac94bc2e8fe40f36d870d8029aa4efe,eb1-a1-s2,2,true,,,,,,,,,,
S0229,archive/Account2/runs/eb1-a06-s0-4886463.out,44399ded79a51d1124cba1ba64fbe00918bc17083bf7f55ed22a41d3be3796d2,eb1-a06-s0,0,true,,,,,,,,,,
S0230,archive/Account2/runs/eb1-a06-s1-4886469.out,31e11d6f5c1eb14448c1f157a9c8f8aa5d7353f530c05fbec76de6e7f4711240,eb1-a06-s1,1,true,,,,,,,,,,
S0231,archive/Account2/runs/eb1-a06-s2-4886475.out,f41c5702f958231e2ab77f2c6c45af78cc2b6d559eb9684bd1295392837ae85f,eb1-a06-s2,2,true,,,,,,,,,,
S0232,archive/Account2/runs/eb1-ebjs-s0-4886464.out,b67cf66a2f7022ad574abbec91141bda53edad2963ab378ff6a9fb3bbb8625fe,eb1-ebjs-s0,0,true,,,,,,,,,,
S0233,archive/Account2/runs/eb1-ebjs-s1-4886470.out,a3655cc00224bfb369f8aab85cd4e7a0c8abab114169576c77efcf9cc8937d26,eb1-ebjs-s1,1,true,,,,,,,,,,
S0234,archive/Account2/runs/eb1-ebjs-s2-4886476.out,c4b199c8e4d3cc9587d2431876efb59d0f5b1c7191e60c0ad18e9105582bddfb,eb1-ebjs-s2,2,true,,,,,,,,,,
S0235,archive/Account2/runs/eb1-ebjr-s0-4886465.out,b4f8be64122662ecbbb2d88932c068b97422d53748043c9cc962b60fb63f4411,eb1-ebjr-s0,0,true,,,,,,,,,,
S0236,archive/Account2/runs/eb1-ebjr-s1-4886471.out,cc1a3c39188a30fca89c8f92d7a5d716f0797867cc785fe9e2cd89b0bbbfb71f,eb1-ebjr-s1,1,true,,,,,,,,,,
S0237,archive/Account2/runs/eb1-ebjr-s2-4886477.out,d066a53244158b834d7b087107dea124407476862a98eb77faa142ba4475beb7,eb1-ebjr-s2,2,true,,,,,,,,,,
S0238,archive/Account2/runs/eb1-ebjz-s0-4886466.out,c937a03160b79a3f24713634483f19af63576bde75c39c8c7648af0374297d2c,eb1-ebjz-s0,0,true,,,,,,,,,,
S0239,archive/Account2/runs/eb1-ebjz-s1-4886472.out,8eb749f7b16fe0b1c9737bdd284d68ee4c6021ca0a07cf95223e83053063e414,eb1-ebjz-s1,1,true,,,,,,,,,,
S0240,archive/Account2/runs/eb1-ebjz-s2-4886478.out,24a64b638b51cf0db8c8be69fddc60b50e4ef575f86d077f3e75dfe0724f191b,eb1-ebjz-s2,2,true,,,,,,,,,,
S0241,repository/docs/MASTER-TABLE.md,,,,true,repository/docs/MASTER-TABLE.md:134,134,,,,,,,,
S0242,repository/analysis/cG16_eb_score.py,,,,true,repository/analysis/cG16_eb_score.py,,,,,,,,,
S0243,archive/Account1/runs/a2g3-1e3-r0-s0-4885972.out,2dc04f3ca2610e917c43ed34cd20e48f12f213665d3ff4bd893fbd9cf05a02ee,a2g3-1e3-r0-s0,0,true,,,,,,,,,,
S0244,archive/Account1/runs/a2g3-1e3-r0-s1-4885973.out,97715bd4e5d9d4a78fbee06524e6b868e419f41a5ecf9b2727facfe9030049f7,a2g3-1e3-r0-s1,1,true,,,,,,,,,,
S0245,archive/Account1/runs/a2g3-1e3-r0-s2-4885974.out,171b7cc6c21e4ad1358a7f3aec6c72cac77ce9e1b3ee16b60372a42541930e12,a2g3-1e3-r0-s2,2,true,,,,,,,,,,
S0246,archive/Account1/runs/a2g3-1e3-r0p03-s0-4885975.out,3cfc56117ea754f99b8c00812b3fbe07c56702b6a71429a9362b8e3ef85730b4,a2g3-1e3-r0p03-s0,0,true,,,,,,,,,,
S0247,archive/Account1/runs/a2g3-1e3-r0p03-s1-4885976.out,5221227e71cba3e729abd0ed10a46be8fb937f02382df596dd4bbde1c8352b07,a2g3-1e3-r0p03-s1,1,true,,,,,,,,,,
S0248,archive/Account1/runs/a2g3-1e3-r0p03-s2-4885977.out,3fdabad2a1979b663d64957c498af8a824da046739ca9002152bc6363c0d1852,a2g3-1e3-r0p03-s2,2,true,,,,,,,,,,
S0249,archive/Account1/runs/a2g3-1e3-r0p06-s0-4885978.out,6518d40bb57a5f5114bf185d2a5bb4ac51ff197e717d914d59e056dc015c2768,a2g3-1e3-r0p06-s0,0,true,,,,,,,,,,
S0250,archive/Account1/runs/a2g3-1e3-r0p06-s1-4885979.out,f8872a7595f642685cb5457f6f3512aea0abb7e24278f2b031cfddf14039ebf7,a2g3-1e3-r0p06-s1,1,true,,,,,,,,,,
S0251,archive/Account1/runs/a2g3-1e3-r0p06-s2-4885980.out,cbb584c9b353ba8269ef6775e05d58eac18afc98b225ff587419f846dc95c229,a2g3-1e3-r0p06-s2,2,true,,,,,,,,,,
S0252,archive/Account1/runs/a2g3-1e3-r0p1-s0-4885981.out,be9da22921e5d962f56fa7a1ab5759eb08c79603013ce6ff2f17d2de1f77f916,a2g3-1e3-r0p1-s0,0,true,,,,,,,,,,
S0253,archive/Account1/runs/a2g3-1e3-r0p1-s1-4885982.out,048bfda36a7a8d8e1207abdb0e0e1a980f18c288dd0e3b17abe58975ab698558,a2g3-1e3-r0p1-s1,1,true,,,,,,,,,,
S0254,archive/Account1/runs/a2g3-1e3-r0p1-s2-4885983.out,b6cb9e4d3c0ba0abf091d4229d3bc45669c869dd3bd50e8ce808c5873f386ca8,a2g3-1e3-r0p1-s2,2,true,,,,,,,,,,
S0255,archive/Account1/runs/a2g3-1e3-r0p2-s0-4885984.out,0846ead2aea88252d28c530e03bbe4325b521a796dfa8a537ee38b0d5c84132b,a2g3-1e3-r0p2-s0,0,true,,,,,,,,,,
S0256,archive/Account1/runs/a2g3-1e3-r0p2-s1-4885985.out,dfc48c7598ece69d0a3021056452ffed7f61197deca22e24f69f699311043370,a2g3-1e3-r0p2-s1,1,true,,,,,,,,,,
S0257,archive/Account1/runs/a2g3-1e3-r0p2-s2-4885986.out,76cc3560451c72d67d5709182f0a84706159bd17596e5589c3a10b4f6bdb8546,a2g3-1e3-r0p2-s2,2,true,,,,,,,,,,
S0258,archive/Account1/runs/a2g3-1e3-r1-s0-4885987.out,5ea31624054af72cc2469d4d36f578c7de93474518df4803ac9c6f6b29897e4e,a2g3-1e3-r1-s0,0,true,,,,,,,,,,
S0259,archive/Account1/runs/a2g3-1e3-r1-s1-4885988.out,b522b3cb42fded61fafb7423f96621efdd55215a66a09e1e19f696b6f6ccd06d,a2g3-1e3-r1-s1,1,true,,,,,,,,,,
S0260,archive/Account1/runs/a2g3-1e3-r1-s2-4885989.out,1640a7bb6393f3bad20dfff615e46a1572b3cbd222007ae749c2d8833785341d,a2g3-1e3-r1-s2,2,true,,,,,,,,,,
S0261,archive/Account1/runs/a2g3-1e6-r0-s0-4885954.out,2805908f8524568b0be4c607633a4526efea525d7ad9aa52f4784e7b2945596e,a2g3-1e6-r0-s0,0,true,,,,,,,,,,
S0262,archive/Account1/runs/a2g3-1e6-r0-s1-4885955.out,7e3739dbab8645fc6f7c66dbbec07398e1f5e78cb72e212737dd9b87474d80a3,a2g3-1e6-r0-s1,1,true,,,,,,,,,,
S0263,archive/Account1/runs/a2g3-1e6-r0-s2-4885956.out,887abd386b396658d33af1982f697b07a87d70f6bdd4a6be4fab73d9142e99b2,a2g3-1e6-r0-s2,2,true,,,,,,,,,,
S0264,archive/Account1/runs/a2g3-1e6-r0p03-s0-4885957.out,5f71f5638d39522374250b71e9f88ea4e4d6548504c5b716955768690e946970,a2g3-1e6-r0p03-s0,0,true,,,,,,,,,,
S0265,archive/Account1/runs/a2g3-1e6-r0p03-s1-4885958.out,a6ea4a5505bc4e0beb4c6d99e59902c22f95b3d876705766d216cee4517a1e72,a2g3-1e6-r0p03-s1,1,true,,,,,,,,,,
S0266,archive/Account1/runs/a2g3-1e6-r0p03-s2-4885959.out,38570cadc2a656af25988347625bc16622518600ee3bea5578d18b7a44e73195,a2g3-1e6-r0p03-s2,2,true,,,,,,,,,,
S0267,archive/Account1/runs/a2g3-1e6-r0p06-s0-4885960.out,c8414bb84f6b9545f5f2024ee0773d4c7cc8ea56782fdcd57425f884e6ca88fd,a2g3-1e6-r0p06-s0,0,true,,,,,,,,,,
S0268,archive/Account1/runs/a2g3-1e6-r0p06-s1-4885961.out,2364fa86ead11572e1e4a726d6bbdadfd1bf615838ad1cc83cfc9379458a2eea,a2g3-1e6-r0p06-s1,1,true,,,,,,,,,,
S0269,archive/Account1/runs/a2g3-1e6-r0p06-s2-4885962.out,cad33136e671adf0f60c2b2b503f11a32453a52ecc0f8d438756b5d48e76e9bd,a2g3-1e6-r0p06-s2,2,true,,,,,,,,,,
S0270,archive/Account1/runs/a2g3-1e6-r0p1-s0-4885963.out,f276dd667a9f5306adabb77f795959aa779f0a17edbc42a43c7bb0756c7d7084,a2g3-1e6-r0p1-s0,0,true,,,,,,,,,,
S0271,archive/Account1/runs/a2g3-1e6-r0p1-s1-4885964.out,5675107ff10d3b0d949235014940c13cce704b4117e59cb1391bcbad316ced1e,a2g3-1e6-r0p1-s1,1,true,,,,,,,,,,
S0272,archive/Account1/runs/a2g3-1e6-r0p1-s2-4885965.out,df27e1e579afc7f11db94c278d814c3b5627b0818fc71c86a8251a7aa9a0c3ea,a2g3-1e6-r0p1-s2,2,true,,,,,,,,,,
S0273,archive/Account1/runs/a2g3-1e6-r0p2-s0-4885966.out,9708f161a475e56337b1ab3b438f2dd9724f84e26b254da5f8b2e63dc76cf74a,a2g3-1e6-r0p2-s0,0,true,,,,,,,,,,
S0274,archive/Account1/runs/a2g3-1e6-r0p2-s1-4885967.out,88fb8a5de7b4c97ec2a6fab7fe8af91f61c765f053ba86e42d7630840b8251ef,a2g3-1e6-r0p2-s1,1,true,,,,,,,,,,
S0275,archive/Account1/runs/a2g3-1e6-r0p2-s2-4885968.out,a12fa1b609ba0375ae642e4b5c603df8976796d48aef4cdf6916e7355cadfea8,a2g3-1e6-r0p2-s2,2,true,,,,,,,,,,
S0276,archive/Account1/runs/a2g3-1e6-r1-s0-4885969.out,5407884fb4282d27d4aa1d6a2cfb3dc88ef9fb97566a3bff69ba35d49c77ba99,a2g3-1e6-r1-s0,0,true,,,,,,,,,,
S0277,archive/Account1/runs/a2g3-1e6-r1-s1-4885970.out,e517af2002bbf2a0123d9d8c44fca4e33fdb1bfdbfb54e053987234f02f9bd7b,a2g3-1e6-r1-s1,1,true,,,,,,,,,,
S0278,archive/Account1/runs/a2g3-1e6-r1-s2-4885971.out,5e7b82197d30e3172e3e4922066d89b1234c3e372192827c6f07c9e8c6b76a12,a2g3-1e6-r1-s2,2,true,,,,,,,,,,
S0279,repository/docs/MASTER-TABLE.md,,,,true,repository/docs/MASTER-TABLE.md:135,135,,,,,,,,
S0280,repository/analysis/cA2_g3_score.py,,,,true,repository/analysis/cA2_g3_score.py,,,,,,,,,
S0281,archive/Account2/runs/lsm1-A-r0-s0-4890985.out,5056b1a7d6a47613451ae5a963506f91520ca3008f6e2f82a1dddce2f12a8fff,lsm1-A-r0-s0,0,true,,,,,,,,,,
S0282,archive/Account2/runs/lsm1-A-r0-s1-4890993.out,6ef9cfc0c91521245d0ce717ca8f99f297bb245d8dbddf4cedbc741883f25e04,lsm1-A-r0-s1,1,true,,,,,,,,,,
S0283,archive/Account2/runs/lsm1-A-r0-s2-4891001.out,652be2d7b6f2f09221cb5e7db5bb301ce775aed85097e1b1220859f91cb03927,lsm1-A-r0-s2,2,true,,,,,,,,,,
S0284,archive/Account2/runs/lsm1-A-r003-s0-4890986.out,a88065430dd78301a50fd3152355dae8cf7019e5485622a703e0782be9b1774f,lsm1-A-r003-s0,0,true,,,,,,,,,,
S0285,archive/Account2/runs/lsm1-A-r003-s1-4890994.out,beca70ab13562d0d6490b032eb4f671e0799b87d23fa57d440769f71c9060794,lsm1-A-r003-s1,1,true,,,,,,,,,,
S0286,archive/Account2/runs/lsm1-A-r003-s2-4891002.out,ba2633172ec3ace48491aca9e166dfc1dbecf320467fb5330bab0dfd585e01f4,lsm1-A-r003-s2,2,true,,,,,,,,,,
S0287,archive/Account2/runs/lsm1-A-r006-s0-4890987.out,e8cfdafa52a814e37bcbddd948ca1308a19c30b1ad5f5c9e7702568651b190e1,lsm1-A-r006-s0,0,true,,,,,,,,,,
S0288,archive/Account2/runs/lsm1-A-r006-s1-4890995.out,3182f30fc6743389d9a34335f15023dae55194fe9bedde2e0fbf2705822e4aa0,lsm1-A-r006-s1,1,true,,,,,,,,,,
S0289,archive/Account2/runs/lsm1-A-r006-s2-4891003.out,7028ae2497e3ed8c739fb13826b947f021563b135ff68cafa62774270b73f12c,lsm1-A-r006-s2,2,true,,,,,,,,,,
S0290,archive/Account2/runs/lsm1-A-r02-s0-4890988.out,0d696aca22fcb1a9701c8f3b981d0c8e37cab6c17c9672bd12fca6ef58098ad2,lsm1-A-r02-s0,0,true,,,,,,,,,,
S0291,archive/Account2/runs/lsm1-A-r02-s1-4890996.out,d4a0629657f76d63f518ab91d8e7e86d7059bfaf198b7639dc45256a8fe18b07,lsm1-A-r02-s1,1,true,,,,,,,,,,
S0292,archive/Account2/runs/lsm1-A-r02-s2-4891004.out,54fc7c38e6212764d69a1a5a795952b22bc77ce642626e252a8de150eed9667d,lsm1-A-r02-s2,2,true,,,,,,,,,,
S0293,archive/Account2/runs/lsm1-A-r1-s0-4890989.out,66035389f129cb48957b0e5819170fe72666d29ca6d1e2b8b65a65b7bacb6b1b,lsm1-A-r1-s0,0,true,,,,,,,,,,
S0294,archive/Account2/runs/lsm1-A-r1-s1-4890997.out,6fd1d01331b492e3e750bacc6edf28d68fcbd0a494f93ed8567054cc977ca077,lsm1-A-r1-s1,1,true,,,,,,,,,,
S0295,archive/Account2/runs/lsm1-A-r1-s2-4891005.out,6df4e389065eba11c3d25b25d4668b0c1217ae4391db31d1b32e58fa5c3ed2de,lsm1-A-r1-s2,2,true,,,,,,,,,,
S0296,archive/Account2/runs/lsm1-L-r0-s0-4890990.out,1faac32f3305e5faba4387e49622b2ca5af62b562101a1616d7c92479ef72df5,lsm1-L-r0-s0,0,true,,,,,,,,,,
S0297,archive/Account2/runs/lsm1-L-r0-s1-4890998.out,a3ea54ac512a3b9b81123a602c592251d63f85d8d36f3f4737e6e5a3a6e011d2,lsm1-L-r0-s1,1,true,,,,,,,,,,
S0298,archive/Account2/runs/lsm1-L-r0-s2-4891006.out,3f39861715602bc1b24b009a7b6a6537a82f021e69affecb76ecfaac50618653,lsm1-L-r0-s2,2,true,,,,,,,,,,
S0299,archive/Account2/runs/lsm1-L-r006-s0-4890991.out,9058c271fc6caea505faec203a79bdd1282eaf828b56651a546d23c0be722176,lsm1-L-r006-s0,0,true,,,,,,,,,,
S0300,archive/Account2/runs/lsm1-L-r006-s1-4890999.out,e3c648d9ce6e1cd371b239c29b2290d022d1aa24a091e6a18b305e4e5772d93b,lsm1-L-r006-s1,1,true,,,,,,,,,,
S0301,archive/Account2/runs/lsm1-L-r006-s2-4891007.out,02d85a0782e11dadb82514b131adf4faf5c7e0a835e8274a7e11b09a7fa5b22e,lsm1-L-r006-s2,2,true,,,,,,,,,,
S0302,archive/Account2/runs/lsm1-L-r1-s0-4890992.out,6872160f74fce08e93a482d44f4a33b5096cf11b52faaa0d5ccfbaa23a16d940,lsm1-L-r1-s0,0,true,,,,,,,,,,
S0303,archive/Account2/runs/lsm1-L-r1-s1-4891000.out,7e327e7951cb9f8fcdd517f5d83b0e1fbac2c977ce976f4c2eb47d098391f970,lsm1-L-r1-s1,1,true,,,,,,,,,,
S0304,archive/Account2/runs/lsm1-L-r1-s2-4891008.out,6eb48000084816d1324e8e03a85be2cf596ec9e7fbc9f6f19f9e61127547611f,lsm1-L-r1-s2,2,true,,,,,,,,,,
S0305,repository/docs/MASTER-TABLE.md,,,,true,repository/docs/MASTER-TABLE.md:138,138,,,,,,,,
S0306,repository/docs/CORRECTIONS.md,,,,true,repository/docs/CORRECTIONS.md [CORRECTIONS 142.1; `analysis/cA3_lsm1_score.py`],,[CORRECTIONS 142.1; `analysis/cA3_lsm1_score.py`],,,,,,,
S0307,repository/analysis/cA3_lsm1_score.py,,,,true,repository/analysis/cA3_lsm1_score.py,,,,,,,,,
S0308,archive/Account2/runs/cpr1-k01-s10-4918925.out,6631e35f8e9a91ec9b6c248a8eb00f5082900f33a9e1be0684ebd4e3ec3d3fb1,cpr1-k01-s10,10,true,,,,,,,,,,
S0309,archive/Account2/runs/cpr1-k01-s11-4918930.out,550d566b633b6a0927edcce4966287b10bb0d08dd85f412768a90b000c8a90a8,cpr1-k01-s11,11,true,,,,,,,,,,
S0310,archive/Account2/runs/cpr1-k01-s9-4918920.out,4032c6f3aaca978861c52dea2741c0ce04704631786ebb5e479399dd20aea6be,cpr1-k01-s9,9,true,,,,,,,,,,
S0311,archive/Account2/runs/cpr1-kL-s10-4918926.out,fab028ec40ccb362e600911b124c93b8eff0300909d8459fd2acac4bd5ee928d,cpr1-kL-s10,10,true,,,,,,,,,,
S0312,archive/Account2/runs/cpr1-kL-s11-4918931.out,7113c9ebc48251708da77ca2a1f96ac671608a57a6bad7f9c191bf413f8619ef,cpr1-kL-s11,11,true,,,,,,,,,,
S0313,archive/Account2/runs/cpr1-kL-s9-4918921.out,48cca9aa4d1efc7c6f907fb264f043e33704bd63a41c60ef909b9ebff051a4db,cpr1-kL-s9,9,true,,,,,,,,,,
S0314,archive/Account2/runs/cpr1-kP-s10-4918927.out,cc5f74750dac29402e0de84f032a69fc44faceaefc5e442607d453895d4f71c3,cpr1-kP-s10,10,true,,,,,,,,,,
S0315,archive/Account2/runs/cpr1-kP-s11-4918932.out,d3a01bc13304fa8900d75b3bb77b2ee99329202d55c239327e12e32c60a77117,cpr1-kP-s11,11,true,,,,,,,,,,
S0316,archive/Account2/runs/cpr1-kP-s9-4918922.out,0446e540e7d1f214560029c84a79339260f74915d149cf0b0eb712d09347c0c7,cpr1-kP-s9,9,true,,,,,,,,,,
S0317,archive/Account2/runs/cpr1-kS-s10-4918928.out,5a2c2f39763d4fb5a3dcb808c1163fe9967804026341763385edc5ac79068789,cpr1-kS-s10,10,true,,,,,,,,,,
S0318,archive/Account2/runs/cpr1-kS-s11-4918933.out,ccd386c4e253fd64b4d8878b0b216aa72f2abd6f2c4d9da20ba5bbf5c6d22297,cpr1-kS-s11,11,true,,,,,,,,,,
S0319,archive/Account2/runs/cpr1-kS-s9-4918923.out,17a018b07c1317237f2d43f03343d89fc6e9c88c0c18d74b3fe699a12be8bd7a,cpr1-kS-s9,9,true,,,,,,,,,,
S0320,archive/Account2/runs/cpr1-kC-s10-4918929.out,0b71eeca95e482af5af69cb25ba852448c26df8aabbb597f8d23f1a26951649b,cpr1-kC-s10,10,true,,,,,,,,,,
S0321,archive/Account2/runs/cpr1-kC-s11-4918934.out,b25dc73c580d748e84a8498278f45450b1ffeb54c30a77504f5305e63639f854,cpr1-kC-s11,11,true,,,,,,,,,,
S0322,archive/Account2/runs/cpr1-kC-s9-4918924.out,97c5690c1c0c34c0d6abbdf73f73eec40a421e8dae7f0c3ccb0ce656276fe7b6,cpr1-kC-s9,9,true,,,,,,,,,,
S0323,repository/docs/MASTER-TABLE.md,,,,true,repository/docs/MASTER-TABLE.md:152,152,,,,,,,,
S0324,repository/docs/CORRECTIONS.md,,,,true,repository/docs/CORRECTIONS.md [CORRECTIONS 164],,[CORRECTIONS 164],,,,,,,
S0325,repository/analysis/cV1_cpr1_score.py,,,,true,repository/analysis/cV1_cpr1_score.py,,,,,,,,,
S0326,archive/Account2/runs/cpg1-k01-s12-4919796.out,f3875083738f5de7baaefa2bc1cfedeff45720f7065c5b54e7b33b87d940f907,cpg1-k01-s12,12,true,,,,,,,,,,
S0327,archive/Account2/runs/cpg1-k01-s13-4919802.out,3ada7ed907bb4de1e70b53d7af69e1a9abd3da2122bbd883460158e91b585d97,cpg1-k01-s13,13,true,,,,,,,,,,
S0328,archive/Account2/runs/cpg1-k01-s14-4919807.out,268de311c6251682e5b5e9c40cc8507a16195d66857388b4d1529292d9e6bb7f,cpg1-k01-s14,14,true,,,,,,,,,,
S0329,archive/Account2/runs/cpg1-kP-s12-4919797.out,424e4e680aa242cc1c292942836a81162cea5e18731510c2af1e62db05c0a406,cpg1-kP-s12,12,true,,,,,,,,,,
S0330,archive/Account2/runs/cpg1-kP-s13-4919803.out,3579fc0cd3eabfdb49661eef932a96ca015189f4cdc2f92c750e46b8af482b63,cpg1-kP-s13,13,true,,,,,,,,,,
S0331,archive/Account2/runs/cpg1-kP-s14-4919808.out,199b4d0875d3c65006ee19ee09ee41f6bcf850c714aa72e660217c771474e74c,cpg1-kP-s14,14,true,,,,,,,,,,
S0332,archive/Account2/runs/cpg1-kE-s12-4919798.out,e0b12141af774e9f615297361b28236631e8387d06fd64b569923ff80faf303a,cpg1-kE-s12,12,true,,,,,,,,,,
S0333,archive/Account2/runs/cpg1-kE-s13-4919804.out,a3942e63852999b536f53c652ed8cd347a0b21ffcd26770aaa4ec032d815cc1e,cpg1-kE-s13,13,true,,,,,,,,,,
S0334,archive/Account2/runs/cpg1-kE-s14-4919809.out,ba00852c50d75842f479c48d0141b9b8078cfe602c58026fa6fe58f73d6ad201,cpg1-kE-s14,14,true,,,,,,,,,,
S0335,archive/Account2/runs/cpg1-kC-s12-4919799.out,8a3400d579282a38071b60fcd66f91cfc0bfcaaef30aa80713ea09c0d7d0ef30,cpg1-kC-s12,12,true,,,,,,,,,,
S0336,archive/Account2/runs/cpg1-kC-s13-4919805.out,4b0285a2f252ae4c4de7c749456d48d542a91b01ddb7ee8706478f632b466408,cpg1-kC-s13,13,true,,,,,,,,,,
S0337,archive/Account2/runs/cpg1-kC-s14-4919810.out,89a56e325aae4166707f42dbb8e438f72d3c2a0ec9cccacc6301653e0f989208,cpg1-kC-s14,14,true,,,,,,,,,,
S0338,archive/Account2/runs/cpg1-kG-s12-4919801.out,1a715afb14d009b908b366c814e2a90c50fb5223e228241c29cfd4e9fbcd972a,cpg1-kG-s12,12,true,,,,,,,,,,
S0339,archive/Account2/runs/cpg1-kG-s13-4919806.out,e333fb99182e21d1c7636d06840b7421df3e4f42d51c1956c6671a026327ee72,cpg1-kG-s13,13,true,,,,,,,,,,
S0340,archive/Account2/runs/cpg1-kG-s14-4919811.out,5b3ee9ace59e1e8ac96ffcba3f412730a7b7a9eec3d256595ce61ca86f842e79,cpg1-kG-s14,14,true,,,,,,,,,,
S0341,repository/docs/MASTER-TABLE.md,,,,true,repository/docs/MASTER-TABLE.md:153,153,,,,,,,,
S0342,repository/docs/CORRECTIONS.md,,,,true,"repository/docs/CORRECTIONS.md [CORRECTIONS 166, superseding 164.5]",,"[CORRECTIONS 166, superseding 164.5]",,,,,,,
S0343,repository/analysis/cW1_cpg1_score.py,,,,true,repository/analysis/cW1_cpg1_score.py,,,,,,,,,
S0344,repository/docs/MASTER-TABLE.md,,,,true,repository/docs/MASTER-TABLE.md:154,154,,,,,,,,
S0345,repository/docs/CORRECTIONS.md,,,,true,repository/docs/CORRECTIONS.md [CORRECTIONS 170],,[CORRECTIONS 170],,,,,,,
S0346,archive/Account2/runs/cts2-k49-C-s0-4912582.out,a5ee51c48bba0dbaa7fb4ff688f437214f35267e262ec7c6fdc81620fceeadb8,cts2-k49-C-s0,0,true,,,,,,,,,,
S0347,archive/Account2/runs/cts2-k49-C-s1-4912586.out,6baf15c63b7edb826d6e28ab09e876527f57003639d0aca70083d209e7fadc43,cts2-k49-C-s1,1,true,,,,,,,,,,
S0348,archive/Account2/runs/cts2-k49-C-s2-4912590.out,8aadf678b95e92a9f48fe9f031c606cf2b6c2d0d359377e4cf41772da1b7e4c1,cts2-k49-C-s2,2,true,,,,,,,,,,
S0349,archive/Account2/runs/cts2-k50-C-s0-4912583.out,71a9a3f895a842c223e4692f854c98c75d23991e6fc4b9933805d2def8f2ebd9,cts2-k50-C-s0,0,true,,,,,,,,,,
S0350,archive/Account2/runs/cts2-k50-C-s1-4912587.out,d364e0a7f1c9d52f09ba3a2d48b224da889f98d7b35f662cbdff0bae3162cb32,cts2-k50-C-s1,1,true,,,,,,,,,,
S0351,archive/Account2/runs/cts2-k50-C-s2-4912591.out,228cc9829f454418564b58458541955808cd470f94dfbd988be7474228942175,cts2-k50-C-s2,2,true,,,,,,,,,,
S0352,archive/Account2/runs/cts2-k49-R-s0-4912584.out,a26ce47facb8f6e0cfbb12571ab69b81f068a222f0f4f537200671b1559398f1,cts2-k49-R-s0,0,true,,,,,,,,,,
S0353,archive/Account2/runs/cts2-k49-R-s1-4912588.out,1ec585d26eb47499a44b98568b0ffa37ec4d688b8a185569688458529e8437ff,cts2-k49-R-s1,1,true,,,,,,,,,,
S0354,archive/Account2/runs/cts2-k49-R-s2-4912592.out,0a6526c13fa5faa23374dc8341d425732f8b57e1ae25503c0b7c7c1f1f602a41,cts2-k49-R-s2,2,true,,,,,,,,,,
S0355,archive/Account2/runs/cts2-k50-R-s0-4912585.out,9824f3acd171e905784805ecde42c631c4e04fd23d60de0f43ce0850e9467dbb,cts2-k50-R-s0,0,true,,,,,,,,,,
S0356,archive/Account2/runs/cts2-k50-R-s1-4912589.out,60df2610d3af7e8b6716c63bccc92849d3c889929f4a72c0d63bc9976a5c7b0d,cts2-k50-R-s1,1,true,,,,,,,,,,
S0357,archive/Account2/runs/cts2-k50-R-s2-4912593.out,7837ac66fa04f2be5deeef0a305e535fa427180befcd0a99586d031e28282a5c,cts2-k50-R-s2,2,true,,,,,,,,,,
S0358,repository/docs/MASTER-TABLE.md,,,,true,repository/docs/MASTER-TABLE.md:143,143,,,,,,,,
S0359,repository/docs/CORRECTIONS.md,,,,true,"repository/docs/CORRECTIONS.md [CORRECTIONS 150, rescoped 156.1]",,"[CORRECTIONS 150, rescoped 156.1]",,,,,,,
S0360,repository/analysis/cM1_cts2_score.py,,,,true,repository/analysis/cM1_cts2_score.py,,,,,,,,,
S0361,archive/Account2/runs/tc1-b6-a3-s0-4804360.out,d45deeec76cf0eca193f41d5172ee83b00cf4b907fd61fe997b7d540b85eaa37,tc1-b6-a3-s0,0,true,,,,,,,,,,
S0362,archive/Account2/runs/tc1-b6-a3-s1-4804366.out,6a39d00d2d3e298d596993fecf877dfbefae79aed4f479ecf19b779191b8959a,tc1-b6-a3-s1,1,true,,,,,,,,,,
S0363,archive/Account2/runs/tc1-b6-a4-s0-4804357.out,41ffe59ef7f820d35ebafda6c4388e37982bda101a4bc0e2deff77c6a538654f,tc1-b6-a4-s0,0,true,,,,,,,,,,
S0364,archive/Account2/runs/tc1-b6-a4-s1-4804363.out,1daf07bc8c809f9a5b1cc104f7be60de692dd029ac2254398fd21d8e59cc260a,tc1-b6-a4-s1,1,true,,,,,,,,,,
S0365,archive/Account2/runs/tc1-ly-a3-s0-4804361.out,48cc91c6b45c483e064637a6848bf1d24e8a57a99052ec7c2762a314ec71570e,tc1-ly-a3-s0,0,true,,,,,,,,,,
S0366,archive/Account2/runs/tc1-ly-a3-s1-4804367.out,fecf503a011f81849c620c7dd7619837fb1ddb16652a7aab9d8a4825b97f657c,tc1-ly-a3-s1,1,true,,,,,,,,,,
S0367,archive/Account2/runs/tc1-ly-a4-s0-4804358.out,db9a9a58fce7ea52d3e562285a61e6f138789805eb00d67b8829111524389245,tc1-ly-a4-s0,0,true,,,,,,,,,,
S0368,archive/Account2/runs/tc1-ly-a4-s1-4804364.out,5e329d0abce8a4a1c0024a5bbad8a1619de4ba0827c08061426963b7d3b29e31,tc1-ly-a4-s1,1,true,,,,,,,,,,
S0369,archive/Account2/runs/tc1-sc-a3-s0-4804359.out,63099673cd2510b59ad4a61eda354b8f76f76171ad08334fecf621bb49898fa2,tc1-sc-a3-s0,0,true,,,,,,,,,,
S0370,archive/Account2/runs/tc1-sc-a3-s1-4804365.out,c3f38148af9162de69bbe675b4f67c8a62970ce6bf76e4d7a2713ea7f0a1702c,tc1-sc-a3-s1,1,true,,,,,,,,,,
S0371,archive/Account2/runs/tc1-sc-a4-s0-4804356.out,7de08db78504a4745c40ca7ea813ee5b87170fe7b3192d17bb2d6785ef1dbdea,tc1-sc-a4-s0,0,true,,,,,,,,,,
S0372,archive/Account2/runs/tc1-sc-a4-s1-4804362.out,908c071866f5dd4ebf4d1e775dbbab8d27c59428f8c6f40d9c49ec8786996d73,tc1-sc-a4-s1,1,true,,,,,,,,,,
S0373,archive/Account2/runs/ub9-b6-s0-4796072.out,a2e3105fe0e6ce966212d748dd5b80db90fc1ace2c08bc24b921dab88eb545f3,ub9-b6-s0,0,true,,,,,,,,,,
S0374,archive/Account2/runs/ub9-b6-s1-4796075.out,26014499f0a9ebcef394d3920b44fbd76891ee49ee9da7e78d581e213355909b,ub9-b6-s1,1,true,,,,,,,,,,
S0375,archive/Account2/runs/ub9-b6-s2-4796078.out,5b8ef0c96a62678fcab617780887173792df438013c0234b4ebb75f129b14043,ub9-b6-s2,2,true,,,,,,,,,,
S0376,archive/Account2/runs/ub9-ly-s0-4796073.out,b1f346ae016a96fc88f2e453958e3c74883391d9394fa674cbed047bbfb2e872,ub9-ly-s0,0,true,,,,,,,,,,
S0377,archive/Account2/runs/ub9-ly-s1-4796076.out,0cde0bd8b9621a0af6b7d9f8b2c691dfbf7274092625f2cf5c6cc8eeea4f3c34,ub9-ly-s1,1,true,,,,,,,,,,
S0378,archive/Account2/runs/ub9-ly-s2-4796079.out,a94907d3ed600b2990c73457096cce9dc88d6a656aa3c95794597944538523a9,ub9-ly-s2,2,true,,,,,,,,,,
S0379,archive/Account2/runs/ub9-sc-s0-4796071.out,a3b0994324f5be9e80bf95d4cb57818b9d080ccb6216dcc59124df993f4d252d,ub9-sc-s0,0,true,,,,,,,,,,
S0380,archive/Account2/runs/ub9-sc-s1-4796074.out,d34c46a9d42dabaedc854bc91743a0f3ad8038fca59792f1eb67d53935e64050,ub9-sc-s1,1,true,,,,,,,,,,
S0381,archive/Account2/runs/ub9-sc-s2-4796077.out,fd023122d397a7c48cfc9d40258099352bcd4f104a5c380a1bfc593668431a67,ub9-sc-s2,2,true,,,,,,,,,,
S0382,archive/Account1/runs/PP-blk6-s0-4700551.out,a5d68da6cc21edd322b9da30e10f86a2048279db0312fb33f7983c8d92af67c9,PP_blk6_s0,0,true,,,,,,,,,,
S0383,archive/Account1/runs/PP-blk6-s1-4700552.out,aae6f187def547a999f34b3222e14b505b9e1c66a6497eb39d3ee6b73bc001de,PP_blk6_s1,1,true,,,,,,,,,,
S0384,archive/Account1/runs/PP-blk6-s2-4700553.out,f223e0ef66ccf8af864384aed84d11e75137088baf83251203834b4bfcf9b755,PP_blk6_s2,2,true,,,,,,,,,,
S0385,archive/Account1/runs/PP-layer-s0-4700554.out,58949e9856a2874e7516cb1f1e92eae4fa495c71382125965aaaa09c43363077,PP_layer_s0,0,true,,,,,,,,,,
S0386,archive/Account1/runs/PP-layer-s1-4700555.out,648a992dcfb5ab484b1752c34be3a544c6c50b2b52325de7194b9a42888db386,PP_layer_s1,1,true,,,,,,,,,,
S0387,archive/Account1/runs/PP-layer-s2-4700556.out,dcceb9f06f9a480736f501af7cdc4f892d96fc6d2161e8949efca0690dd7d14f,PP_layer_s2,2,true,,,,,,,,,,
S0388,archive/Account1/runs/PP-scal-s0-4700548.out,a8847c3c2ce7bb47c1238e78ca9ae69221904eff7055faa10356251204ee535a,PP_scal_s0,0,true,,,,,,,,,,
S0389,archive/Account1/runs/PP-scal-s1-4700549.out,86d4b375aa7630c5a8bf2ff5aa842fee37a0839d59d3135c7310dead24224fc0,PP_scal_s1,1,true,,,,,,,,,,
S0390,archive/Account1/runs/PP-scal-s2-4700550.out,f8a0246a2a9d275cd49ec7b51ce7460bc3c6381cce12190e84fab36faaa8e2bd,PP_scal_s2,2,true,,,,,,,,,,
S0391,archive/Account1/runs/pp-blk6-s0-4683700.out,459bd0cc4aa1f70db6d87dd6d40c0eb1b247b48a9dec32f1c509a50b1d32181c,pp_blk6_s0,0,true,,,,,,,,,,
S0392,archive/Account1/runs/pp-blk6-s1-4683701.out,a507eca64dea26266642d68eba6e9ce62950f6c622696fd0c83d52c68fe2301a,pp_blk6_s1,1,true,,,,,,,,,,
S0393,archive/Account1/runs/pp-blk6-s2-4683702.out,df3e83e0ddcb2e37c7c3cd6c454fbf872ab49767fd1d47f8a430b89fb4236df8,pp_blk6_s2,2,true,,,,,,,,,,
S0394,archive/Account1/runs/pp-layer-s0-4683703.out,69237fbe4442c3f02d3920b4b96fe28d28e874b4f5632b972537d45cb3e473d9,pp_layer_s0,0,true,,,,,,,,,,
S0395,archive/Account1/runs/pp-layer-s1-4683704.out,8318d8486b94fa3be5beb346b9190d0224b36a54a7196474b1548c5ab1f51f2b,pp_layer_s1,1,true,,,,,,,,,,
S0396,archive/Account1/runs/pp-layer-s2-4683705.out,54544bbc41bfcb859ecf18b1736f7147d47557f620384551ac3bd3ff52a520c8,pp_layer_s2,2,true,,,,,,,,,,
S0397,archive/Account1/runs/pp-scal-s0-4683697.out,b5454b9bcb9dc964b6ebe0821ca92316a7789584de9e6958ceb067d90f92d11e,pp_scal_s0,0,true,,,,,,,,,,
S0398,archive/Account1/runs/pp-scal-s1-4683698.out,008c4c1ed8b7de49cee1c44e6802e4e52d63a4375b26191d2be97e9655487113,pp_scal_s1,1,true,,,,,,,,,,
S0399,archive/Account1/runs/pp-scal-s2-4683699.out,d01b6329ea74db02bf6586221da57f96f01d423f65e24aa5093191e8d423c129,pp_scal_s2,2,true,,,,,,,,,,
S0400,repository/docs/MASTER-TABLE.md,,,,true,repository/docs/MASTER-TABLE.md:144,144,,,,,,,,
S0401,repository/docs/CORRECTIONS.md,,,,true,repository/docs/CORRECTIONS.md [CORRECTIONS 149],,[CORRECTIONS 149],,,,,,,
S0402,repository/analysis/cN1_box_row24_score.py,,,,true,repository/analysis/cN1_box_row24_score.py,,,,,,,,,
S0403,repository/analysis/cN2_box_row24_score.py,,,,true,repository/analysis/cN2_box_row24_score.py,,,,,,,,,
S0404,repository/analysis/cO1_cfr1_score.py,,,,true,repository/analysis/cO1_cfr1_score.py,,,,,,,,,
S0405,repository/analysis/cO2_cfr2_score.py,,,,true,repository/analysis/cO2_cfr2_score.py,,,,,,,,,
S0406,archive/Account2/runs/cfr1-sc-C-s0-4912745.out,f4d4aaaad079fab92243ee18099edeb74fc012cae31de4abf4d1df2fa672d1f5,cfr1-sc-C-s0,0,true,,,,,,,,,,
S0407,archive/Account2/runs/cfr1-sc-C-s1-4912749.out,21cffd1d067db266002e9294f0febbcc846682b3cc8cc2610a640b3fc913117c,cfr1-sc-C-s1,1,true,,,,,,,,,,
S0408,archive/Account2/runs/cfr1-sc-C-s2-4912753.out,c465915c95dd5611691fc27b7713336a790a05a25c29b2773af131ff98a1eb6d,cfr1-sc-C-s2,2,true,,,,,,,,,,
S0409,archive/Account2/runs/cfr1-sc-R-s0-4912747.out,d786de64901dfe9a80cc1735edabd1b40e5fbee2ba7845d46f4abd6e814a3d21,cfr1-sc-R-s0,0,true,,,,,,,,,,
S0410,archive/Account2/runs/cfr1-sc-R-s1-4912751.out,e991bacc4dc966abd4e867c99a656681fbabd903f02fe557bf36a932f90e87cf,cfr1-sc-R-s1,1,true,,,,,,,,,,
S0411,archive/Account2/runs/cfr1-sc-R-s2-4912755.out,d1a3d18c52dac42d8418c60d538d217171783ef38317520a01d6c434be76ecf0,cfr1-sc-R-s2,2,true,,,,,,,,,,
S0412,archive/Account2/runs/cfr1-lay-C-s0-4912746.out,439f9b1874559d63e1c06bcd03bc0a050d25f1b34f996aa7ab0b5c69550db3dc,cfr1-lay-C-s0,0,true,,,,,,,,,,
S0413,archive/Account2/runs/cfr1-lay-C-s1-4912750.out,05d1c7d83b2b16ad08757b7410f4eb3c46f53247f064b7867bcd8a7705b16be3,cfr1-lay-C-s1,1,true,,,,,,,,,,
S0414,archive/Account2/runs/cfr1-lay-C-s2-4912754.out,1ba010d1cb71a3411cdb4761f4091f66a8af669659af3a42a922664ac4f56133,cfr1-lay-C-s2,2,true,,,,,,,,,,
S0415,archive/Account2/runs/cfr1-lay-R-s0-4912748.out,ab450bab45af70f829d6365823997b2528576b6caab46a56ac7619d1fc762c28,cfr1-lay-R-s0,0,true,,,,,,,,,,
S0416,archive/Account2/runs/cfr1-lay-R-s1-4912752.out,ce45b05009201bfaaed65176c8cdde8d786b5b336fb453aa1a33c44047cffb3a,cfr1-lay-R-s1,1,true,,,,,,,,,,
S0417,archive/Account2/runs/cfr1-lay-R-s2-4912756.out,59808886a7b6f83db91781ff9f1c8f8607b9bf6aa430936780e1023565b1bdaf,cfr1-lay-R-s2,2,true,,,,,,,,,,
S0418,archive/Account2/runs/cfr2-sc-C-s0-4913096.out,5e53da082838f2b940bf547a4a7676f4c5c8f4330229970b13894641ad231e13,cfr2-sc-C-s0,0,true,,,,,,,,,,
S0419,archive/Account2/runs/cfr2-sc-C-s1-4913100.out,fd9f67895ec52910f7804981f38c8d579c6f0dfe5841ae2eb4fe704d5bde100f,cfr2-sc-C-s1,1,true,,,,,,,,,,
S0420,archive/Account2/runs/cfr2-sc-C-s2-4913104.out,3566859315c6159f6d89987fe1a20bcdf4a8853b2d12114768cacc338307263c,cfr2-sc-C-s2,2,true,,,,,,,,,,
S0421,archive/Account2/runs/cfr2-sc-R-s0-4913098.out,8d36de7d587aee00ea19903808fdeb1d1ccc5c49b832fccc4c9d65b9c5e69b36,cfr2-sc-R-s0,0,true,,,,,,,,,,
S0422,archive/Account2/runs/cfr2-sc-R-s1-4913102.out,03494f6b1f6468d400541d42ffe3298dc97a0b708f4bf23ae185357240b2f6c9,cfr2-sc-R-s1,1,true,,,,,,,,,,
S0423,archive/Account2/runs/cfr2-sc-R-s2-4913106.out,5db757cbe5fe72ea24dfffa11b18f80cd8af2f52af01751e3fd0c30bba547c7f,cfr2-sc-R-s2,2,true,,,,,,,,,,
S0424,archive/Account2/runs/cfr2-lay-C-s0-4913097.out,f6b769bcaf553c754450f01e76bed7db83e55da11e74a806de65d59d7e7e4708,cfr2-lay-C-s0,0,true,,,,,,,,,,
S0425,archive/Account2/runs/cfr2-lay-C-s1-4913101.out,e4fd4e4fb5bbbb7d3297cf99ffbffbb3c75bda3a19e460941aa551f15f2c9bbc,cfr2-lay-C-s1,1,true,,,,,,,,,,
S0426,archive/Account2/runs/cfr2-lay-C-s2-4913105.out,f3c20c3364a4e5ad84f9a93198bdcfb6e9a3a8314e7a7f6b713a4fb712769553,cfr2-lay-C-s2,2,true,,,,,,,,,,
S0427,archive/Account2/runs/cfr2-lay-R-s0-4913099.out,167a1027de1f3c0dc44b2e6b54ef80b2f6763859dc939d59274704c12b242a87,cfr2-lay-R-s0,0,true,,,,,,,,,,
S0428,archive/Account2/runs/cfr2-lay-R-s1-4913103.out,0ac20f62df7921557de9f84698e5807fc9c6ace6c4a1c189fa314cb892eff1d0,cfr2-lay-R-s1,1,true,,,,,,,,,,
S0429,archive/Account2/runs/cfr2-lay-R-s2-4913107.out,bee7e426cbe9032704cbb82d4a8e5ffd55c505e8299b0d1a6d7a6001bf8443a8,cfr2-lay-R-s2,2,true,,,,,,,,,,
S0430,archive/Account1/runs/crn1-k01-s15-4921226.out,647c3ffc2580ea0dd195eba98e45c0093a59b81db7001137d530b1100a736f94,crn1-k01-s15,15,true,,,,,,,,,,
S0431,archive/Account1/runs/crn1-k01-s16-4921232.out,dd3b9166e6d4c1e73b29290d70114d0a669159ee981992461101027f441f7dcf,crn1-k01-s16,16,true,,,,,,,,,,
S0432,archive/Account1/runs/crn1-k01-s17-4921238.out,b86f2ca97ce3f0278f47fead17a224056636c9dfb0c281667f34a33b1425b6cc,crn1-k01-s17,17,true,,,,,,,,,,
S0433,archive/Account1/runs/crn1-k01n-s15-4921227.out,259fb899417647008ab69e28dda4b87adddeec318bfd0dacdacce0e893ffbe81,crn1-k01n-s15,15,true,,,,,,,,,,
S0434,archive/Account1/runs/crn1-k01n-s16-4921233.out,b194a8e5702ef32f21e059d3237d3df1508b3b848d5749de9b08b052dc53e7de,crn1-k01n-s16,16,true,,,,,,,,,,
S0435,archive/Account1/runs/crn1-k01n-s17-4921239.out,b00fe680e45c2299e83e80aceb040c893dcd0e30714d2bc99079a6c4e3d21e59,crn1-k01n-s17,17,true,,,,,,,,,,
S0436,archive/Account1/runs/crn1-k49-s15-4921228.out,b891c86f79d0c02f52aeee6f7403e61cb4e232d9a7b6bc3b362f056f518faef8,crn1-k49-s15,15,true,,,,,,,,,,
S0437,archive/Account1/runs/crn1-k49-s16-4921234.out,e02619d6099fbe33c3e19102c09ad9b7151e41ad1d64319444db1dda607a1754,crn1-k49-s16,16,true,,,,,,,,,,
S0438,archive/Account1/runs/crn1-k49-s17-4921240.out,f08eed9f7fab6da5229a42fb4194f8ee2534f0997b4efc13ab5e39df56b88454,crn1-k49-s17,17,true,,,,,,,,,,
S0439,archive/Account1/runs/crn1-k49n-s15-4921229.out,b633db36766161852201a810e840441808f4e5f2852cec7a34d5e7a0ed16cece,crn1-k49n-s15,15,true,,,,,,,,,,
S0440,archive/Account1/runs/crn1-k49n-s16-4921235.out,ff57c7c39aaac51db4fb5c8a30cb4e73c48caa6fd97c1e206c398a75be881dcd,crn1-k49n-s16,16,true,,,,,,,,,,
S0441,archive/Account1/runs/crn1-k49n-s17-4921241.out,a937e8f0426cff8b78421a3ee582f619836e9255a9534f73cfb7d59593eb13dc,crn1-k49n-s17,17,true,,,,,,,,,,
S0442,archive/Account1/runs/crn1-k50-s15-4921230.out,d179ce1022cbcb6ba5eb777838841d30cbe019354f89d67f59bd1091772002f3,crn1-k50-s15,15,true,,,,,,,,,,
S0443,archive/Account1/runs/crn1-k50-s16-4921236.out,08521dbde7ebdb086855da21370795483d87666d6017ce9abaabc48954329fd2,crn1-k50-s16,16,true,,,,,,,,,,
S0444,archive/Account1/runs/crn1-k50-s17-4921242.out,88c65ae8fb13abba1332acfc8d3f64440ee2e7926f4121ddf8566250eaba6b74,crn1-k50-s17,17,true,,,,,,,,,,
S0445,archive/Account1/runs/crn1-k50n-s15-4921231.out,9bf3d82f6523605e144d58c482b2672db6d7e5298523a9051049aacaff4df8ae,crn1-k50n-s15,15,true,,,,,,,,,,
S0446,archive/Account1/runs/crn1-k50n-s16-4921237.out,c31d2cba382950f99f0a4e7103e77e09242d4bb0e5a6fd04461a18693e5dabed,crn1-k50n-s16,16,true,,,,,,,,,,
S0447,archive/Account1/runs/crn1-k50n-s17-4921243.out,cc461399f193745e2293c3250534c3e524edc9f0edddf11688017b9fd3645ec6,crn1-k50n-s17,17,true,,,,,,,,,,
S0448,repository/docs/MASTER-TABLE.md,,,,true,repository/docs/MASTER-TABLE.md:156,156,,,,,,,,
S0449,repository/docs/CORRECTIONS.md,,,,true,"repository/docs/CORRECTIONS.md [CORRECTIONS 169, 172, 173]",,"[CORRECTIONS 169, 172, 173]",,,,,,,
S0450,repository/analysis/cX1_crn1_score.py,,,,true,repository/analysis/cX1_crn1_score.py,,,,,,,,,
S0451,archive/Account1/runs/c100-1e3-blk6-s0-4683268.out,d0ff24f3f96b00f8ea6f48a50e54342b2f58cc13109d4289fa77cc0de6204536,c100-1e3-blk6-s0,0,true,,,,,,,,,,
S0452,archive/Account1/runs/c100-1e3-blk6-s1-4683272.out,3dcf7c5f432d246b8661307a6202faac6723b70e130d8ad07d74d92964768f36,c100-1e3-blk6-s1,1,true,,,,,,,,,,
S0453,archive/Account1/runs/c100-1e3-layer-s0-4683269.out,d10cde2ba167fbd96f8d691d144445ae7cac71c381d3fe70c4584b74922ed3fb,c100-1e3-layer-s0,0,true,,,,,,,,,,
S0454,archive/Account1/runs/c100-1e3-layer-s1-4683273.out,d682d468f15aa81287dfefaadd858e54bd58a26b7f0620024df3a2051f8afaa7,c100-1e3-layer-s1,1,true,,,,,,,,,,
S0455,archive/Account1/runs/c100-1e3-scal-s0-4683267.out,c010b289dab599a86f51bff2c7b2a1fb31b9109a438f4c314f01fd4953a44b08,c100-1e3-scal-s0,0,true,,,,,,,,,,
S0456,archive/Account1/runs/c100-1e3-scal-s1-4683271.out,d8abde0bb81e42b12b7ad7b69195c215d85954fd7673d9de6fe7fed1dfbdd922,c100-1e3-scal-s1,1,true,,,,,,,,,,
S0457,archive/Account1/runs/c100-1e6-blk6-s0-4683260.out,ad01fed37670fd1845430db9356b57c1c904670ef8226b7e963dd9f26830f4af,c100-1e6-blk6-s0,0,true,,,,,,,,,,
S0458,archive/Account1/runs/c100-1e6-blk6-s1-4683264.out,60211c01bf5c40f6a45a7000a359bb04a55587a326853b7d50f81722aec6a70b,c100-1e6-blk6-s1,1,true,,,,,,,,,,
S0459,archive/Account1/runs/c100-1e6-layer-s0-4683261.out,24f2a11a4d88f8f8cb1958c850628fea2eb18cc7392faca1739be107288c1e92,c100-1e6-layer-s0,0,true,,,,,,,,,,
S0460,archive/Account1/runs/c100-1e6-layer-s1-4683265.out,4dc49ac6163cbfa9a7d9c375cb6d20fceb987e5f827f2d7cc61b6263a01c0e16,c100-1e6-layer-s1,1,true,,,,,,,,,,
S0461,archive/Account1/runs/c100-1e6-scal-s0-4683259.out,c6a37b8575f95e7c1504236d3a6c643edd236bdc8dac3413464aa2ce4feed721,c100-1e6-scal-s0,0,true,,,,,,,,,,
S0462,archive/Account1/runs/c100-1e6-scal-s1-4683263.out,6e5647052bf867f70af8c6ae4e41eca3c6af33eb9855ea1ac921da84abdbb455,c100-1e6-scal-s1,1,true,,,,,,,,,,
S0463,archive/Account2/runs/c100b-1e3-blk6-s2-4683743.out,e8c103868380d84b3a03ccbc2fe801ea57b23a518f27a535e84067a62eb927e2,c100b-1e3-blk6-s2,2,true,,,,,,,,,,
S0464,archive/Account2/runs/c100b-1e3-blk6-s3-4683744.out,07f8b838894877f58c7f4c68394db83b75b45627923a7d19c5d33e11abc827f9,c100b-1e3-blk6-s3,3,true,,,,,,,,,,
S0465,archive/Account2/runs/c100b-1e3-blk6-s4-4683745.out,fc657e73204d354198df318fa6fe0c5551de02be7f5c2c1837e73f83b205c937,c100b-1e3-blk6-s4,4,true,,,,,,,,,,
S0466,archive/Account2/runs/c100b-1e3-layer-s2-4683746.out,841153bd3f7c9d2a254fd04e7677523e81e52290ec052fa7e56c6c3bdb4d4d52,c100b-1e3-layer-s2,2,true,,,,,,,,,,
S0467,archive/Account2/runs/c100b-1e3-layer-s3-4683747.out,adeb03a58290202bbc66bc1c486a1dee2a6c028a07114eb3ed24e9b286148cac,c100b-1e3-layer-s3,3,true,,,,,,,,,,
S0468,archive/Account2/runs/c100b-1e3-layer-s4-4683748.out,3bc71c5ba681397ccc57ecb45b6e8abfcde2672394402744ddf1da3a02f78e2a,c100b-1e3-layer-s4,4,true,,,,,,,,,,
S0469,archive/Account2/runs/c100b-1e3-scal-s2-4683740.out,3472a375beb7c92c373a2454825bc4593317c95b1cb2b586be59cba35e2a49ca,c100b-1e3-scal-s2,2,true,,,,,,,,,,
S0470,archive/Account2/runs/c100b-1e3-scal-s3-4683741.out,8fabc652504d9bb88260a66265a9fd5553df88078a5a53622adf5661fb7387c5,c100b-1e3-scal-s3,3,true,,,,,,,,,,
S0471,archive/Account2/runs/c100b-1e3-scal-s4-4683742.out,0a879d8d28b1b6d9874f7c95016365a17870559c99e08228053e2ca19a0071c7,c100b-1e3-scal-s4,4,true,,,,,,,,,,
S0472,archive/Account2/runs/c100b-1e6-blk6-s2-4683752.out,8118b79a5c8143299a2d5d5d811b851f12d497088511d8ed880c3b843150149f,c100b-1e6-blk6-s2,2,true,,,,,,,,,,
S0473,archive/Account2/runs/c100b-1e6-blk6-s3-4683753.out,053b392d4e164a65df074f130738bd9e2af6d8af56ee0d0291ee77efb0e8aa8f,c100b-1e6-blk6-s3,3,true,,,,,,,,,,
S0474,archive/Account2/runs/c100b-1e6-blk6-s4-4683754.out,f4d2254153971a1670bacf8e85ba83042ff57eb90d3ed1e7a731225354cdaba7,c100b-1e6-blk6-s4,4,true,,,,,,,,,,
S0475,archive/Account2/runs/c100b-1e6-layer-s2-4683755.out,56a9bb32c14263f763522536ec69b8bfb882d8f4f64c539f29d6b999352b597b,c100b-1e6-layer-s2,2,true,,,,,,,,,,
S0476,archive/Account2/runs/c100b-1e6-layer-s3-4683756.out,a6c74006c4cd26b07a605d8122b40e4cd05456cc6ac21d094feb44fb7ed6a432,c100b-1e6-layer-s3,3,true,,,,,,,,,,
S0477,archive/Account2/runs/c100b-1e6-layer-s4-4683757.out,8cfc8758a5e1e9962766418ef694d842b06f74e594258ccf7114013098a604cd,c100b-1e6-layer-s4,4,true,,,,,,,,,,
S0478,archive/Account2/runs/c100b-1e6-scal-s2-4683749.out,4ebd63033022ad3c68136c5f3e9353b7964cb7cb3a42318110834c1d35ca303d,c100b-1e6-scal-s2,2,true,,,,,,,,,,
S0479,archive/Account2/runs/c100b-1e6-scal-s3-4683750.out,a809348e961cb691fb2210f438665e48960fea447bd8b125fb53f216a2500e96,c100b-1e6-scal-s3,3,true,,,,,,,,,,
S0480,archive/Account2/runs/c100b-1e6-scal-s4-4683751.out,6b3011859284459a16ea029bae60004e47d042bef11198c967e9574c1efc02bf,c100b-1e6-scal-s4,4,true,,,,,,,,,,
S0481,repository/docs/MASTER-TABLE.md,,,,true,repository/docs/MASTER-TABLE.md:149,149,,,,,,,,
S0482,repository/docs/CORRECTIONS.md,,,,true,repository/docs/CORRECTIONS.md [CORRECTIONS 160],,[CORRECTIONS 160],,,,,,,
S0483,repository/analysis/cU1_alpha0_granularity_score.py,,,,true,repository/analysis/cU1_alpha0_granularity_score.py,,,,,,,,,
S0484,archive/Account2/runs/cru1-lay-m1e-3-a1e-3-s15-4920453.out,abb4b67a69641da6011d5eba3c289368f1c3a14e9240ff48b6dd36653b4c64ad,cru1-lay-m1e-3-a1e-3-s15,15,true,,,,,,,,,,
S0485,archive/Account2/runs/cru1-lay-m1e-3-a1e-3-s16-4920473.out,0e5d82158c481a57f18bb3ce7677c48498d3be49b1624762b8a9ef292382c2c0,cru1-lay-m1e-3-a1e-3-s16,16,true,,,,,,,,,,
S0486,archive/Account2/runs/cru1-lay-m1e-3-a1e-3-s17-4920493.out,fc5bd6848c3e89e527f3b6dbbcbe3eb46b67edd00c15cbeb402a3965a806ac58,cru1-lay-m1e-3-a1e-3-s17,17,true,,,,,,,,,,
S0487,archive/Account2/runs/cru1-lay-m1e-3-a1e-6-s15-4920461.out,268b6df6c4ed74a6e6e3b33c9618658284fdf22a3c9e195cda069eb9be5a9eb8,cru1-lay-m1e-3-a1e-6-s15,15,true,,,,,,,,,,
S0488,archive/Account2/runs/cru1-lay-m1e-3-a1e-6-s16-4920481.out,02c92c06dcd8eb0d7784c07e22095fc499b31b9285f2a6f263c5d15da0c9e30a,cru1-lay-m1e-3-a1e-6-s16,16,true,,,,,,,,,,
S0489,archive/Account2/runs/cru1-lay-m1e-3-a1e-6-s17-4920501.out,068225011e87b84b99ffdb586c68adf5530c4b458cc9cfa4eed9327a22362518,cru1-lay-m1e-3-a1e-6-s17,17,true,,,,,,,,,,
S0490,archive/Account2/runs/cru1-lay-m1e-4-a1e-3-s15-4920449.out,d820092b809656f45d36e9029043be16bd436dc335996cbbe6a27504f04692fb,cru1-lay-m1e-4-a1e-3-s15,15,true,,,,,,,,,,
S0491,archive/Account2/runs/cru1-lay-m1e-4-a1e-3-s16-4920469.out,d207a88235ffd29c11433f72ad4a9d575e545ceab7bad1ed59c69a1852bb6dea,cru1-lay-m1e-4-a1e-3-s16,16,true,,,,,,,,,,
S0492,archive/Account2/runs/cru1-lay-m1e-4-a1e-3-s17-4920489.out,eb136832e8c32de439cf753df1104b966385e95217972282d705b3bec2549991,cru1-lay-m1e-4-a1e-3-s17,17,true,,,,,,,,,,
S0493,archive/Account2/runs/cru1-lay-m1e-4-a1e-6-s15-4920457.out,5e368bd370b3ddbed5e2f8fab5f10df3b9f67101b0dac9ddd5cc3174e19ccb1b,cru1-lay-m1e-4-a1e-6-s15,15,true,,,,,,,,,,
S0494,archive/Account2/runs/cru1-lay-m1e-4-a1e-6-s16-4920477.out,b6b273171d4b439a2a0bb76ac7a5b0e5141950afe2d1741a70df1259705b1636,cru1-lay-m1e-4-a1e-6-s16,16,true,,,,,,,,,,
S0495,archive/Account2/runs/cru1-lay-m1e-4-a1e-6-s17-4920497.out,eccced7aabc67d409a15286873ca84da74a5ea6d1672844885ed2438f753a1e0,cru1-lay-m1e-4-a1e-6-s17,17,true,,,,,,,,,,
S0496,archive/Account2/runs/cru1-lay-m1e-5-a1e-3-s15-4920445.out,297bbfcd51edf6d8865d8019dedf04373088da5f80e9f18b2c394376cfa1208c,cru1-lay-m1e-5-a1e-3-s15,15,true,,,,,,,,,,
S0497,archive/Account2/runs/cru1-lay-m1e-5-a1e-3-s16-4920465.out,5a92be485434811f20c0f5f108df1182017ea706979939bec157c1adc589478c,cru1-lay-m1e-5-a1e-3-s16,16,true,,,,,,,,,,
S0498,archive/Account2/runs/cru1-lay-m1e-5-a1e-3-s17-4920485.out,bcac9e2940511e40ab0190d4aaa5b7479c4180494b2df99d4afaf656a7c3a97d,cru1-lay-m1e-5-a1e-3-s17,17,true,,,,,,,,,,
S0499,archive/Account2/runs/cru1-lay-m3e-3-a1e-3-s15-4920455.out,415aacfa8c7e9e1567ec85e095d84ec179643231a5c2290285ac924c66d83d02,cru1-lay-m3e-3-a1e-3-s15,15,true,,,,,,,,,,
S0500,archive/Account2/runs/cru1-lay-m3e-3-a1e-3-s16-4920475.out,f075c7a129672f8653d14cbaa8bb5a702040bf67457cacc7d3adbda0874a0d30,cru1-lay-m3e-3-a1e-3-s16,16,true,,,,,,,,,,
S0501,archive/Account2/runs/cru1-lay-m3e-3-a1e-3-s17-4920495.out,c270314ffffac46c57a8769ad1531e94a6f9377a2960367a171b78a469afd50a,cru1-lay-m3e-3-a1e-3-s17,17,true,,,,,,,,,,
S0502,archive/Account2/runs/cru1-lay-m3e-3-a1e-6-s15-4920463.out,22fa98990c6ccf6ba62d2bdcb14bc1817a7e62b5b5ec440c8d92d96468093b99,cru1-lay-m3e-3-a1e-6-s15,15,true,,,,,,,,,,
S0503,archive/Account2/runs/cru1-lay-m3e-3-a1e-6-s16-4920483.out,413c90e4e74a24815b7b198f4f6af81d7ce8d31864daca08e45dcead8fb2c29c,cru1-lay-m3e-3-a1e-6-s16,16,true,,,,,,,,,,
S0504,archive/Account2/runs/cru1-lay-m3e-3-a1e-6-s17-4920503.out,94d9e62dbe6cff773a18e03c21a83b013ed03ac075131d6f3000591d53d66069,cru1-lay-m3e-3-a1e-6-s17,17,true,,,,,,,,,,
S0505,archive/Account2/runs/cru1-lay-m3e-4-a1e-3-s15-4920451.out,d4398a3a244e34ca919ac49a6dcb88e0751ea3b9b73216cc878f916e1ef9194b,cru1-lay-m3e-4-a1e-3-s15,15,true,,,,,,,,,,
S0506,archive/Account2/runs/cru1-lay-m3e-4-a1e-3-s16-4920471.out,e8b11fe8d9fc7878e1981d8864809d606f9869a41690ab145ba9871c7989016b,cru1-lay-m3e-4-a1e-3-s16,16,true,,,,,,,,,,
S0507,archive/Account2/runs/cru1-lay-m3e-4-a1e-3-s17-4920491.out,94bcc702e9c6d0f267b363d24d5d31824950317e80b29e983c193767fceecc99,cru1-lay-m3e-4-a1e-3-s17,17,true,,,,,,,,,,
S0508,archive/Account2/runs/cru1-lay-m3e-4-a1e-6-s15-4920459.out,6d0d99285b78660a03dcaa1e4c94b45b8cb127e6148d6c5eceffbfcf863a79b2,cru1-lay-m3e-4-a1e-6-s15,15,true,,,,,,,,,,
S0509,archive/Account2/runs/cru1-lay-m3e-4-a1e-6-s16-4920479.out,fd4f879fa2cadc404b8839188df86fffc68f236f096c925568306a98a1658731,cru1-lay-m3e-4-a1e-6-s16,16,true,,,,,,,,,,
S0510,archive/Account2/runs/cru1-lay-m3e-4-a1e-6-s17-4920499.out,c15380d0fb7f5103d134b9ee17419101b3f45028d2225c7fa5ff34cb19deb0d4,cru1-lay-m3e-4-a1e-6-s17,17,true,,,,,,,,,,
S0511,archive/Account2/runs/cru1-lay-m3e-5-a1e-3-s15-4920447.out,26c7bc52cbe86eadd9a75f8881fb88971eaf56342bd11159b501a0f3f06351d9,cru1-lay-m3e-5-a1e-3-s15,15,true,,,,,,,,,,
S0512,archive/Account2/runs/cru1-lay-m3e-5-a1e-3-s16-4920467.out,a11933b76b1db4573989c19c0378d3330d81011231fb46c6a149aeff517ab07f,cru1-lay-m3e-5-a1e-3-s16,16,true,,,,,,,,,,
S0513,archive/Account2/runs/cru1-lay-m3e-5-a1e-3-s17-4920487.out,047e848d766c62dab5498622fae65c1f67a17686e4d179ab69a074a591c757ff,cru1-lay-m3e-5-a1e-3-s17,17,true,,,,,,,,,,
S0514,archive/Account2/runs/cru1-sc-m1e-3-a1e-3-s15-4920452.out,9a3afdbd550e76a2bfed2e3c8b140e93594cd58c44b42b2b306780ce2ce199d1,cru1-sc-m1e-3-a1e-3-s15,15,true,,,,,,,,,,
S0515,archive/Account2/runs/cru1-sc-m1e-3-a1e-3-s16-4920472.out,5ac4fc9959b32cf80e5f852b093462faa47d6d08a75df5e22c0679f569ed001b,cru1-sc-m1e-3-a1e-3-s16,16,true,,,,,,,,,,
S0516,archive/Account2/runs/cru1-sc-m1e-3-a1e-3-s17-4920492.out,d22146568ba52deb35f7a800abe0a9881308b6e6cbb4951bcacebb59e2a05391,cru1-sc-m1e-3-a1e-3-s17,17,true,,,,,,,,,,
S0517,archive/Account2/runs/cru1-sc-m1e-3-a1e-6-s15-4920460.out,983b971d8e1f10631a722d5ae1fc17b134915b2c3f8ee4bb8ba45d2dee6f7821,cru1-sc-m1e-3-a1e-6-s15,15,true,,,,,,,,,,
S0518,archive/Account2/runs/cru1-sc-m1e-3-a1e-6-s16-4920480.out,ddd7e61291a1a7ab8993146a3da6e838514f390f85d61914eb32fb8f0dc377f2,cru1-sc-m1e-3-a1e-6-s16,16,true,,,,,,,,,,
S0519,archive/Account2/runs/cru1-sc-m1e-3-a1e-6-s17-4920500.out,06badad95201ff6380fd26b4f57d7639289db44a1a18f358f669ef7fb1bab173,cru1-sc-m1e-3-a1e-6-s17,17,true,,,,,,,,,,
S0520,archive/Account2/runs/cru1-sc-m1e-4-a1e-3-s15-4920448.out,171540fc15a53141cf8c6017785448b754b4d0f0371d02b780f649ac3877282c,cru1-sc-m1e-4-a1e-3-s15,15,true,,,,,,,,,,
S0521,archive/Account2/runs/cru1-sc-m1e-4-a1e-3-s16-4920468.out,01650ef93307d80d90ea8b93edf7a55e2d67c095e8502e76cd96af8c5f50c9ff,cru1-sc-m1e-4-a1e-3-s16,16,true,,,,,,,,,,
S0522,archive/Account2/runs/cru1-sc-m1e-4-a1e-3-s17-4920488.out,294a69b32857c6de8ad665ad822e180e251ed5fcb3823bb727f38ea7bd6cfded,cru1-sc-m1e-4-a1e-3-s17,17,true,,,,,,,,,,
S0523,archive/Account2/runs/cru1-sc-m1e-4-a1e-6-s15-4920456.out,3f678e0bc31c864ba44039d4f7966cdea78e44a411dc9339a6060a1e840d2ff8,cru1-sc-m1e-4-a1e-6-s15,15,true,,,,,,,,,,
S0524,archive/Account2/runs/cru1-sc-m1e-4-a1e-6-s16-4920476.out,c38804c18c4e8fdf3292f0fcf0505eb363c10c7315b17bf53154ecbae4ab8173,cru1-sc-m1e-4-a1e-6-s16,16,true,,,,,,,,,,
S0525,archive/Account2/runs/cru1-sc-m1e-4-a1e-6-s17-4920496.out,6272a2dc0b780ef25f83fa1eb649a2162655a42e5dadfce2bf42c9c6dae79cb6,cru1-sc-m1e-4-a1e-6-s17,17,true,,,,,,,,,,
S0526,archive/Account2/runs/cru1-sc-m1e-5-a1e-3-s15-4920444.out,74db6aff1abc2768eb177d7fbf0a0eb87725878e81d8630b50edc1e093c352be,cru1-sc-m1e-5-a1e-3-s15,15,true,,,,,,,,,,
S0527,archive/Account2/runs/cru1-sc-m1e-5-a1e-3-s16-4920464.out,695f5542a8e1aecf0a0118560fa3cf36890259b77d48c2d834aee986d1bd1232,cru1-sc-m1e-5-a1e-3-s16,16,true,,,,,,,,,,
S0528,archive/Account2/runs/cru1-sc-m1e-5-a1e-3-s17-4920484.out,c179d11fc254ca5b0808cc0e15073bbc987a5627ea1240054193c5a2b780ea5b,cru1-sc-m1e-5-a1e-3-s17,17,true,,,,,,,,,,
S0529,archive/Account2/runs/cru1-sc-m3e-3-a1e-3-s15-4920454.out,67fd4f753d2473335cea77dc6e2b38a64ad33404e28bac1accd9dc1a2dfe8fcc,cru1-sc-m3e-3-a1e-3-s15,15,true,,,,,,,,,,
S0530,archive/Account2/runs/cru1-sc-m3e-3-a1e-3-s16-4920474.out,d564c196e4c1a1913c0d615b20842b3f7d3bffb56cc3d186dfdcf6a95e0b3b09,cru1-sc-m3e-3-a1e-3-s16,16,true,,,,,,,,,,
S0531,archive/Account2/runs/cru1-sc-m3e-3-a1e-3-s17-4920494.out,188616295c35d8387af7ca73a89d5303837131f8d90e6be1d01e5b13408b4e29,cru1-sc-m3e-3-a1e-3-s17,17,true,,,,,,,,,,
S0532,archive/Account2/runs/cru1-sc-m3e-3-a1e-6-s15-4920462.out,879760f1df2c6b88a2155aceed1f081fb0494afdc774914171ad27e6d6aaa0a7,cru1-sc-m3e-3-a1e-6-s15,15,true,,,,,,,,,,
S0533,archive/Account2/runs/cru1-sc-m3e-3-a1e-6-s16-4920482.out,0e58b6dd9561d95674f1d7d6c4276976a417b24b26123fe1b4b184ec8e308e0b,cru1-sc-m3e-3-a1e-6-s16,16,true,,,,,,,,,,
S0534,archive/Account2/runs/cru1-sc-m3e-3-a1e-6-s17-4920502.out,82a9bf04b4c2820d861ab0822c572689ab38cba7bbdaa71ca42b8f0248e5de47,cru1-sc-m3e-3-a1e-6-s17,17,true,,,,,,,,,,
S0535,archive/Account2/runs/cru1-sc-m3e-4-a1e-3-s15-4920450.out,da39f5968db0e6ec506a250bcbcbb51957fe6c28a64dd0d20782dc57ee634533,cru1-sc-m3e-4-a1e-3-s15,15,true,,,,,,,,,,
S0536,archive/Account2/runs/cru1-sc-m3e-4-a1e-3-s16-4920470.out,0aa2ab8f0a028d1c9c7a51d5a4f23122dea0e02f039e56d58a9bd615335543af,cru1-sc-m3e-4-a1e-3-s16,16,true,,,,,,,,,,
S0537,archive/Account2/runs/cru1-sc-m3e-4-a1e-3-s17-4920490.out,d9b0d676a3374e3316a0d475dcd64be38f51164536d95ad3f48686ae41b83d69,cru1-sc-m3e-4-a1e-3-s17,17,true,,,,,,,,,,
S0538,archive/Account2/runs/cru1-sc-m3e-4-a1e-6-s15-4920458.out,8f53ff4862d0fe38bac22dcdc5c84a350bd435d78108dd381f2bef17c93dfd9c,cru1-sc-m3e-4-a1e-6-s15,15,true,,,,,,,,,,
S0539,archive/Account2/runs/cru1-sc-m3e-4-a1e-6-s16-4920478.out,d5925dc0bebb6d4e0a84cb8ee37d1e560fd76ef695f0b4905176e8520867f90f,cru1-sc-m3e-4-a1e-6-s16,16,true,,,,,,,,,,
S0540,archive/Account2/runs/cru1-sc-m3e-4-a1e-6-s17-4920498.out,24a9cb7089f32097dfd227ee83d43761e8cf05a3fa28e1afe6225c696aad945f,cru1-sc-m3e-4-a1e-6-s17,17,true,,,,,,,,,,
S0541,archive/Account2/runs/cru1-sc-m3e-5-a1e-3-s15-4920446.out,e1558e9cd2af6936a821a691147de4ebc3be3d646e105f93fb6d51654b61eee1,cru1-sc-m3e-5-a1e-3-s15,15,true,,,,,,,,,,
S0542,archive/Account2/runs/cru1-sc-m3e-5-a1e-3-s16-4920466.out,00bd15a0ef912aec7e89afa24d72bb2a115e79b4972335c2f15184090f8e3dd5,cru1-sc-m3e-5-a1e-3-s16,16,true,,,,,,,,,,
S0543,archive/Account2/runs/cru1-sc-m3e-5-a1e-3-s17-4920486.out,c14a9ffdb33fc76de422ed2e85810839aa13472f871fda81d908055f0fc4d28a,cru1-sc-m3e-5-a1e-3-s17,17,true,,,,,,,,,,
S0544,repository/docs/MASTER-TABLE.md,,,,true,repository/docs/MASTER-TABLE.md:157,157,,,,,,,,
S0545,repository/docs/CORRECTIONS.md,,,,true,"repository/docs/CORRECTIONS.md [CORRECTIONS 168, 174; superseded in part 177, 180]",,"[CORRECTIONS 168, 174; superseded in part 177, 180]",,,,,,,
S0546,repository/analysis/cY1_cru1_score.py,,,,true,repository/analysis/cY1_cru1_score.py,,,,,,,,,
S0547,repository/docs/MASTER-TABLE.md,,,,true,repository/docs/MASTER-TABLE.md:158,158,,,,,,,,
S0548,repository/docs/CORRECTIONS.md,,,,true,repository/docs/CORRECTIONS.md [CORRECTIONS 176],,[CORRECTIONS 176],,,,,,,
S0549,repository/analysis/cms1_ms1e4_stratum_census.py,,,,true,repository/analysis/cms1_ms1e4_stratum_census.py,,,,,,,,,
S0550,archive/Account2/runs/cdn1-lr001-s0-4920408.out,d77722b9d9c2b3845100578b2e0053be45fffb9922b3f29907127f68167d2587,cdn1-lr001-s0,0,true,,,,,,,,,,
S0551,archive/Account2/runs/cdn1-lr001-s1-4920409.out,44ff0b87b1f726e3a6f8a457963cfdc5f553f855ebd7efd88ae055b162dba10c,cdn1-lr001-s1,1,true,,,,,,,,,,
S0552,archive/Account2/runs/cdn1-lr001-s2-4920410.out,26b7d341913914b136c0ee9f2b3211ac2478cebf75b919e70adcbf37833905d6,cdn1-lr001-s2,2,true,,,,,,,,,,
S0553,archive/Account2/runs/cdn1-lr002-s0-4920411.out,53b4948cfcc3f0f33738c3bd6f352046d32996a0d4199523c32f88da29432bb7,cdn1-lr002-s0,0,true,,,,,,,,,,
S0554,archive/Account2/runs/cdn1-lr002-s1-4920412.out,31711ecbd51f30da48199e6c1bd1d9450c03b9967f0cb580464396be032c9cb2,cdn1-lr002-s1,1,true,,,,,,,,,,
S0555,archive/Account2/runs/cdn1-lr002-s2-4920413.out,ed6cd7041fbefcf77994ad2b6d16c4828c77fe1eb41dfb0589dadce88c64f96a,cdn1-lr002-s2,2,true,,,,,,,,,,
S0556,archive/Account2/runs/cdn1-lr005-s0-4920414.out,a94ce778e2c1aa291f5c88883903f9acffc49d7d38ed0403c3620831ad86927e,cdn1-lr005-s0,0,true,,,,,,,,,,
S0557,archive/Account2/runs/cdn1-lr005-s1-4920415.out,86f2d7d51cf336be74b7c7e713dd79fabc4ad95f89176a1ea92168874480be89,cdn1-lr005-s1,1,true,,,,,,,,,,
S0558,archive/Account2/runs/cdn1-lr005-s2-4920416.out,947c232564014d286b8bc89cc557c50b6942eb34fb20ddc0d7bf8e3564c0ef50,cdn1-lr005-s2,2,true,,,,,,,,,,
S0559,archive/Account2/runs/cdn1-lr01-s0-4920417.out,81408e04e4bf98bdabc73d3cabbd8dc982ec24c8a4b617bf610aac293f680aa2,cdn1-lr01-s0,0,true,,,,,,,,,,
S0560,archive/Account2/runs/cdn1-lr01-s1-4920418.out,21e9c89bf4194aa1b41b06eb31a8e7216c8de8d1d1d27c126ae656241152bb31,cdn1-lr01-s1,1,true,,,,,,,,,,
S0561,archive/Account2/runs/cdn1-lr01-s2-4920419.out,d8dce3e48511eef8644e6cf0a167374e41bd77266c7a8861f971aabf344faed9,cdn1-lr01-s2,2,true,,,,,,,,,,
S0562,archive/Account2/runs/cdn1-lr02-s0-4920420.out,b14963c33592053efb0c8b788aab25dd79f3716d84d733a50e5f3819894fdc38,cdn1-lr02-s0,0,true,,,,,,,,,,
S0563,archive/Account2/runs/cdn1-lr02-s1-4920421.out,ca048907916694b85824393ae157d66086cf8f74113fb6c9d81fa1192083405d,cdn1-lr02-s1,1,true,,,,,,,,,,
S0564,archive/Account2/runs/cdn1-lr02-s2-4920422.out,db965f6d8639aed88f5e7170239ffef26415a2e6c0de3a53104ad0283aa91280,cdn1-lr02-s2,2,true,,,,,,,,,,
S0565,archive/Account2/runs/cdn1-lr03-s0-4920423.out,4c5dff69f8e459e9d30885e4dd7e68dbdadde31aacdfefb43f9398986ba5fb73,cdn1-lr03-s0,0,true,,,,,,,,,,
S0566,archive/Account2/runs/cdn1-lr03-s1-4920424.out,461035e7bf63337d3cdcf8ef28bd4d167d0f64fe020dc39c988ce7c8b2812c16,cdn1-lr03-s1,1,true,,,,,,,,,,
S0567,archive/Account2/runs/cdn1-lr03-s2-4920425.out,45cd4fcb0a163863869257cf75fc33047cfbc0f9b13696529a2cb24301db3665,cdn1-lr03-s2,2,true,,,,,,,,,,
S0568,archive/Account2/runs/cdn1-m-s0-4920426.out,39f1c6f995ceabd1fe0ef448983996895610ca0f08011bfc44c001a0b92d784a,cdn1-m-s0,0,true,,,,,,,,,,
S0569,archive/Account2/runs/cdn1-m-s1-4920427.out,78db6a8350fe89684a10089591a7d6eb930cd3ea3c0bd765904eb24b9b8a4106,cdn1-m-s1,1,true,,,,,,,,,,
S0570,archive/Account2/runs/cdn1-m-s2-4920428.out,9ba0ce2ed08d1f2d86fccbcadfb9ad02db51cc8c53fc6a77f2c6c78855f67bbc,cdn1-m-s2,2,true,,,,,,,,,,
S0571,archive/Account2/runs/cdn1-h2-s0-4920429.out,e7e3a1f3a0a4980e194777324580438cbc6b1029946230b1d17d10681546de1c,cdn1-h2-s0,0,true,,,,,,,,,,
S0572,archive/Account2/runs/cdn1-h2-s1-4920430.out,1822497b84039d7f3a879c28a47c03ac8c8e68809ee3573610590b13adc7f5ef,cdn1-h2-s1,1,true,,,,,,,,,,
S0573,archive/Account2/runs/cdn1-h2-s2-4920431.out,e45353994940b98a2bb5028551d0848347de896cf84d669f2bc04395d4112077,cdn1-h2-s2,2,true,,,,,,,,,,
S0574,repository/docs/MASTER-TABLE.md,,,,true,repository/docs/MASTER-TABLE.md:155,155,,,,,,,,
S0575,repository/docs/CORRECTIONS.md,,,,true,"repository/docs/CORRECTIONS.md [CORRECTIONS 171 (hand), 175 (`cdn2`); `analysis/cdn1_denominator_score.py` frozen, `analysis/cdn2_denominator_score.py` registered]",,"[CORRECTIONS 171 (hand), 175 (`cdn2`); `analysis/cdn1_denominator_score.py` frozen, `analysis/cdn2_denominator_score.py` registered]",,,,,,,
S0576,repository/analysis/cdn1_denominator_score.py,,,,true,repository/analysis/cdn1_denominator_score.py,,,,,,,,,
S0577,repository/analysis/cdn2_denominator_score.py,,,,true,repository/analysis/cdn2_denominator_score.py,,,,,,,,,
S0578,publication-workspace/work/full_mechanism_probes/cru1-lay-m1e-3-a1e-6-s15.jsonl,5f98f68fd6e7f32e07bd32e1c09cd9d9efcc9cd9069a8322aec41daf2ba6f790,,15,true,,,,alice2:cluster/Account2/metaopt/runs/cru1/probe_cru1-lay-m1e-3-a1e-6-s15/probe.jsonl,5f98f68fd6e7f32e07bd32e1c09cd9d9efcc9cd9069a8322aec41daf2ba6f790,publication-workspace/work/full_mechanism_probes/cru1-lay-m1e-3-a1e-6-s15-block_sizes.json,500,499,Read-only scp from alice2 during this audit; remote sha256sum matches.,
S0579,publication-workspace/work/full_mechanism_probes/cru1-lay-m1e-3-a1e-6-s16.jsonl,1ee041e3f5c829bd4581de559546acf21f08d2159ecad3de2d5f32f0b646d5c7,,16,true,,,,alice2:cluster/Account2/metaopt/runs/cru1/probe_cru1-lay-m1e-3-a1e-6-s16/probe.jsonl,1ee041e3f5c829bd4581de559546acf21f08d2159ecad3de2d5f32f0b646d5c7,publication-workspace/work/full_mechanism_probes/cru1-lay-m1e-3-a1e-6-s16-block_sizes.json,500,499,Read-only scp from alice2 during this audit; remote sha256sum matches.,
S0580,publication-workspace/work/full_mechanism_probes/cru1-lay-m1e-3-a1e-6-s17.jsonl,45788c6aa3cbeb9ee86c5f7bd6d0e2d7dea0880e315e1476582030c51b88324b,,17,true,,,,alice2:cluster/Account2/metaopt/runs/cru1/probe_cru1-lay-m1e-3-a1e-6-s17/probe.jsonl,45788c6aa3cbeb9ee86c5f7bd6d0e2d7dea0880e315e1476582030c51b88324b,publication-workspace/work/full_mechanism_probes/cru1-lay-m1e-3-a1e-6-s17-block_sizes.json,500,499,Read-only scp from alice2 during this audit; remote sha256sum matches.,
S0581,repository/docs/CORRECTIONS.md,,,,true,repository/docs/CORRECTIONS.md:21079,21079,,,,,,,,
S0582,repository/analysis/cHD1_hdisagree_score.py,,,,true,repository/analysis/cHD1_hdisagree_score.py,,,,,,,,,
S0583,repository/docs/MASTER-TABLE.md,,,,true,repository/docs/MASTER-TABLE.md:159,159,,,,,,,,
S0584,repository/docs/CORRECTIONS.md,,,,true,repository/docs/CORRECTIONS.md [CORRECTIONS 179],,[CORRECTIONS 179],,,,,,,
S0585,publication-workspace/work/full_mechanism_probes/probe_4913.terms.npy,beb95472ee96f9c77a9a87b2a9a0992307f350256df07d0740c1a70ea9394a0c,,,true,,,,alice2:cluster/Account2/metaopt/crn1_stage/probe_4913.terms.npy,beb95472ee96f9c77a9a87b2a9a0992307f350256df07d0740c1a70ea9394a0c,,,,,
S0586,publication-workspace/work/full_mechanism_probes/probe_4913.meta.json,a4a15c85a50a52bf343e85479d7a38473ca4ca9e53656fce8d73ccc05b625163,,,true,,,,,,,,,,
S0587,archive/Account2/runs/ctd1/probe_ctd1-sc-s18/probe.jsonl,7fafff3e84fd0e84c9d6361b891127a14c2fa5bab01ebe55ea585ca242db977a,,18,true,,,,,,archive/Account2/runs/ctd1/probe_ctd1-sc-s18/probe_tensor.json,,,,sc
S0588,archive/Account2/runs/ctd1/probe_ctd1-sc-s19/probe.jsonl,f78f0e7a29771f8c5eaf6605232badd9f2f0d42df88e550c13a142f6eeda728e,,19,true,,,,,,archive/Account2/runs/ctd1/probe_ctd1-sc-s19/probe_tensor.json,,,,sc
S0589,archive/Account2/runs/ctd1/probe_ctd1-sc-s20/probe.jsonl,a566cb85bdcb04149209089987579f40e04874e3853f1b75ea12c1acc728925d,,20,true,,,,,,archive/Account2/runs/ctd1/probe_ctd1-sc-s20/probe_tensor.json,,,,sc
S0590,archive/Account2/runs/ctd1/probe_ctd1-lay-s18/probe.jsonl,b31013b76cf8fb46422c7cc784ac89adc0c42c1567bb7886cfe703769dc53f66,,18,true,,,,,,archive/Account2/runs/ctd1/probe_ctd1-lay-s18/probe_tensor.json,,,,lay
S0591,archive/Account2/runs/ctd1/probe_ctd1-lay-s19/probe.jsonl,cb7021253f687b394694f28544de020301077ad66f0821595ea7ea8a83fc7254,,19,true,,,,,,archive/Account2/runs/ctd1/probe_ctd1-lay-s19/probe_tensor.json,,,,lay
S0592,archive/Account2/runs/ctd1/probe_ctd1-lay-s20/probe.jsonl,531624e3e51c4e24a906480c4c68d5379b8ac3dd3d248e0b3759aee4f5d84a27,,20,true,,,,,,archive/Account2/runs/ctd1/probe_ctd1-lay-s20/probe_tensor.json,,,,lay
S0593,repository/docs/MASTER-TABLE.md,,,,true,repository/docs/MASTER-TABLE.md:161,161,,,,,,,,
S0594,repository/docs/CORRECTIONS.md,,,,true,"repository/docs/CORRECTIONS.md [CORRECTIONS 182, 184, 186]",,"[CORRECTIONS 182, 184, 186]",,,,,,,
S0595,repository/analysis/cTD1_tensor_dominate_score.py,,,,true,repository/analysis/cTD1_tensor_dominate_score.py,,,,,,,,,
S0596,repository/analysis/cTD2_tensor_dominate_score.py,,,,true,repository/analysis/cTD2_tensor_dominate_score.py,,,,,,,,,
S0597,repository/docs/CORRECTIONS.md,,,,true,repository/docs/CORRECTIONS.md:14924,14924,,,,,,,,
S0598,repository/analysis/cS1_ratelaw_shape.py,,,,true,repository/analysis/cS1_ratelaw_shape.py,,,,,,,,,
S0599,repository/docs/MASTER-TABLE.md,,,,true,repository/docs/MASTER-TABLE.md:148,148,,,,,,,,
S0600,repository/docs/CORRECTIONS.md,,,,true,repository/docs/CORRECTIONS.md [CORRECTIONS 159],,[CORRECTIONS 159],,,,,,,
S0601,archive/Account2/runs/cpk2-k50-s3-4914391.out,b3377a376f8035ef083fbf847bc2b306e5d7a7aed1f7ab17387034a8ce2f886b,cpk2-k50-s3,3,true,,,,,,,,,,
S0602,archive/Account2/runs/cpk2-k50-s4-4914397.out,2070c92dc922cba2c1b97759e129a84286532c4981cb81cb0ca880e832554063,cpk2-k50-s4,4,true,,,,,,,,,,
S0603,archive/Account2/runs/cpk2-k50-s5-4914403.out,0bd972f90308952300d8a6eca4e220e759a5e0c76bb9dc67547423ed461c6422,cpk2-k50-s5,5,true,,,,,,,,,,
S0604,archive/Account2/runs/cpk2-k52-s3-4914392.out,ae14814d9b42f386a51a2342286c6e31e49456d27f0541e5f11a05fa1322ab2e,cpk2-k52-s3,3,true,,,,,,,,,,
S0605,archive/Account2/runs/cpk2-k52-s4-4914398.out,34d7ab377210dc811f05afe839a4744743843129c4e15322b100ac59debb2b34,cpk2-k52-s4,4,true,,,,,,,,,,
S0606,archive/Account2/runs/cpk2-k52-s5-4914404.out,75cc7acbb900583636c4ec82a388d52973c4ccd95b653d7354aeebca90d38f8d,cpk2-k52-s5,5,true,,,,,,,,,,
S0607,repository/docs/CORRECTIONS.md,,,,true,CORRECTIONS 26,737,,,,,,,,
S0608,repository/docs/CORRECTIONS.md,,,,true,CORRECTIONS 34,1017,,,,,,,,
S0609,repository/docs/CORRECTIONS.md,,,,true,CORRECTIONS 47,634,,,,,,,,
S0610,repository/docs/CORRECTIONS.md,,,,true,CORRECTIONS 59,1811,,,,,,,,
S0611,repository/docs/CORRECTIONS.md,,,,true,CORRECTIONS 68,2057,,,,,,,,
S0612,repository/docs/CORRECTIONS.md,,,,true,CORRECTIONS 58,1769,,,,,,,,
S0613,repository/docs/CORRECTIONS.md,,,,true,CORRECTIONS 45,1362,,,,,,,,
S0614,repository/docs/CORRECTIONS.md,,,,true,CORRECTIONS 50,1522,,,,,,,,
S0615,repository/docs/CORRECTIONS.md,,,,true,CORRECTIONS 77,2405,,,,,,,,
S0616,repository/docs/CORRECTIONS.md,,,,true,CORRECTIONS 86.1,2751,,,,,,,,
S0617,repository/docs/CORRECTIONS.md,,,,true,CORRECTIONS 101.2,4463,,,,,,,,
S0618,repository/results/c71_bd7_bo7_score.txt,,,,true,results/c71_bd7_bo7_score.txt,,,,,,,,,
S0619,repository/docs/CORRECTIONS.md,,,,true,CORRECTIONS 56,1712,,,,,,,,
S0620,repository/docs/CORRECTIONS.md,,,,true,CORRECTIONS 69,2093,,,,,,,,
S0621,repository/analysis/c52_boxfree.py,,,,true,,459,,,,,,,,
S0622,repository/results/c63_uladder.json,,,,true,repository/results/c63_uladder.json,,,,,,,,,
S0623,repository/results/c67_ms_axis.json,,,,true,repository/results/c67_ms_axis.json,,,,,,,,,
S0624,repository/results/c63_uladder.json,,,,true,results/c63_uladder.json,,,,,,,,,
S0625,repository/results/c67_ms_axis.json,,,,true,results/c67_ms_axis.json,,,,,,,,,
S0626,repository/analysis/c62_blocksize_curve.py,,,,true,analysis/c62_blocksize_curve.py,,,,,,,,,
S0627,repository/docs/CORRECTIONS.md,,,,true,CORRECTIONS 95,3885,,,,,,,,
S0628,repository/docs/CORRECTIONS.md,,,,true,CORRECTIONS 96.2,3982,,,,,,,,
S0629,repository/docs/CORRECTIONS.md,,,,true,CORRECTIONS 96.2–96.3,3982,,,,,,,,
S0630,repository/docs/CORRECTIONS.md,,,,true,CORRECTIONS 96.6–96.8,3982,,,,,,,,
S0631,repository/docs/CORRECTIONS.md,,,,true,CORRECTIONS 110.2,5947,,,,,,,,
S0632,repository/analysis/c81_cc1_score.py,,,,true,analysis/c81_cc1_score.py,,,,,,,,,
S0633,repository/docs/CORRECTIONS.md,,,,true,CORRECTIONS 96.6,3982,,,,,,,,
