cell,run,seed,test_plateau5_pct,raw_plateau5_pct,raw_log,raw_log_sha256
cdn1-h2,cdn1-h2-s0,0,78.986,78.986,cdn1-h2-s0-4920429.out,e7e3a1f3a0a4980e194777324580438cbc6b1029946230b1d17d10681546de1c
cdn1-h2,cdn1-h2-s1,1,78.8,78.8,cdn1-h2-s1-4920430.out,1822497b84039d7f3a879c28a47c03ac8c8e68809ee3573610590b13adc7f5ef
cdn1-h2,cdn1-h2-s2,2,78.698,78.698,cdn1-h2-s2-4920431.out,e45353994940b98a2bb5028551d0848347de896cf84d669f2bc04395d4112077
cdn1-lr001,cdn1-lr001-s0,0,75.544,75.544,cdn1-lr001-s0-4920408.out,d77722b9d9c2b3845100578b2e0053be45fffb9922b3f29907127f68167d2587
cdn1-lr001,cdn1-lr001-s1,1,75.128,75.128,cdn1-lr001-s1-4920409.out,44ff0b87b1f726e3a6f8a457963cfdc5f553f855ebd7efd88ae055b162dba10c
cdn1-lr001,cdn1-lr001-s2,2,75.448,75.44800000000001,cdn1-lr001-s2-4920410.out,26b7d341913914b136c0ee9f2b3211ac2478cebf75b919e70adcbf37833905d6
cdn1-lr002,cdn1-lr002-s0,0,76.152,76.152,cdn1-lr002-s0-4920411.out,53b4948cfcc3f0f33738c3bd6f352046d32996a0d4199523c32f88da29432bb7
cdn1-lr002,cdn1-lr002-s1,1,76.586,76.586,cdn1-lr002-s1-4920412.out,31711ecbd51f30da48199e6c1bd1d9450c03b9967f0cb580464396be032c9cb2
cdn1-lr002,cdn1-lr002-s2,2,76.36,76.36,cdn1-lr002-s2-4920413.out,ed6cd7041fbefcf77994ad2b6d16c4828c77fe1eb41dfb0589dadce88c64f96a
cdn1-lr005,cdn1-lr005-s0,0,77.152,77.152,cdn1-lr005-s0-4920414.out,a94ce778e2c1aa291f5c88883903f9acffc49d7d38ed0403c3620831ad86927e
cdn1-lr005,cdn1-lr005-s1,1,77.172,77.172,cdn1-lr005-s1-4920415.out,86f2d7d51cf336be74b7c7e713dd79fabc4ad95f89176a1ea92168874480be89
cdn1-lr005,cdn1-lr005-s2,2,77.146,77.146,cdn1-lr005-s2-4920416.out,947c232564014d286b8bc89cc557c50b6942eb34fb20ddc0d7bf8e3564c0ef50
cdn1-lr01,cdn1-lr01-s0,0,77.526,77.526,cdn1-lr01-s0-4920417.out,81408e04e4bf98bdabc73d3cabbd8dc982ec24c8a4b617bf610aac293f680aa2
cdn1-lr01,cdn1-lr01-s1,1,78.048,78.048,cdn1-lr01-s1-4920418.out,21e9c89bf4194aa1b41b06eb31a8e7216c8de8d1d1d27c126ae656241152bb31
cdn1-lr01,cdn1-lr01-s2,2,77.204,77.204,cdn1-lr01-s2-4920419.out,d8dce3e48511eef8644e6cf0a167374e41bd77266c7a8861f971aabf344faed9
cdn1-lr02,cdn1-lr02-s0,0,76.996,76.996,cdn1-lr02-s0-4920420.out,b14963c33592053efb0c8b788aab25dd79f3716d84d733a50e5f3819894fdc38
cdn1-lr02,cdn1-lr02-s1,1,77.218,77.218,cdn1-lr02-s1-4920421.out,ca048907916694b85824393ae157d66086cf8f74113fb6c9d81fa1192083405d
cdn1-lr02,cdn1-lr02-s2,2,77.056,77.056,cdn1-lr02-s2-4920422.out,db965f6d8639aed88f5e7170239ffef26415a2e6c0de3a53104ad0283aa91280
cdn1-lr03,cdn1-lr03-s0,0,76.268,76.268,cdn1-lr03-s0-4920423.out,4c5dff69f8e459e9d30885e4dd7e68dbdadde31aacdfefb43f9398986ba5fb73
cdn1-lr03,cdn1-lr03-s1,1,76.56,76.56,cdn1-lr03-s1-4920424.out,461035e7bf63337d3cdcf8ef28bd4d167d0f64fe020dc39c988ce7c8b2812c16
cdn1-lr03,cdn1-lr03-s2,2,76.282,76.282,cdn1-lr03-s2-4920425.out,45cd4fcb0a163863869257cf75fc33047cfbc0f9b13696529a2cb24301db3665
cdn1-m,cdn1-m-s0,0,71.814,71.814,cdn1-m-s0-4920426.out,39f1c6f995ceabd1fe0ef448983996895610ca0f08011bfc44c001a0b92d784a
cdn1-m,cdn1-m-s1,1,71.958,71.958,cdn1-m-s1-4920427.out,78db6a8350fe89684a10089591a7d6eb930cd3ea3c0bd765904eb24b9b8a4106
cdn1-m,cdn1-m-s2,2,71.908,71.908,cdn1-m-s2-4920428.out,9ba0ce2ed08d1f2d86fccbcadfb9ad02db51cc8c53fc6a77f2c6c78855f67bbc
cau1-lr0005,cau1-lr0005-s50,50,85.49,85.49,cau1-lr0005-s50-4945786.out,0777024285bf99133b681918d1940e4d21311b63f1f4bc9d046b6a4bffdfb508
cau1-lr0005,cau1-lr0005-s51,51,85.14,85.14,cau1-lr0005-s51-4945795.out,30e5bc4135ddf9937699f761b7a2a14204495c5b56e6e88f339b0f739b159854
cau1-lr0005,cau1-lr0005-s52,52,85.524,85.524,cau1-lr0005-s52-4945840.out,b0db23ec1d9c231475decdcada623a4e0c8831576911be81d2a4e7693566e040
cau1-lr001,cau1-lr001-s50,50,87.504,87.504,cau1-lr001-s50-4945787.out,0dbf0d29d823c7a24711d1b943f5c05839896c5fcc0ab0e0dbee227f726c2d66
cau1-lr001,cau1-lr001-s51,51,86.762,86.762,cau1-lr001-s51-4945832.out,dd58fbe2e56778b57890974c6f2b748388b46647dd809943e2418ff35ae0b8de
cau1-lr001,cau1-lr001-s52,52,86.988,86.988,cau1-lr001-s52-4945841.out,18512e35f633ad36d70536542a1ec250d93d2c4ba9fe8d6b2ed51f52d7cf6a38
cau1-lr002,cau1-lr002-s50,50,88.796,88.796,cau1-lr002-s50-4945788.out,393eb861770bfbc721dc209432ae7a7c34147b9147090090e8333fd871990eca
cau1-lr002,cau1-lr002-s51,51,88.296,88.296,cau1-lr002-s51-4945833.out,0171ffaae2e5d0f760088734e13323cb970914f830ab32ca30d06548056d185f
cau1-lr002,cau1-lr002-s52,52,88.136,88.136,cau1-lr002-s52-4945842.out,b9133576775bcc17d5aaac5501232a878dc103c2d2dafcc440d17f2b10ca8bf2
cau1-lr005,cau1-lr005-s50,50,89.058,89.058,cau1-lr005-s50-4945789.out,b24505cb63082874159005efab36614f1105620a92893c9f5bbcc6f7b5625a05
cau1-lr005,cau1-lr005-s51,51,88.75,88.75,cau1-lr005-s51-4945834.out,1dd7d9bde84604d5abc2dc1353c5278d6a0730b801834d18f0900c6063ef55f5
cau1-lr005,cau1-lr005-s52,52,88.588,88.588,cau1-lr005-s52-4945843.out,8d982d6850675ed40033ae92d5bc56e7baab99e9c3d2a581a4c911f94fa87d32
cau1-lr01,cau1-lr01-s50,50,89.216,89.21600000000001,cau1-lr01-s50-4945790.out,c87184b60d758df3ec40546e1e8645703f15868c2df0a2b735822a9ed06f5d2b
cau1-lr01,cau1-lr01-s51,51,89.676,89.676,cau1-lr01-s51-4945835.out,e729509cb555efe75215fd5301a6450a8e238f4947668b80566e7a770d0391a1
cau1-lr01,cau1-lr01-s52,52,89.576,89.576,cau1-lr01-s52-4945844.out,8ea1fc0e717cfb8f3dae11b44c3ec2c50e4575049103086a2e7467bb4e8777d7
cau1-lr02,cau1-lr02-s50,50,89.642,89.642,cau1-lr02-s50-4945791.out,fa04caf36ed39834bbdba612933f0f68807e18cfcd52631493638de3cc8de5eb
cau1-lr02,cau1-lr02-s51,51,89.38,89.38,cau1-lr02-s51-4945836.out,14ea783848e9cc7bcd53b34223decf116fbd2f26944d51232febfc495d43bf8c
cau1-lr02,cau1-lr02-s52,52,89.824,89.824,cau1-lr02-s52-4945845.out,5f1b07c946e1128d8bbad98df19a6ccbb87fe6582ee62f3a9c64d8cd1c929210
cau1-lr04,cau1-lr04-s50,50,88.752,88.752,cau1-lr04-s50-4945792.out,340a0e971baa247875d93298f6462b08ee39dbd5136da9f7cb9e60379ead1858
cau1-lr04,cau1-lr04-s51,51,88.354,88.354,cau1-lr04-s51-4945837.out,fdaf9f219d7b189630b9a0b1bfe048415e3c0f9eb4f3a4193ce0aa6e79cf59e2
cau1-lr04,cau1-lr04-s52,52,88.894,88.894,cau1-lr04-s52-4945846.out,153c7d3fe6b0319bd267d853e9ff6bef07e9f7abc8c793b5e7d69df29fe3c1a1
cau1-m6,cau1-m6-s50,50,74.104,74.104,cau1-m6-s50-4945793.out,f28b8a1889df1350c0cc3a9700f124920cc36da6d510019a75074f24b07be9d3
cau1-m6,cau1-m6-s51,51,75.322,75.322,cau1-m6-s51-4945838.out,e91f56e7385143a3e07fec9b97a4cbcc193069772d94a0419a7ca23e967a40e5
cau1-m6,cau1-m6-s52,52,74.072,74.072,cau1-m6-s52-4945847.out,f846b79c4246ccb25e867a9b5e821b0d28b4d24d864dbf2ebc56663a67bd7c04
cau1-m6t,cau1-m6t-s50,50,86.022,86.022,cau1-m6t-s50-4945794.out,27d0f622f7d3cfc29dd5dcf20e31b9ed12519c07f37611d7c3686d436b74c0d8
cau1-m6t,cau1-m6t-s51,51,85.558,85.558,cau1-m6t-s51-4945839.out,4368989c43892364cb3259015a9fc7c74c17696e5fdc705e97a955c392634407
cau1-m6t,cau1-m6t-s52,52,86.414,86.414,cau1-m6t-s52-4945848.out,2a6026d4d53e254789dfd26d558aa08025b2e4b1a45f61208019560c5f5b47cc
g4m-r0-m1e2,g4m-r0-m1e2-s0,0,91.176,91.176,g4m-r0-m1e2-s0-4885881.out,c0a64ba84565928d7c9ebc6d615c5613a5661ab2d1b2edcd3e71771dbde4cc35
g4m-r0-m1e2,g4m-r0-m1e2-s1,1,90.754,90.754,g4m-r0-m1e2-s1-4885908.out,fbbcad07cf44d743c9e4d8c4807449fa5444a1fce2873bb5e5563a3806e97c80
g4m-r0-m1e2,g4m-r0-m1e2-s2,2,90.63,90.63,g4m-r0-m1e2-s2-4885932.out,c4f314a944483b4ea41c7a74c6d51d27b35b1ad4ab2c6a671b432bffb7d7f1a0
g4m-r0-m1e3,g4m-r0-m1e3-s0,0,92.446,92.446,g4m-r0-m1e3-s0-4885879.out,78007e83dd3f31bd5f7b1bb85b9cf76d3cbb4eaf550840e98655ce0f883ba25b
g4m-r0-m1e3,g4m-r0-m1e3-s1,1,92.28,92.28,g4m-r0-m1e3-s1-4885906.out,afae33da7b87ce88ba70e25825e99466f6eaa0d46366cadd1f5398f9ee17058b
g4m-r0-m1e3,g4m-r0-m1e3-s2,2,92.434,92.434,g4m-r0-m1e3-s2-4885930.out,bb45a7c72e11162be577782e71430e4cdfb1c7f996b9e5c72dc96dad490140f1
g4m-r0-m1e4,g4m-r0-m1e4-s0,0,36.244,36.244,g4m-r0-m1e4-s0-4885877.out,c6bd80748e3e75660d867628e4af24644db5c28e42aa7f260bdcaef1ba790d60
g4m-r0-m1e4,g4m-r0-m1e4-s1,1,37.706,37.705999999999996,g4m-r0-m1e4-s1-4885904.out,34eca65c351634754504bb9266825bf375ce0e50f18d4e2dcf0c4470d589a4f5
g4m-r0-m1e4,g4m-r0-m1e4-s2,2,37.82,37.82,g4m-r0-m1e4-s2-4885928.out,30399daa1b457dec2301d9390e65423d253f35b4fed7267361c2340e886054ba
g4m-r0-m3e2,g4m-r0-m3e2-s0,0,90.69,90.69,g4m-r0-m3e2-s0-4885882.out,344fde878ca0823a4871b10114391fcb321910179078f36ac8268daadba495a0
g4m-r0-m3e2,g4m-r0-m3e2-s1,1,90.192,90.192,g4m-r0-m3e2-s1-4885909.out,08e496879975ced4af2ea7c57eaa2d11dee134290eb98e56db02af7ecfc926a4
g4m-r0-m3e2,g4m-r0-m3e2-s2,2,90.042,90.042,g4m-r0-m3e2-s2-4885933.out,376b2d7a68f4b675bbf748d5e05bcef5caea84e7c496fe617f1e917944e59242
g4m-r0-m3e3,g4m-r0-m3e3-s0,0,91.728,91.728,g4m-r0-m3e3-s0-4885880.out,a59deb03e027628f4113a3d8bc4e66d7b09d235f7741a7128ffbf98f9ac0c4bd
g4m-r0-m3e3,g4m-r0-m3e3-s1,1,91.544,91.544,g4m-r0-m3e3-s1-4885907.out,4dc7a05330d4ad875315e808b7c0306301d2e55fe39aeab5c3b102f084e6dff2
g4m-r0-m3e3,g4m-r0-m3e3-s2,2,91.636,91.636,g4m-r0-m3e3-s2-4885931.out,33d612ed5e1ff6ed4a6256dfc2f2a6d611ed6452fec177be3a4776f50f4f3aab
g4m-r0-m3e4,g4m-r0-m3e4-s0,0,89.872,89.872,g4m-r0-m3e4-s0-4885878.out,0b701a4f3e760c5fd597944ce9d9f713ed8ed863af0669bf8bfd4b2b0dcb8368
g4m-r0-m3e4,g4m-r0-m3e4-s1,1,89.924,89.92399999999999,g4m-r0-m3e4-s1-4885905.out,24b25296e841dd190ca01c5cb459a0786246e9d1f515ebe9952d2951d869bd1a
g4m-r0-m3e4,g4m-r0-m3e4-s2,2,89.56,89.56,g4m-r0-m3e4-s2-4885929.out,3dd3b792d2b6a3d6f6c1940bb3bfcd1280c5f2af1289f60ff5e0f016d1de3bd6
g4m-r006-m1e2,g4m-r006-m1e2-s0,0,91.006,91.006,g4m-r006-m1e2-s0-4885890.out,ed71d5fe9efdf8c4352bee9c5da6f3b1e11bfefaf7d2b0524bce9ca09c5455b6
g4m-r006-m1e2,g4m-r006-m1e2-s1,1,90.986,90.986,g4m-r006-m1e2-s1-4885914.out,96d10c8d5cc2aee7944558e39646b93faffc166bcb0d9c3643e35f7616c5e5ba
g4m-r006-m1e2,g4m-r006-m1e2-s2,2,91.038,91.038,g4m-r006-m1e2-s2-4885938.out,5bc188c4e1988c16322180d04b033837b3470783d76153081a8b181c390d4144
g4m-r006-m1e3,g4m-r006-m1e3-s0,0,93.114,93.114,g4m-r006-m1e3-s0-4885888.out,491752775abaa7269fbbddca3cd4d9da95fdfed551770817baafa2282b9be39c
g4m-r006-m1e3,g4m-r006-m1e3-s1,1,93.192,93.192,g4m-r006-m1e3-s1-4885912.out,1e7bd27cf8ad6b0ba725ff8811ebcce3f0aef83c6a9f5f5ffd36b212b8d6b89d
g4m-r006-m1e3,g4m-r006-m1e3-s2,2,93.318,93.318,g4m-r006-m1e3-s2-4885936.out,d678ad0bde64d66dbeaa484462cf6dfee4dac7b7c5153a4211dfb48992fa51fb
g4m-r006-m1e4,g4m-r006-m1e4-s0,0,36.712,36.712,g4m-r006-m1e4-s0-4885883.out,f3903eb4ad7719cb3ddcd28a8c76ddb46830270f1105f8b8ef15be10ae52b70b
g4m-r006-m1e4,g4m-r006-m1e4-s1,1,38.218,38.217999999999996,g4m-r006-m1e4-s1-4885910.out,53630f47e3d50e67f31ff819ffc998ddb673d8fb883985a31789f4b823547084
g4m-r006-m1e4,g4m-r006-m1e4-s2,2,38.268,38.268,g4m-r006-m1e4-s2-4885934.out,af9f6a7e007410d68188d388e231aedddcc229a1ccee4ca06c4712657a3086bd
g4m-r006-m3e2,g4m-r006-m3e2-s0,0,91.11,91.11,g4m-r006-m3e2-s0-4885891.out,432d17eee4c26e56b822d86da28a5b355bdb759adc425ea4695cba9b42016a95
g4m-r006-m3e2,g4m-r006-m3e2-s1,1,90.984,90.984,g4m-r006-m3e2-s1-4885915.out,8dd7a6af94cdf799910c360dedfa999f452df606972f40e809c91cfe850f2561
g4m-r006-m3e2,g4m-r006-m3e2-s2,2,90.822,90.822,g4m-r006-m3e2-s2-4885939.out,f77187dff3d3c1314937bf78efb32e87f0bd8dcc689c3059398874242861f610
g4m-r006-m3e3,g4m-r006-m3e3-s0,0,91.73,91.73,g4m-r006-m3e3-s0-4885889.out,334b6e868ac55a148f10e1dbb14742d5da43082fe5ec59f21a810ee635828791
g4m-r006-m3e3,g4m-r006-m3e3-s1,1,91.954,91.954,g4m-r006-m3e3-s1-4885913.out,62484df42b75450926bb62b6f55556857475a3ffa311bae6eb7acc4a01d58186
g4m-r006-m3e3,g4m-r006-m3e3-s2,2,91.638,91.638,g4m-r006-m3e3-s2-4885937.out,23373535daaf729b2f355f5a8e777758892a526b72c91ceef2f0d44a577ab2d8
g4m-r006-m3e4,g4m-r006-m3e4-s0,0,88.614,88.614,g4m-r006-m3e4-s0-4885884.out,5df2467704a5f855c0b8dea6cbb0cdbf1de17f29babeca26a98ebeeb5bce9d1b
g4m-r006-m3e4,g4m-r006-m3e4-s1,1,89.63,89.63,g4m-r006-m3e4-s1-4885911.out,bc9298dc95c45a4a7cb99abcdf02ca5586aff2aec3d43549dd65b4744de9bc3f
g4m-r006-m3e4,g4m-r006-m3e4-s2,2,89.696,89.696,g4m-r006-m3e4-s2-4885935.out,7dbdc49280cac637ce4c1fc09d8d3edb915529ff16e323d3637a6f734bb81f26
g4m-r02-m1e2,g4m-r02-m1e2-s0,0,90.8,90.8,g4m-r02-m1e2-s0-4885896.out,48938b9a09969c0a91873527599beebf8d219aa9ce843ee6c4fe99b7e1382669
g4m-r02-m1e2,g4m-r02-m1e2-s1,1,91.176,91.176,g4m-r02-m1e2-s1-4885920.out,c35572b9154fd8c1e13d80092b253c0e8f7a49a308a477989cac9366c61215f7
g4m-r02-m1e2,g4m-r02-m1e2-s2,2,90.368,90.368,g4m-r02-m1e2-s2-4885944.out,e1982db6da66f9669a9fb0c7227ef8ee6e6934f82bcbf252e0ebfd63a2cabcdf
g4m-r02-m1e3,g4m-r02-m1e3-s0,0,91.454,91.454,g4m-r02-m1e3-s0-4885894.out,4128d30a20913341d5056e3811ba42e1b331421ffd3b7856cdf8fa1f5417d78d
g4m-r02-m1e3,g4m-r02-m1e3-s1,1,91.588,91.588,g4m-r02-m1e3-s1-4885918.out,eb9de12f677b7747bbc5d751c4eb43f58eb8b3900ebba370e07c9ee63fc4f8dd
g4m-r02-m1e3,g4m-r02-m1e3-s2,2,91.466,91.466,g4m-r02-m1e3-s2-4885942.out,57925dc3e01cf87ff0b29674fe1383adfff4ce29b21de22c27ea429b8231ee7e
g4m-r02-m1e4,g4m-r02-m1e4-s0,0,37.566,37.566,g4m-r02-m1e4-s0-4885892.out,8671803600b69d22673342367856c5bf457a2eea9e1b7fb2c48f4b1714707a42
g4m-r02-m1e4,g4m-r02-m1e4-s1,1,39.476,39.476,g4m-r02-m1e4-s1-4885916.out,f2739cf33e9e69550c0cbcc06c43f6712d8483697a66e0f81016a656c6a2aa44
g4m-r02-m1e4,g4m-r02-m1e4-s2,2,39.486,39.486000000000004,g4m-r02-m1e4-s2-4885940.out,3721047ba0563653d8a342b3c0ca8d7a934e660a4340b57d483799899098ed67
g4m-r02-m3e2,g4m-r02-m3e2-s0,0,90.926,90.926,g4m-r02-m3e2-s0-4885897.out,9bef26695295ec7ae55cfcea38acf340ec8abf907538046c8fb85917f72d493a
g4m-r02-m3e2,g4m-r02-m3e2-s1,1,90.854,90.854,g4m-r02-m3e2-s1-4885921.out,f3325c8a05545b48a96aef9983391daeca5eb474be223013249ca37635622d5d
g4m-r02-m3e2,g4m-r02-m3e2-s2,2,90.29,90.28999999999999,g4m-r02-m3e2-s2-4885945.out,1f2fbf3d5a41ba5910bd67fc58181434deee641d3cfae31535cbcd9929bf2591
g4m-r02-m3e3,g4m-r02-m3e3-s0,0,90.928,90.928,g4m-r02-m3e3-s0-4885895.out,a8006c548a94f16eeaeb328c6a5b9f89500d594aa4b0ab2e50b0e1368fa4f896
g4m-r02-m3e3,g4m-r02-m3e3-s1,1,91.43,91.42999999999999,g4m-r02-m3e3-s1-4885919.out,bb7b39aecde149aae5078874fb40130dc0e115e067980d0158e17725c00984b7
g4m-r02-m3e3,g4m-r02-m3e3-s2,2,90.818,90.818,g4m-r02-m3e3-s2-4885943.out,d3d0927b5976dbc8cd4f86cf404146e04ca719d9f1ed48ff583f5e4a027873d3
g4m-r02-m3e4,g4m-r02-m3e4-s0,0,91.342,91.342,g4m-r02-m3e4-s0-4885893.out,ed3aecafe7b718674147230fec21b9633245c673592959e12e6a036b7ba4c9e3
g4m-r02-m3e4,g4m-r02-m3e4-s1,1,92.044,92.044,g4m-r02-m3e4-s1-4885917.out,bc226a7645a48315ece800e0951154b041451c1a8b80af7a7dc42a432984df4c
g4m-r02-m3e4,g4m-r02-m3e4-s2,2,91.414,91.414,g4m-r02-m3e4-s2-4885941.out,e3279c689cb3ebb4a9a5db166e9ba12fcc1adbf1fa74c519b00498280282c2db
g4m-r1-m1e2,g4m-r1-m1e2-s0,0,90.744,90.744,g4m-r1-m1e2-s0-4885902.out,a50a14092b435cf060a0c7cb8faf4d393bf46cda8cceba76f0b497f00f34e104
g4m-r1-m1e2,g4m-r1-m1e2-s1,1,90.174,90.17399999999999,g4m-r1-m1e2-s1-4885926.out,fa2d4c60f383319f88dffdfc6fd5be3ecc0499bf4622467e934b426c7a195ac1
g4m-r1-m1e2,g4m-r1-m1e2-s2,2,90.682,90.682,g4m-r1-m1e2-s2-4885950.out,b6c9514dcb956718b5053112c5c2898e4f1b6aeb62db49e277c91ce454d53b86
g4m-r1-m1e3,g4m-r1-m1e3-s0,0,90.932,90.932,g4m-r1-m1e3-s0-4885900.out,f3655e866315993c4843b13bf01d15b765902d28b8119b33ed3472f0fc2d5bb4
g4m-r1-m1e3,g4m-r1-m1e3-s1,1,91.058,91.058,g4m-r1-m1e3-s1-4885924.out,d8231f92dea1dca33b033a025e74302b2d72834a9ff2d18f3339e222c6b357d8
g4m-r1-m1e3,g4m-r1-m1e3-s2,2,90.796,90.796,g4m-r1-m1e3-s2-4885948.out,a13b517ab6f0f7874ab8d4bb863919175768730d854140874caed6d565d5d5e1
g4m-r1-m1e4,g4m-r1-m1e4-s0,0,44.622,44.622,g4m-r1-m1e4-s0-4885898.out,dc2c51e88a7903e40e03331b85a8d4c2788d5ca78c6a3f4b7941943a4e7767e2
g4m-r1-m1e4,g4m-r1-m1e4-s1,1,47.566,47.566,g4m-r1-m1e4-s1-4885922.out,dc802465f749b4d90a55e86688b52bdae22ace9a99cae4f95a702298cab0a27f
g4m-r1-m1e4,g4m-r1-m1e4-s2,2,46.752,46.752,g4m-r1-m1e4-s2-4885946.out,161f5d9d3c2678cce17e12f57b6c2bb1de8010a106eb8c59f8c688b1f9c7cede
g4m-r1-m3e2,g4m-r1-m3e2-s0,0,89.654,89.654,g4m-r1-m3e2-s0-4885903.out,e5f7c32d8d42471715be2c699fe14a5062eb59a6ab1ae1d98ace659b05c9b71f
g4m-r1-m3e2,g4m-r1-m3e2-s1,1,89.094,89.09400000000001,g4m-r1-m3e2-s1-4885927.out,44b6d089d78ce07d1351609a26fdc032327de196d625be3043606e8662ff0f87
g4m-r1-m3e2,g4m-r1-m3e2-s2,2,88.452,88.452,g4m-r1-m3e2-s2-4885951.out,69a0857de1df9b71f1161a794da8e24f90c033035a95d6773ec0a8f3b2be815c
g4m-r1-m3e3,g4m-r1-m3e3-s0,0,90.818,90.818,g4m-r1-m3e3-s0-4885901.out,e1e06af207cef86be47e99404370df08b1eccd571f42f761446c6aa7b6b93466
g4m-r1-m3e3,g4m-r1-m3e3-s1,1,91.006,91.006,g4m-r1-m3e3-s1-4885925.out,93c42d49824b41fbb530c27907e94833d1cf626f6c511774930d556ddb6f7b9c
g4m-r1-m3e3,g4m-r1-m3e3-s2,2,91.018,91.018,g4m-r1-m3e3-s2-4885949.out,35d6b3f09b03fd37b56e355e03b5aa455a6fc37b0b13de638e99dbcf8f348e03
g4m-r1-m3e4,g4m-r1-m3e4-s0,0,90.134,90.134,g4m-r1-m3e4-s0-4885899.out,b55142d2078534a97fd0440150349caecfb9e91c1ce3201b229bf4f855558b87
g4m-r1-m3e4,g4m-r1-m3e4-s1,1,90.486,90.486,g4m-r1-m3e4-s1-4885923.out,caf8855077c8813c9a7548dc7cd11fe00e4147777da938f661a4e1c93ae9eeb3
g4m-r1-m3e4,g4m-r1-m3e4-s2,2,90.448,90.44800000000001,g4m-r1-m3e4-s2-4885947.out,66ea827ba35978cce964a14a81ca10ed9181d57e045b9fab838283e6a30199f3
tl1-a3-plain,tl1-a3-plain-s0,0,91.154,91.154,tl1-a3-plain-s0-4886444.out,53c6119f8307b25b9734c1e948814cb691caf41484cd3a923547ab6b9d7c8ee3
tl1-a3-plain,tl1-a3-plain-s1,1,91.19,91.19,tl1-a3-plain-s1-4886451.out,8dcd542208d1934c213886cbf0bb55eabaa0c0782f38e449f439593747b535c7
tl1-a3-plain,tl1-a3-plain-s2,2,91.198,91.19800000000001,tl1-a3-plain-s2-4886458.out,0977dc4129b490105cb0ad0562a451bd08c980fdd659d69db86c7f29615aa170
tl1-a3-r0,tl1-a3-r0-s0,0,88.018,88.018,tl1-a3-r0-s0-4886439.out,00a8cd9f80148ab3df784064f2e460e911d822190af5ffb2161e1117b80c7714
tl1-a3-r0,tl1-a3-r0-s1,1,87.974,87.974,tl1-a3-r0-s1-4886446.out,9e0b56ea1dae75b87a8570971271943f516756cbda0d0d90d70eebd279539237
tl1-a3-r0,tl1-a3-r0-s2,2,87.892,87.892,tl1-a3-r0-s2-4886453.out,076c2bc55eec369f356348b7a8fe5935133bc03ce2dee7cb8d711ba49dcbfd2a
tl1-a3-r003,tl1-a3-r003-s0,0,89.926,89.926,tl1-a3-r003-s0-4886440.out,73e69ff57b575e6484d92175e811fb0ca7299846382c56a968d13101cfb3c613
tl1-a3-r003,tl1-a3-r003-s1,1,89.686,89.686,tl1-a3-r003-s1-4886447.out,bc04f09e27c72c81b30d90bfac7bcfcc06975686a8f74d816cee29560f15a05b
tl1-a3-r003,tl1-a3-r003-s2,2,89.706,89.706,tl1-a3-r003-s2-4886454.out,fc3c6c4fe4216380e5beb585b19ecaf1df2f41dc0d2c595300722dd14ff54b2a
tl1-a3-r01,tl1-a3-r01-s0,0,90.48,90.48,tl1-a3-r01-s0-4886441.out,8119c688bc7169fef561425e37de12eb9c7826a024f176f8c1fcfe7dc722851c
tl1-a3-r01,tl1-a3-r01-s1,1,90.482,90.482,tl1-a3-r01-s1-4886448.out,d3b58e9016254fa1636e8645da75a7bcf0267b5ed8a4d1198554ceb7304b9ccd
tl1-a3-r01,tl1-a3-r01-s2,2,90.122,90.122,tl1-a3-r01-s2-4886455.out,3dd857109683cb98ad32adc82dbfd158c90dae72ea8d0d3616672a3f02750efc
tl1-a3-r03,tl1-a3-r03-s0,0,89.792,89.792,tl1-a3-r03-s0-4886442.out,44deb6ff48760be4ccfb421e7a83a3abfc7f6c3eac31ce7c03ea5b3af463d899
tl1-a3-r03,tl1-a3-r03-s1,1,89.402,89.402,tl1-a3-r03-s1-4886449.out,7bb54838c548ad609fbd6477ec4dffde1665879982ebf781c48d202fa286455f
tl1-a3-r03,tl1-a3-r03-s2,2,89.632,89.632,tl1-a3-r03-s2-4886456.out,c3032af4008126753405c5fb0f4ccba6ac548d7f5ccd44126297bec184061178
tl1-a3-r1,tl1-a3-r1-s0,0,90.714,90.714,tl1-a3-r1-s0-4886443.out,09e1e60d36a585ba989ee5b091b725148dca1cbe41bf7a49d8d77ea0b7173510
tl1-a3-r1,tl1-a3-r1-s1,1,90.608,90.608,tl1-a3-r1-s1-4886450.out,886ef2863ac0bad5c0e69e03f8e01746cca3ded0808eab688d8c4aca56ac46ae
tl1-a3-r1,tl1-a3-r1-s2,2,90.528,90.528,tl1-a3-r1-s2-4886457.out,8bef53758d5f71681a0cd4057c86d98199e320eff89972431ac33b39d7417278
tl1-a3-scal,tl1-a3-scal-s0,0,87.766,87.766,tl1-a3-scal-s0-4886445.out,fcab90fc224bc519c985473288fcad13b2aca7f9a07a1ade1d1b66ad7b395850
tl1-a3-scal,tl1-a3-scal-s1,1,87.924,87.92399999999999,tl1-a3-scal-s1-4886452.out,a280f9eb762ac84aa4c79cc215504f94c5f9d0384aa5c0e6cf93a07f9512110b
tl1-a3-scal,tl1-a3-scal-s2,2,87.766,87.766,tl1-a3-scal-s2-4886459.out,ade40cece905d83e4608025a446206bce06e42bba5d971833c4f5dbc57c8f6fe
tl1-a6-plain,tl1-a6-plain-s0,0,91.14,91.14,tl1-a6-plain-s0-4886423.out,5be5cf13bdffd0b708a0ed880c1b90b4e0fa2b7d3c5803ea6a28301ecbab6493
tl1-a6-plain,tl1-a6-plain-s1,1,91.096,91.096,tl1-a6-plain-s1-4886430.out,024c769535365c36217237b598fb60e3a90916bfd8dc5c2e7c79cc47d121b598
tl1-a6-plain,tl1-a6-plain-s2,2,90.776,90.776,tl1-a6-plain-s2-4886437.out,057ddc5cf8a28a3f024ab3d10232d2b9a93d3cf7c0ab9e973f89bfbc93a86c9b
tl1-a6-r0,tl1-a6-r0-s0,0,87.798,87.798,tl1-a6-r0-s0-4886418.out,428b448ef40cff44bd69b90dcda09ad8a072a9b0a61ef5ec3a2890d18cdf77e1
tl1-a6-r0,tl1-a6-r0-s1,1,87.998,87.998,tl1-a6-r0-s1-4886425.out,0abd430c789492989d7457f49fa70d397c6a075fea6f66abc94033d05de0c183
tl1-a6-r0,tl1-a6-r0-s2,2,87.98,87.98,tl1-a6-r0-s2-4886432.out,a73505f06fc04321648fd8957daa77c6d9c619479f0d29ce60f8e20c14b0d615
tl1-a6-r003,tl1-a6-r003-s0,0,90.392,90.392,tl1-a6-r003-s0-4886419.out,a891caf8778ececa1c717e159509793a59f0e045fff233fa35bf99f55cf8bb61
tl1-a6-r003,tl1-a6-r003-s1,1,90.082,90.08200000000001,tl1-a6-r003-s1-4886426.out,d7c0ccdc3e98f4fa3a843c20af60901f74c6b63003a22f3fe4d8cfbff5236c17
tl1-a6-r003,tl1-a6-r003-s2,2,90.082,90.082,tl1-a6-r003-s2-4886433.out,f564e8c310bc805401eb6efa51169d4eb01e10d2e6d932d6f21cc67027999753
tl1-a6-r01,tl1-a6-r01-s0,0,90.784,90.784,tl1-a6-r01-s0-4886420.out,11177513d50c16ddae818674bcd6b61945c125d674f7ebbed75fbed3a3d7d463
tl1-a6-r01,tl1-a6-r01-s1,1,90.744,90.744,tl1-a6-r01-s1-4886427.out,ae488bad9dcef86fa7cae5e56c399ddddd3ed117eac69cddeebe5bb73fe8a0cb
tl1-a6-r01,tl1-a6-r01-s2,2,90.726,90.726,tl1-a6-r01-s2-4886434.out,4599e650e95d14810e884243a573b251254dfb932843ee272f9b670b8e56c99e
tl1-a6-r03,tl1-a6-r03-s0,0,90.662,90.662,tl1-a6-r03-s0-4886421.out,0601f7cf243dfa87d4086cedbd3c09c573f4652d45ba0586e4757f1c75061bf0
tl1-a6-r03,tl1-a6-r03-s1,1,90.592,90.592,tl1-a6-r03-s1-4886428.out,3f6c42756cc7ec29688b81039dd3455f3524b07300934ff5ac5c4d07d1cbc031
tl1-a6-r03,tl1-a6-r03-s2,2,90.592,90.592,tl1-a6-r03-s2-4886435.out,c288f282b277adf71f6c7abb726575f9ac5a2aba142ccc289069ec4beae0ceaf
tl1-a6-r1,tl1-a6-r1-s0,0,90.712,90.712,tl1-a6-r1-s0-4886422.out,004cf8398aadde3105f662a7a61dfb1e94ebf4c067fcf8447a3eec6931e240a3
tl1-a6-r1,tl1-a6-r1-s1,1,90.706,90.706,tl1-a6-r1-s1-4886429.out,2f7fab137dbb52a80a0456e51f0ca79ca68fe9c60c79075f6378c41825f4d84a
tl1-a6-r1,tl1-a6-r1-s2,2,90.602,90.602,tl1-a6-r1-s2-4886436.out,272ab0f15244528a02d264c47bb072be27b533306e81b5b97fd7da580cd18446
tl1-a6-scal,tl1-a6-scal-s0,0,87.792,87.792,tl1-a6-scal-s0-4886424.out,a3253b909431c1b76e4be53f61bab7920774411f6e679071a95c7715cff06977
tl1-a6-scal,tl1-a6-scal-s1,1,88.324,88.324,tl1-a6-scal-s1-4886431.out,e36355bcd8326ec15a4726e8fe1580b88d85ae142ac1da6295abc59ad9e3925a
tl1-a6-scal,tl1-a6-scal-s2,2,88.022,88.022,tl1-a6-scal-s2-4886438.out,6e51ecd5372d936ec75468c7f18d68a52401fbd4f23702d9ee135aaea83f7448
eb1-a06,eb1-a06-s0,0,93.368,93.368,eb1-a06-s0-4886463.out,44399ded79a51d1124cba1ba64fbe00918bc17083bf7f55ed22a41d3be3796d2
eb1-a06,eb1-a06-s1,1,93.466,93.46600000000001,eb1-a06-s1-4886469.out,31e11d6f5c1eb14448c1f157a9c8f8aa5d7353f530c05fbec76de6e7f4711240
eb1-a06,eb1-a06-s2,2,93.15,93.15,eb1-a06-s2-4886475.out,f41c5702f958231e2ab77f2c6c45af78cc2b6d559eb9684bd1295392837ae85f
eb1-a1,eb1-a1-s0,0,91.04,91.04,eb1-a1-s0-4886462.out,4e0469ca64c2cd3fa3e6e1c814bf617024af18d022088cf2978982e4dc6ec1f8
eb1-a1,eb1-a1-s1,1,91.048,91.048,eb1-a1-s1-4886468.out,1cfdd70577aa5b1ef51918866d31a8698ecdb8ab25c58a745300b7572284e956
eb1-a1,eb1-a1-s2,2,90.982,90.982,eb1-a1-s2-4886474.out,57947730707dcc13fbfe0a0259d5cd544ac94bc2e8fe40f36d870d8029aa4efe
eb1-ebjr,eb1-ebjr-s0,0,91.036,91.036,eb1-ebjr-s0-4886465.out,b4f8be64122662ecbbb2d88932c068b97422d53748043c9cc962b60fb63f4411
eb1-ebjr,eb1-ebjr-s1,1,91.324,91.324,eb1-ebjr-s1-4886471.out,cc1a3c39188a30fca89c8f92d7a5d716f0797867cc785fe9e2cd89b0bbbfb71f
eb1-ebjr,eb1-ebjr-s2,2,90.874,90.87400000000001,eb1-ebjr-s2-4886477.out,d066a53244158b834d7b087107dea124407476862a98eb77faa142ba4475beb7
eb1-ebjs,eb1-ebjs-s0,0,91.14,91.14,eb1-ebjs-s0-4886464.out,b67cf66a2f7022ad574abbec91141bda53edad2963ab378ff6a9fb3bbb8625fe
eb1-ebjs,eb1-ebjs-s1,1,91.204,91.204,eb1-ebjs-s1-4886470.out,a3655cc00224bfb369f8aab85cd4e7a0c8abab114169576c77efcf9cc8937d26
eb1-ebjs,eb1-ebjs-s2,2,90.85,90.85000000000001,eb1-ebjs-s2-4886476.out,c4b199c8e4d3cc9587d2431876efb59d0f5b1c7191e60c0ad18e9105582bddfb
eb1-ebjz,eb1-ebjz-s0,0,90.824,90.824,eb1-ebjz-s0-4886466.out,c937a03160b79a3f24713634483f19af63576bde75c39c8c7648af0374297d2c
eb1-ebjz,eb1-ebjz-s1,1,90.656,90.65599999999999,eb1-ebjz-s1-4886472.out,8eb749f7b16fe0b1c9737bdd284d68ee4c6021ca0a07cf95223e83053063e414
eb1-ebjz,eb1-ebjz-s2,2,91.084,91.084,eb1-ebjz-s2-4886478.out,24a64b638b51cf0db8c8be69fddc60b50e4ef575f86d077f3e75dfe0724f191b
eb1-lay,eb1-lay-s0,0,91.006,91.006,eb1-lay-s0-4886461.out,a92858540d2cf8996373e5538f512055323867dbf2df1bbbf03104f0186c01a9
eb1-lay,eb1-lay-s1,1,90.95,90.95,eb1-lay-s1-4886467.out,4e2da43aa43cde2513d61c89641c2ef83007d150df0ed11baa7e0b65c07e96b0
eb1-lay,eb1-lay-s2,2,90.728,90.728,eb1-lay-s2-4886473.out,8b0426930d8833ed8e7b2d11864d1813cd468766743fab53ffc614ce3f27f049
constant-1e-6,i3a-1e6-s0,0,69.908,69.908,i3a-1e6-s0-4700620.out,08450ea72ab304dd1d64b851ecc24244852ad80d9fc578312cb6e8d9f5cb4ef9
constant-1e-6,i3a-1e6-s1,1,68.91,68.91,i3a-1e6-s1-4700634.out,544c2f8c7e22adf440e57492b2fcd105de403ae04cf6f7dd34dd8ab584ba0194
constant-1e-6,i3a-1e6-s2,2,69.674,69.674,i3a-1e6-s2-4700648.out,4c29c41d9cb9e4929f754a7560fd3a95774c3302abe12ea8699744398d8f197b
constant-1e-5,i3a-1e5-s0,0,84.934,84.934,i3a-1e5-s0-4700622.out,0aa1bb8bc2ef84da524ae797e79820bde42849c0450678d6e73cbbb14803fe8d
constant-1e-5,i3a-1e5-s1,1,84.712,84.712,i3a-1e5-s1-4700636.out,7becfe18f15982f224a7ac5769e15f4161b16acf38db96818fe4f10d8f643535
constant-1e-5,i3a-1e5-s2,2,84.296,84.29599999999999,i3a-1e5-s2-4700650.out,e74e253e2b783b4ca0774656629ab035520114db2951d4c1e1d54351bab72cfd
constant-1e-4,i3a-1e4-s0,0,91.43,91.43,i3a-1e4-s0-4700624.out,22a7a9370823008650e172588e3926f3d22f2e915aabe7399f2a0890062658d3
constant-1e-4,i3a-1e4-s1,1,91.448,91.448,i3a-1e4-s1-4700638.out,dbc1f33370860a13f594f7338f25515c602f5b2166cbf75c82dd23a2898af59d
constant-1e-4,i3a-1e4-s2,2,91.296,91.29599999999999,i3a-1e4-s2-4700652.out,a9ad1d4e7887d120fd58f0afca8de3fc24552c60fd882b08cf47b9bf98dead9b
constant-3e-4,i3a-3e4-s0,0,91.732,91.732,i3a-3e4-s0-4700626.out,6f3f9b33467e9e2c1eeac7ea179ea103dcfaf33cd8745b7621e75dfc1a6cb249
constant-3e-4,i3a-3e4-s1,1,91.62,91.62,i3a-3e4-s1-4700640.out,ff8584e18ebde2f94bfa6f04a2268877cf145e271bb319278bfcbc5092e98da4
constant-3e-4,i3a-3e4-s2,2,91.948,91.948,i3a-3e4-s2-4700654.out,c1a025096982265f178ef69c1d1b5741ca0d354f3b1ec60641967c0d81a89071
constant-1e-3,i3a-1e3-s0,0,88.852,88.852,i3a-1e3-s0-4700628.out,49ef8f1d0a89fa50e995817add6a6fd37a49c66eba4b3dd2e7811ad6d440a040
constant-1e-3,i3a-1e3-s1,1,89.248,89.248,i3a-1e3-s1-4700642.out,389b1ab81141fe2e8ffc7cec39914ad61283a167b50313f28bdcde382c326e6d
constant-1e-3,i3a-1e3-s2,2,90.158,90.158,i3a-1e3-s2-4700656.out,235f9d734eeedfddb77de1666b76adb6b063ab44b62b2979560beae8aca07155
constant-1e-2,i3a-1e2-s0,0,68.59,68.59,i3a-1e2-s0-4700630.out,f423159bdb0117151b8e6c46599180d1c82df14bc9e14945612751c627839e14
constant-1e-2,i3a-1e2-s1,1,68.548,68.548,i3a-1e2-s1-4700644.out,dcc6b2ae1e03299e2ca2193d8bd9d4fc0fa4a3e59d7dab13a92c3e63d89b1ad4
constant-1e-2,i3a-1e2-s2,2,74.466,74.466,i3a-1e2-s2-4700658.out,4faaae28ec11cac3919a2d1b1af5b9c06c6fc0a4be9cc446b9d3709cb6492bfb
constant-1e-1,i3a-1e1-s0,0,12.586,12.586,i3a-1e1-s0-4700632.out,d2a82a38fb17c91e90520e2888ef77c376fe0465ff587a385de2c7dd028c16ab
constant-1e-1,i3a-1e1-s1,1,10.0,10.0,i3a-1e1-s1-4700646.out,623f359af09b7f618424b2d0e58d84b54b79639e7f92d62a52341786491947fc
constant-1e-1,i3a-1e1-s2,2,16.226,16.226,i3a-1e1-s2-4700660.out,87420df42f59502fb1fbe16991be6414cbc9ea08ff4e23856f637d595f7a89b4
meta-1e-6,i3b-1e6-s0,0,91.648,91.648,i3b-1e6-s0-4700621.out,706f844e2a5ef37fe215e169dbe84649f9301dc875410b66f13fa62183b9025f
meta-1e-6,i3b-1e6-s1,1,91.41,91.41,i3b-1e6-s1-4700635.out,027a70dacf28eabbd6fd22cfd7b8be409e66c04804a7e8ef58c890b966997ddf
meta-1e-6,i3b-1e6-s2,2,91.714,91.714,i3b-1e6-s2-4700649.out,9fa2bbcdbd27832533e16adb0d5a161c352a07822f9936a3aecced94b6746375
meta-1e-5,i3b-1e5-s0,0,91.75,91.75,i3b-1e5-s0-4700623.out,b2cf218e522cfb5fd39fb9bef9e445617faf26685623d89422acc0f0257d7ff1
meta-1e-5,i3b-1e5-s1,1,91.322,91.322,i3b-1e5-s1-4700637.out,5e56989a81b3538e3ccc31c4833a84dc6e640c1634f68e3991d7ae85ef87594f
meta-1e-5,i3b-1e5-s2,2,91.592,91.592,i3b-1e5-s2-4700651.out,afc98f1af3e773b2c174c4428985295af90cecef3062cc5feae3337c1aa25ccf
meta-1e-4,i3b-1e4-s0,0,91.672,91.672,i3b-1e4-s0-4700625.out,60d45d121a7fbbe686fe4769fa5dccb680c01e095cb8975884377029e5f12dc4
meta-1e-4,i3b-1e4-s1,1,92.21,92.21,i3b-1e4-s1-4700639.out,92b232dd9fc478d7b0aff83658e22b106886fe9a01d51dd02495be834c3366a8
meta-1e-4,i3b-1e4-s2,2,91.606,91.606,i3b-1e4-s2-4700653.out,a485402d2ddaf548322c3707426c32a40046c7c23cbff63f76ee16d97a9eb916
meta-3e-4,i3b-3e4-s0,0,93.194,93.194,i3b-3e4-s0-4700627.out,0d6c349f2a2f5a32be2d7cedb076b123b62b72a0a1d54b4ccebeede769d32354
meta-3e-4,i3b-3e4-s1,1,93.284,93.284,i3b-3e4-s1-4700641.out,42f80180bc92df1cdd88bf75f9fc738a2f95501acd2d98186ed2e840a1221680
meta-3e-4,i3b-3e4-s2,2,93.474,93.474,i3b-3e4-s2-4700655.out,69f878696bef54420859c58e6d3211ac19263184f894af8f14c0e47ad7978fc6
meta-1e-3,i3b-1e3-s0,0,92.19,92.19,i3b-1e3-s0-4700629.out,83577e1e576f9f0a3a5af6b3855374acd18f1756eef7a3c5f448adb44d2f076b
meta-1e-3,i3b-1e3-s1,1,92.216,92.216,i3b-1e3-s1-4700643.out,593cda8123a68197f7bbd9e06c0f7d90e1277e78388e8836739c92155624ae29
meta-1e-3,i3b-1e3-s2,2,92.222,92.222,i3b-1e3-s2-4700657.out,49a7f5db8e3feb5c54e7869cf41cc124cc6baf25863a71f605298d9798d01fdc
meta-1e-2,i3b-1e2-s0,0,90.208,90.208,i3b-1e2-s0-4700631.out,b95080d723782d7e5bd81558449cf5cb734a05dc432aebd9b832f74d5c5579f1
meta-1e-2,i3b-1e2-s1,1,89.958,89.958,i3b-1e2-s1-4700645.out,cae2f5111f633b90e5fea1791f7fa93c9f3d272feaf08f1c944f315943453ef5
meta-1e-2,i3b-1e2-s2,2,90.098,90.098,i3b-1e2-s2-4700659.out,0c7ca773c4167070efcd8aa08f1a7fa32899769b635af497ea9c82afc0252fce
meta-1e-1,i3b-1e1-s0,0,86.994,86.994,i3b-1e1-s0-4700633.out,e02ae90bc954538a79fb2a37c374730a7244ccd5b24d3344232bc465ecc4c146
meta-1e-1,i3b-1e1-s1,1,80.468,80.468,i3b-1e1-s1-4700647.out,7bb6d3ba8b0c905c1dad79bd834282a1ff0aa079f9d4a1b5e101c9ae6fb70eca
meta-1e-1,i3b-1e1-s2,2,10.0,10.0,i3b-1e1-s2-4700661.out,c3afb8c83d989f7349b113036b42c1cdcafdf00f57e0c7fe79f9001aff9bc33a
cosine-1e-6,i3c-1e6-s0,0,63.594,63.594,i3c-1e6-s0-4700694.out,492555e6d324fa736f7d4a6d7adbad77408a25f24fda6a94646c9931abb03942
cosine-1e-6,i3c-1e6-s1,1,62.77,62.769999999999996,i3c-1e6-s1-4700695.out,d37c1780d3bae6b2ac7f2821aea2aac2559ef597330f6ddb88f0b6ea0f7bb227
cosine-1e-6,i3c-1e6-s2,2,63.9,63.9,i3c-1e6-s2-4700696.out,89219d9c68e59af5ced7d758361c45b12e61e3cf89c4c5ff2f2c54ad2d474ec7
cosine-1e-5,SW_1e-5_s0,0,84.008,,,
cosine-1e-5,SW_1e-5_s1,1,83.82,,,
cosine-1e-4,SW_1e-4_s0,0,93.234,,,
cosine-1e-4,SW_1e-4_s1,1,92.974,,,
cosine-1e-4,i3c-1e4-s2,2,92.878,92.878,i3c-1e4-s2-4700700.out,2f33d3cbe9b7fa3404d2912bf6d3bf38a8a2e6309e597bb48fa87a951b85d9c1
cosine-1e-4,i3c-1e4-s3,3,93.008,93.008,i3c-1e4-s3-4700701.out,09263407b631d151d69a8c07f2e440829a29b3e3c8e313e05f4f8e67985835e3
cosine-3e-4,SW_3e-4_s0,0,94.16,,,
cosine-3e-4,SW_3e-4_s1,1,93.998,,,
cosine-3e-4,i3c-3e4-s2,2,93.88,93.88,i3c-3e4-s2-4700702.out,ddc0bf619f9b55c3c9247c4a91046099e1dc2669eacf73ca0c3f7b8e6e7a5bff
cosine-1e-3,SW_1e-3_s0,0,94.2,,,
cosine-1e-3,SW_1e-3_s1,1,94.256,,,
cosine-1e-3,i3c-1e3-s2,2,94.5,94.5,i3c-1e3-s2-4700703.out,181e957e92c2965b67bb7dcedda8fbc04b685a30e1894bfb62a2eaad238e482d
cosine-1e-2,SW_1e-2_s0,0,93.756,,,
cosine-1e-2,SW_1e-2_s1,1,93.884,,,
cosine-1e-1,i3c-1e1-s0,0,65.806,65.806,i3c-1e1-s0-4700697.out,1e5cbad1b1da29736eba7ec61d0d678ef0e0a9dcfae7fd5e61a40117eaa7cb89
cosine-1e-1,i3c-1e1-s1,1,64.798,64.798,i3c-1e1-s1-4700698.out,bd057b5d83d08a8aad6f6a14f28133dde30a5e4d84ea2569dc82fb48e51ed0ef
cosine-1e-1,i3c-1e1-s2,2,64.762,64.762,i3c-1e1-s2-4700699.out,4a982265db5212038d4a36a2f5443944eb3e29152394e8c1075e8e4517d16b27
bl-sgd-01,bl-sgd-01-s0,0,95.18,95.17999999999999,bl-sgd-01-s0-4687281.out,d20db16ae7d502e80d3896b07b83109dcca2e4295278f813d84895fa40d3880f
bl-sgd-01,bl-sgd-01-s1,1,95.282,95.282,bl-sgd-01-s1-4687285.out,0f5e5ccbc30a7502b78a989b8f30c463392f22186f749e30c504d265a08a92eb
bl-sgd-01,bl-sgd-01-s2,2,95.038,95.038,bl-sgd-01-s2-4687289.out,9e384bc73c6b62cec4c89d4e8ceb81185c30c28e536b6985593a5e186376888a
bl-sgd-01,bl-sgd-01-s3,3,95.04,95.03999999999999,bl-sgd-01-s3-4687293.out,2ef6c8096fd2c37bdb568a34b14d3913ae65bb8d56c4147e3bfef710962dc186
bl-sgd-01,bl-sgd-01-s4,4,95.082,95.08200000000001,bl-sgd-01-s4-4687297.out,6c758a44f735f6aa43fb7c49202fd8805c499de2e3f9812edf1d845473d60a96
cru1-lay-m1e-3-a1e-3,cru1-lay-m1e-3-a1e-3-s15,15,69.482,69.482,cru1-lay-m1e-3-a1e-3-s15-4920453.out,abb4b67a69641da6011d5eba3c289368f1c3a14e9240ff48b6dd36653b4c64ad
cru1-lay-m1e-3-a1e-3,cru1-lay-m1e-3-a1e-3-s16,16,69.936,69.93599999999999,cru1-lay-m1e-3-a1e-3-s16-4920473.out,0e5d82158c481a57f18bb3ce7677c48498d3be49b1624762b8a9ef292382c2c0
cru1-lay-m1e-3-a1e-3,cru1-lay-m1e-3-a1e-3-s17,17,70.1,70.1,cru1-lay-m1e-3-a1e-3-s17-4920493.out,fc5bd6848c3e89e527f3b6dbbcbe3eb46b67edd00c15cbeb402a3965a806ac58
cru1-lay-m1e-3-a1e-6,cru1-lay-m1e-3-a1e-6-s15,15,68.958,68.958,cru1-lay-m1e-3-a1e-6-s15-4920461.out,268b6df6c4ed74a6e6e3b33c9618658284fdf22a3c9e195cda069eb9be5a9eb8
cru1-lay-m1e-3-a1e-6,cru1-lay-m1e-3-a1e-6-s16,16,69.878,69.878,cru1-lay-m1e-3-a1e-6-s16-4920481.out,02c92c06dcd8eb0d7784c07e22095fc499b31b9285f2a6f263c5d15da0c9e30a
cru1-lay-m1e-3-a1e-6,cru1-lay-m1e-3-a1e-6-s17,17,69.816,69.816,cru1-lay-m1e-3-a1e-6-s17-4920501.out,068225011e87b84b99ffdb586c68adf5530c4b458cc9cfa4eed9327a22362518
cru1-lay-m1e-4-a1e-3,cru1-lay-m1e-4-a1e-3-s15,15,70.684,70.684,cru1-lay-m1e-4-a1e-3-s15-4920449.out,d820092b809656f45d36e9029043be16bd436dc335996cbbe6a27504f04692fb
cru1-lay-m1e-4-a1e-3,cru1-lay-m1e-4-a1e-3-s16,16,71.552,71.552,cru1-lay-m1e-4-a1e-3-s16-4920469.out,d207a88235ffd29c11433f72ad4a9d575e545ceab7bad1ed59c69a1852bb6dea
cru1-lay-m1e-4-a1e-3,cru1-lay-m1e-4-a1e-3-s17,17,71.012,71.012,cru1-lay-m1e-4-a1e-3-s17-4920489.out,eb136832e8c32de439cf753df1104b966385e95217972282d705b3bec2549991
cru1-lay-m1e-4-a1e-6,cru1-lay-m1e-4-a1e-6-s15,15,11.202,11.202,cru1-lay-m1e-4-a1e-6-s15-4920457.out,5e368bd370b3ddbed5e2f8fab5f10df3b9f67101b0dac9ddd5cc3174e19ccb1b
cru1-lay-m1e-4-a1e-6,cru1-lay-m1e-4-a1e-6-s16,16,10.726,10.725999999999999,cru1-lay-m1e-4-a1e-6-s16-4920477.out,b6b273171d4b439a2a0bb76ac7a5b0e5141950afe2d1741a70df1259705b1636
cru1-lay-m1e-4-a1e-6,cru1-lay-m1e-4-a1e-6-s17,17,10.944,10.944,cru1-lay-m1e-4-a1e-6-s17-4920497.out,eccced7aabc67d409a15286873ca84da74a5ea6d1672844885ed2438f753a1e0
cru1-lay-m1e-5-a1e-3,cru1-lay-m1e-5-a1e-3-s15,15,32.346,32.346,cru1-lay-m1e-5-a1e-3-s15-4920445.out,297bbfcd51edf6d8865d8019dedf04373088da5f80e9f18b2c394376cfa1208c
cru1-lay-m1e-5-a1e-3,cru1-lay-m1e-5-a1e-3-s16,16,32.94,32.94,cru1-lay-m1e-5-a1e-3-s16-4920465.out,5a92be485434811f20c0f5f108df1182017ea706979939bec157c1adc589478c
cru1-lay-m1e-5-a1e-3,cru1-lay-m1e-5-a1e-3-s17,17,31.676,31.676000000000002,cru1-lay-m1e-5-a1e-3-s17-4920485.out,bcac9e2940511e40ab0190d4aaa5b7479c4180494b2df99d4afaf656a7c3a97d
cru1-lay-m3e-3-a1e-3,cru1-lay-m3e-3-a1e-3-s15,15,69.7,69.7,cru1-lay-m3e-3-a1e-3-s15-4920455.out,415aacfa8c7e9e1567ec85e095d84ec179643231a5c2290285ac924c66d83d02
cru1-lay-m3e-3-a1e-3,cru1-lay-m3e-3-a1e-3-s16,16,70.202,70.202,cru1-lay-m3e-3-a1e-3-s16-4920475.out,f075c7a129672f8653d14cbaa8bb5a702040bf67457cacc7d3adbda0874a0d30
cru1-lay-m3e-3-a1e-3,cru1-lay-m3e-3-a1e-3-s17,17,69.666,69.666,cru1-lay-m3e-3-a1e-3-s17-4920495.out,c270314ffffac46c57a8769ad1531e94a6f9377a2960367a171b78a469afd50a
cru1-lay-m3e-3-a1e-6,cru1-lay-m3e-3-a1e-6-s15,15,69.374,69.374,cru1-lay-m3e-3-a1e-6-s15-4920463.out,22fa98990c6ccf6ba62d2bdcb14bc1817a7e62b5b5ec440c8d92d96468093b99
cru1-lay-m3e-3-a1e-6,cru1-lay-m3e-3-a1e-6-s16,16,69.644,69.644,cru1-lay-m3e-3-a1e-6-s16-4920483.out,413c90e4e74a24815b7b198f4f6af81d7ce8d31864daca08e45dcead8fb2c29c
cru1-lay-m3e-3-a1e-6,cru1-lay-m3e-3-a1e-6-s17,17,69.812,69.812,cru1-lay-m3e-3-a1e-6-s17-4920503.out,94d9e62dbe6cff773a18e03c21a83b013ed03ac075131d6f3000591d53d66069
cru1-lay-m3e-4-a1e-3,cru1-lay-m3e-4-a1e-3-s15,15,69.664,69.664,cru1-lay-m3e-4-a1e-3-s15-4920451.out,d4398a3a244e34ca919ac49a6dcb88e0751ea3b9b73216cc878f916e1ef9194b
cru1-lay-m3e-4-a1e-3,cru1-lay-m3e-4-a1e-3-s16,16,70.336,70.336,cru1-lay-m3e-4-a1e-3-s16-4920471.out,e8b11fe8d9fc7878e1981d8864809d606f9869a41690ab145ba9871c7989016b
cru1-lay-m3e-4-a1e-3,cru1-lay-m3e-4-a1e-3-s17,17,70.578,70.578,cru1-lay-m3e-4-a1e-3-s17-4920491.out,94bcc702e9c6d0f267b363d24d5d31824950317e80b29e983c193767fceecc99
cru1-lay-m3e-4-a1e-6,cru1-lay-m3e-4-a1e-6-s15,15,67.818,67.818,cru1-lay-m3e-4-a1e-6-s15-4920459.out,6d0d99285b78660a03dcaa1e4c94b45b8cb127e6148d6c5eceffbfcf863a79b2
cru1-lay-m3e-4-a1e-6,cru1-lay-m3e-4-a1e-6-s16,16,68.592,68.592,cru1-lay-m3e-4-a1e-6-s16-4920479.out,fd4f879fa2cadc404b8839188df86fffc68f236f096c925568306a98a1658731
cru1-lay-m3e-4-a1e-6,cru1-lay-m3e-4-a1e-6-s17,17,68.468,68.468,cru1-lay-m3e-4-a1e-6-s17-4920499.out,c15380d0fb7f5103d134b9ee17419101b3f45028d2225c7fa5ff34cb19deb0d4
cru1-lay-m3e-5-a1e-3,cru1-lay-m3e-5-a1e-3-s15,15,53.602,53.602000000000004,cru1-lay-m3e-5-a1e-3-s15-4920447.out,26c7bc52cbe86eadd9a75f8881fb88971eaf56342bd11159b501a0f3f06351d9
cru1-lay-m3e-5-a1e-3,cru1-lay-m3e-5-a1e-3-s16,16,54.006,54.006,cru1-lay-m3e-5-a1e-3-s16-4920467.out,a11933b76b1db4573989c19c0378d3330d81011231fb46c6a149aeff517ab07f
cru1-lay-m3e-5-a1e-3,cru1-lay-m3e-5-a1e-3-s17,17,53.174,53.174,cru1-lay-m3e-5-a1e-3-s17-4920487.out,047e848d766c62dab5498622fae65c1f67a17686e4d179ab69a074a591c757ff
cru1-sc-m1e-3-a1e-3,cru1-sc-m1e-3-a1e-3-s15,15,23.132,23.131999999999998,cru1-sc-m1e-3-a1e-3-s15-4920452.out,9a3afdbd550e76a2bfed2e3c8b140e93594cd58c44b42b2b306780ce2ce199d1
cru1-sc-m1e-3-a1e-3,cru1-sc-m1e-3-a1e-3-s16,16,22.034,22.034,cru1-sc-m1e-3-a1e-3-s16-4920472.out,5ac4fc9959b32cf80e5f852b093462faa47d6d08a75df5e22c0679f569ed001b
cru1-sc-m1e-3-a1e-3,cru1-sc-m1e-3-a1e-3-s17,17,21.97,21.97,cru1-sc-m1e-3-a1e-3-s17-4920492.out,d22146568ba52deb35f7a800abe0a9881308b6e6cbb4951bcacebb59e2a05391
cru1-sc-m1e-3-a1e-6,cru1-sc-m1e-3-a1e-6-s15,15,23.74,23.74,cru1-sc-m1e-3-a1e-6-s15-4920460.out,983b971d8e1f10631a722d5ae1fc17b134915b2c3f8ee4bb8ba45d2dee6f7821
cru1-sc-m1e-3-a1e-6,cru1-sc-m1e-3-a1e-6-s16,16,22.52,22.52,cru1-sc-m1e-3-a1e-6-s16-4920480.out,ddd7e61291a1a7ab8993146a3da6e838514f390f85d61914eb32fb8f0dc377f2
cru1-sc-m1e-3-a1e-6,cru1-sc-m1e-3-a1e-6-s17,17,22.746,22.746000000000002,cru1-sc-m1e-3-a1e-6-s17-4920500.out,06badad95201ff6380fd26b4f57d7639289db44a1a18f358f669ef7fb1bab173
cru1-sc-m1e-4-a1e-3,cru1-sc-m1e-4-a1e-3-s15,15,35.832,35.832,cru1-sc-m1e-4-a1e-3-s15-4920448.out,171540fc15a53141cf8c6017785448b754b4d0f0371d02b780f649ac3877282c
cru1-sc-m1e-4-a1e-3,cru1-sc-m1e-4-a1e-3-s16,16,35.616,35.616,cru1-sc-m1e-4-a1e-3-s16-4920468.out,01650ef93307d80d90ea8b93edf7a55e2d67c095e8502e76cd96af8c5f50c9ff
cru1-sc-m1e-4-a1e-3,cru1-sc-m1e-4-a1e-3-s17,17,35.928,35.928,cru1-sc-m1e-4-a1e-3-s17-4920488.out,294a69b32857c6de8ad665ad822e180e251ed5fcb3823bb727f38ea7bd6cfded
cru1-sc-m1e-4-a1e-6,cru1-sc-m1e-4-a1e-6-s15,15,10.764,10.764,cru1-sc-m1e-4-a1e-6-s15-4920456.out,3f678e0bc31c864ba44039d4f7966cdea78e44a411dc9339a6060a1e840d2ff8
cru1-sc-m1e-4-a1e-6,cru1-sc-m1e-4-a1e-6-s16,16,10.288,10.288,cru1-sc-m1e-4-a1e-6-s16-4920476.out,c38804c18c4e8fdf3292f0fcf0505eb363c10c7315b17bf53154ecbae4ab8173
cru1-sc-m1e-4-a1e-6,cru1-sc-m1e-4-a1e-6-s17,17,10.588,10.588,cru1-sc-m1e-4-a1e-6-s17-4920496.out,6272a2dc0b780ef25f83fa1eb649a2162655a42e5dadfce2bf42c9c6dae79cb6
cru1-sc-m1e-5-a1e-3,cru1-sc-m1e-5-a1e-3-s15,15,24.854,24.854,cru1-sc-m1e-5-a1e-3-s15-4920444.out,74db6aff1abc2768eb177d7fbf0a0eb87725878e81d8630b50edc1e093c352be
cru1-sc-m1e-5-a1e-3,cru1-sc-m1e-5-a1e-3-s16,16,24.088,24.088,cru1-sc-m1e-5-a1e-3-s16-4920464.out,695f5542a8e1aecf0a0118560fa3cf36890259b77d48c2d834aee986d1bd1232
cru1-sc-m1e-5-a1e-3,cru1-sc-m1e-5-a1e-3-s17,17,25.202,25.202,cru1-sc-m1e-5-a1e-3-s17-4920484.out,c179d11fc254ca5b0808cc0e15073bbc987a5627ea1240054193c5a2b780ea5b
cru1-sc-m3e-3-a1e-3,cru1-sc-m3e-3-a1e-3-s15,15,16.592,16.592,cru1-sc-m3e-3-a1e-3-s15-4920454.out,67fd4f753d2473335cea77dc6e2b38a64ad33404e28bac1accd9dc1a2dfe8fcc
cru1-sc-m3e-3-a1e-3,cru1-sc-m3e-3-a1e-3-s16,16,16.334,16.334,cru1-sc-m3e-3-a1e-3-s16-4920474.out,d564c196e4c1a1913c0d615b20842b3f7d3bffb56cc3d186dfdcf6a95e0b3b09
cru1-sc-m3e-3-a1e-3,cru1-sc-m3e-3-a1e-3-s17,17,16.138,16.138,cru1-sc-m3e-3-a1e-3-s17-4920494.out,188616295c35d8387af7ca73a89d5303837131f8d90e6be1d01e5b13408b4e29
cru1-sc-m3e-3-a1e-6,cru1-sc-m3e-3-a1e-6-s15,15,17.096,17.096,cru1-sc-m3e-3-a1e-6-s15-4920462.out,879760f1df2c6b88a2155aceed1f081fb0494afdc774914171ad27e6d6aaa0a7
cru1-sc-m3e-3-a1e-6,cru1-sc-m3e-3-a1e-6-s16,16,16.848,16.848,cru1-sc-m3e-3-a1e-6-s16-4920482.out,0e58b6dd9561d95674f1d7d6c4276976a417b24b26123fe1b4b184ec8e308e0b
cru1-sc-m3e-3-a1e-6,cru1-sc-m3e-3-a1e-6-s17,17,16.482,16.482,cru1-sc-m3e-3-a1e-6-s17-4920502.out,82a9bf04b4c2820d861ab0822c572689ab38cba7bbdaa71ca42b8f0248e5de47
cru1-sc-m3e-4-a1e-3,cru1-sc-m3e-4-a1e-3-s15,15,29.954,29.954,cru1-sc-m3e-4-a1e-3-s15-4920450.out,da39f5968db0e6ec506a250bcbcbb51957fe6c28a64dd0d20782dc57ee634533
cru1-sc-m3e-4-a1e-3,cru1-sc-m3e-4-a1e-3-s16,16,29.904,29.904,cru1-sc-m3e-4-a1e-3-s16-4920470.out,0aa2ab8f0a028d1c9c7a51d5a4f23122dea0e02f039e56d58a9bd615335543af
cru1-sc-m3e-4-a1e-3,cru1-sc-m3e-4-a1e-3-s17,17,29.488,29.488,cru1-sc-m3e-4-a1e-3-s17-4920490.out,d9b0d676a3374e3316a0d475dcd64be38f51164536d95ad3f48686ae41b83d69
cru1-sc-m3e-4-a1e-6,cru1-sc-m3e-4-a1e-6-s15,15,28.61,28.61,cru1-sc-m3e-4-a1e-6-s15-4920458.out,8f53ff4862d0fe38bac22dcdc5c84a350bd435d78108dd381f2bef17c93dfd9c
cru1-sc-m3e-4-a1e-6,cru1-sc-m3e-4-a1e-6-s16,16,29.106,29.106,cru1-sc-m3e-4-a1e-6-s16-4920478.out,d5925dc0bebb6d4e0a84cb8ee37d1e560fd76ef695f0b4905176e8520867f90f
cru1-sc-m3e-4-a1e-6,cru1-sc-m3e-4-a1e-6-s17,17,28.186,28.186,cru1-sc-m3e-4-a1e-6-s17-4920498.out,24a9cb7089f32097dfd227ee83d43761e8cf05a3fa28e1afe6225c696aad945f
cru1-sc-m3e-5-a1e-3,cru1-sc-m3e-5-a1e-3-s15,15,28.972,28.972,cru1-sc-m3e-5-a1e-3-s15-4920446.out,e1558e9cd2af6936a821a691147de4ebc3be3d646e105f93fb6d51654b61eee1
cru1-sc-m3e-5-a1e-3,cru1-sc-m3e-5-a1e-3-s16,16,29.356,29.356,cru1-sc-m3e-5-a1e-3-s16-4920466.out,00bd15a0ef912aec7e89afa24d72bb2a115e79b4972335c2f15184090f8e3dd5
cru1-sc-m3e-5-a1e-3,cru1-sc-m3e-5-a1e-3-s17,17,28.524,28.524,cru1-sc-m3e-5-a1e-3-s17-4920486.out,c14a9ffdb33fc76de422ed2e85810839aa13472f871fda81d908055f0fc4d28a
tn1-c10lay,tn1-c10lay-s0,0,91.098,91.098,tn1-c10lay-s0-4887067.out,ce47027ed97f2f7226bb3c412981afd94d506583661dd9c49b61f26516beec75
tn1-c10lay,tn1-c10lay-s1,1,90.944,90.944,tn1-c10lay-s1-4887071.out,b52f7688d63d5b12ddc16e9d9818d34935dffc2d744d84acf8ef5fd7dc4a2eeb
tn1-c10lay,tn1-c10lay-s2,2,90.976,90.976,tn1-c10lay-s2-4887075.out,4735cecd867fdc86f058f1a7636bc9a7e4d942b9dadea0e7abcbef30b951d1d6
tn1-lay,tn1-lay-s0,0,50.766,50.766,tn1-lay-s0-4887065.out,387b991da45ba98f353b85301e91c199aa50020461ecbc872e720de9c8bfcc70
tn1-lay,tn1-lay-s1,1,50.658,50.658,tn1-lay-s1-4887069.out,53f0bb86571e61a18dc1021584d06d5d2103178578a32ffa76692513f695c5c7
tn1-lay,tn1-lay-s2,2,51.08,51.08,tn1-lay-s2-4887073.out,b4b01bc85c6bfc41f851566bfb3e4b976e535467d6b8bdb3fe258e527feb9b64
tn1-node,tn1-node-s0,0,52.884,52.884,tn1-node-s0-4887066.out,7e6f074cb9c9fc1a0286eab2de64d4b6976625fa45d4dae885986ce8f5eef5cd
tn1-node,tn1-node-s1,1,53.37,53.37,tn1-node-s1-4887070.out,3e237f80624c938252a1a13c663512861103c49b5dda5a938a2c8953cc5d489d
tn1-node,tn1-node-s2,2,53.154,53.154,tn1-node-s2-4887074.out,ff92f8f581b75092659f5e5fe90582f5b27b2c94a1fbf368aa7060281664899c
tn1-scal,tn1-scal-s0,0,9.936,9.936,tn1-scal-s0-4887064.out,cedcac635ed9dc7bd285ac2e0cbba83b0d68d4b4e9e306e9ab3729ea8579616e
tn1-scal,tn1-scal-s1,1,9.872,9.872,tn1-scal-s1-4887068.out,a03a0f5f0933550ba4b2b810732afe47636ad01b997894f592b791435fd8ebae
tn1-scal,tn1-scal-s2,2,9.77,9.77,tn1-scal-s2-4887072.out,55f3bdd27f1e1df7f42f3d7b95e6e4974ff225bc6baa661b10c7c50bdafe5b55
cvg1-k01,cvg1-k01-s31,31,35.614,35.614,cvg1-k01-s31-4929673.out,a63c4cd9b6562752c959cb44f2f08927bd3c3208b50c794381d104984ab6b1ae
cvg1-k01,cvg1-k01-s32,32,34.938,34.938,cvg1-k01-s32-4929675.out,ad680f6c6ee4169b03781e689e3e9f48364ac6be0f47bd8b8b0503e2c52edcdf
cvg1-k01,cvg1-k01-s33,33,34.5,34.5,cvg1-k01-s33-4929677.out,d7fd0849428abcaed42133d32ef62a3b94b1dc255ed9ab99996869ea1f7084ba
cvg1-kL,cvg1-kL-s31,31,66.238,66.238,cvg1-kL-s31-4929674.out,71258453325238f6da0bcbbd7d673839afec38a90bbddc6da1afdd868b545a44
cvg1-kL,cvg1-kL-s32,32,66.376,66.376,cvg1-kL-s32-4929676.out,4191bd74699b0fffa054e6bd5744ad497751f7c69d165b8c15623dfd44b65ab0
cvg1-kL,cvg1-kL-s33,33,66.244,66.244,cvg1-kL-s33-4929678.out,b162279c1bb885ee76ebc91cb3fa04999b23498792dc4f9b51759a46f5a41525
