batch,arm,seed,epoch_completed,test_accuracy_pct,train_accuracy_pct
ciso2,k62,31,1,1.19,1.21
ciso2,k62,31,2,1.18,1.2
ciso2,k62,31,3,1.17,1.23
ciso2,k62,31,4,1.18,1.19
ciso2,k62,31,5,1.21,1.23
ciso2,k62,31,6,1.22,1.24
ciso2,k62,31,7,1.28,1.29
ciso2,k62,31,8,1.42,1.38
ciso2,k62,31,9,1.57,1.35
ciso2,k62,31,10,2.2,1.73
ciso2,k62,31,11,3.47,2.62
ciso2,k62,31,12,5.29,4.07
ciso2,k62,31,13,7.28,5.83
ciso2,k62,31,14,9.58,7.91
ciso2,k62,31,15,11.41,10.19
ciso2,k62,31,16,13.83,12.48
ciso2,k62,31,17,15.9,14.73
ciso2,k62,31,18,19.67,17.89
ciso2,k62,31,19,24.76,22.54
ciso2,k62,31,20,29.91,27.56
ciso2,k62,31,21,32.33,32.4
ciso2,k62,31,22,36.53,36.76
ciso2,k62,31,23,41.15,40.88
ciso2,k62,31,24,44.9,44.1
ciso2,k62,31,25,47.35,47.07
ciso2,k62,31,26,48.67,49.69
ciso2,k62,31,27,50.37,52.26
ciso2,k62,31,28,51.73,54.81
ciso2,k62,31,29,53.66,56.69
ciso2,k62,31,30,56.02,58.73
ciso2,k62,31,31,56.92,60.49
ciso2,k62,31,32,57.1,62.49
ciso2,k62,31,33,58.49,63.6
ciso2,k62,31,34,59.6,65.4
ciso2,k62,31,35,60.07,67.22
ciso2,k62,31,36,61.32,68.46
ciso2,k62,31,37,62.82,69.97
ciso2,k62,31,38,61.67,71.33
ciso2,k62,31,39,62.65,72.23
ciso2,k62,31,40,63.09,73.9
ciso2,k62,31,41,63.14,74.79
ciso2,k62,31,42,64.7,76.04
ciso2,k62,31,43,64.8,76.89
ciso2,k62,31,44,65.22,77.89
ciso2,k62,31,45,65.1,79.53
ciso2,k62,31,46,65.37,79.8
ciso2,k62,31,47,65.51,81.18
ciso2,k62,31,48,65.9,82.14
ciso2,k62,31,49,65.99,83.42
ciso2,k62,31,50,66.24,83.79
ciso2,k62,31,51,66.24,84.95
ciso2,k62,31,52,66.99,85.7
ciso2,k62,31,53,66.92,86.6
ciso2,k62,31,54,67.83,87.36
ciso2,k62,31,55,67.71,87.61
ciso2,k62,31,56,67.59,88.76
ciso2,k62,31,57,67.76,88.92
ciso2,k62,31,58,67.55,89.81
ciso2,k62,31,59,67.48,90.38
ciso2,k62,31,60,67.89,90.89
ciso2,k62,31,61,68.28,91.62
ciso2,k62,31,62,68.12,91.94
ciso2,k62,31,63,67.7,92.55
ciso2,k62,31,64,68.33,92.71
ciso2,k62,31,65,68.57,93.32
ciso2,k62,31,66,68.23,93.73
ciso2,k62,31,67,67.52,93.95
ciso2,k62,31,68,68.63,94.56
ciso2,k62,31,69,68.16,94.78
ciso2,k62,31,70,68.13,95.03
ciso2,k62,31,71,68.59,95.26
ciso2,k62,31,72,68.22,95.76
ciso2,k62,31,73,68.73,95.73
ciso2,k62,31,74,68.64,96.11
ciso2,k62,31,75,67.79,96.36
ciso2,k62,31,76,68.83,96.69
ciso2,k62,31,77,68.43,96.68
ciso2,k62,31,78,68.72,96.83
ciso2,k62,31,79,69.03,97.18
ciso2,k62,31,80,68.85,97.08
ciso2,k62,31,81,69.08,97.3
ciso2,k62,31,82,69.59,97.68
ciso2,k62,31,83,69.28,97.69
ciso2,k62,31,84,69.12,97.77
ciso2,k62,31,85,69.44,98.17
ciso2,k62,31,86,68.94,98.06
ciso2,k62,31,87,69.65,97.84
ciso2,k62,31,88,69.36,98.36
ciso2,k62,31,89,69.29,98.51
ciso2,k62,31,90,68.84,98.47
ciso2,k62,31,91,69.38,98.39
ciso2,k62,31,92,69.15,98.53
ciso2,k62,31,93,69.78,98.64
ciso2,k62,31,94,69.37,98.62
ciso2,k62,31,95,70.12,98.79
ciso2,k62,31,96,69.92,98.89
ciso2,k62,31,97,69.35,98.78
ciso2,k62,31,98,69.99,98.87
ciso2,k62,31,99,69.88,99.06
ciso2,k62,31,100,69.51,99.05
ciso2,k62,31,101,69.48,98.88
ciso2,k62,31,102,69.51,98.93
ciso2,k62,31,103,69.79,99.31
ciso2,k62,31,104,69.72,99.35
ciso2,k62,31,105,69.22,99.03
ciso2,k62,31,106,69.27,99.06
ciso2,k62,31,107,69.75,99.3
ciso2,k62,31,108,69.18,99.27
ciso2,k62,31,109,69.9,99.25
ciso2,k62,31,110,69.49,99.41
ciso2,k62,31,111,69.77,99.36
ciso2,k62,31,112,69.96,99.55
ciso2,k62,31,113,69.93,99.35
ciso2,k62,31,114,69.67,99.3
ciso2,k62,31,115,70.11,99.45
ciso2,k62,31,116,70.13,99.47
ciso2,k62,31,117,69.96,99.48
ciso2,k62,31,118,69.8,99.48
ciso2,k62,31,119,70.12,99.47
ciso2,k62,31,120,70.03,99.51
ciso2,k62,31,121,70.31,99.45
ciso2,k62,31,122,69.89,99.61
ciso2,k62,31,123,70.08,99.48
ciso2,k62,31,124,70.0,99.54
ciso2,k62,31,125,69.81,99.55
ciso2,k62,31,126,70.19,99.6
ciso2,k62,31,127,69.91,99.64
ciso2,k62,31,128,70.14,99.6
ciso2,k62,31,129,70.27,99.65
ciso2,k62,31,130,69.9,99.51
ciso2,k62,31,131,70.16,99.55
ciso2,k62,31,132,70.26,99.65
ciso2,k62,31,133,70.32,99.66
ciso2,k62,31,134,69.95,99.64
ciso2,k62,31,135,70.48,99.58
ciso2,k62,31,136,70.14,99.74
ciso2,k62,31,137,70.12,99.57
ciso2,k62,31,138,70.22,99.74
ciso2,k62,31,139,70.23,99.72
ciso2,k62,31,140,70.11,99.69
ciso2,k62,31,141,70.0,99.63
ciso2,k62,31,142,69.91,99.65
ciso2,k62,31,143,70.34,99.77
ciso2,k62,31,144,69.49,99.64
ciso2,k62,31,145,70.07,99.65
ciso2,k62,31,146,70.32,99.8
ciso2,k62,31,147,70.45,99.8
ciso2,k62,31,148,70.02,99.73
ciso2,k62,31,149,69.92,99.69
ciso2,k62,31,150,70.07,99.66
ciso2,k62,31,151,70.73,99.79
ciso2,k62,31,152,70.05,99.83
ciso2,k62,31,153,69.84,99.64
ciso2,k62,31,154,70.17,99.63
ciso2,k62,31,155,70.67,99.81
ciso2,k62,31,156,70.44,99.84
ciso2,k62,31,157,69.81,99.75
ciso2,k62,31,158,70.53,99.67
ciso2,k62,31,159,70.8,99.82
ciso2,k62,31,160,70.59,99.85
ciso2,k62,31,161,70.57,99.79
ciso2,k62,31,162,70.5,99.81
ciso2,k62,31,163,70.46,99.82
ciso2,k62,31,164,70.75,99.76
ciso2,k62,31,165,70.69,99.82
ciso2,k62,31,166,70.23,99.75
ciso2,k62,31,167,70.59,99.8
ciso2,k62,31,168,70.74,99.88
ciso2,k62,31,169,70.62,99.81
ciso2,k62,31,170,70.08,99.86
ciso2,k62,31,171,69.97,99.83
ciso2,k62,31,172,70.55,99.88
ciso2,k62,31,173,70.27,99.8
ciso2,k62,31,174,70.55,99.84
ciso2,k62,31,175,70.67,99.84
ciso2,k62,31,176,70.38,99.79
ciso2,k62,31,177,70.81,99.85
ciso2,k62,31,178,70.71,99.88
ciso2,k62,31,179,70.62,99.89
ciso2,k62,31,180,70.36,99.79
ciso2,k62,31,181,70.58,99.89
ciso2,k62,31,182,70.32,99.86
ciso2,k62,31,183,69.78,99.85
ciso2,k62,31,184,70.54,99.89
ciso2,k62,31,185,70.69,99.86
ciso2,k62,31,186,70.55,99.85
ciso2,k62,31,187,70.49,99.8
ciso2,k62,31,188,70.77,99.8
ciso2,k62,31,189,70.53,99.87
ciso2,k62,31,190,70.67,99.88
ciso2,k62,31,191,70.9,99.9
ciso2,k62,31,192,69.96,99.86
ciso2,k62,31,193,70.83,99.7
ciso2,k62,31,194,71.2,99.88
ciso2,k62,31,195,70.85,99.91
ciso2,k62,31,196,70.88,99.84
ciso2,k62,31,197,70.6,99.91
ciso2,k62,31,198,70.5,99.89
ciso2,k62,31,199,71.02,99.88
ciso2,k62,31,200,70.36,99.85
ciso2,k62,31,201,70.7,99.88
ciso2,k62,31,202,70.54,99.9
ciso2,k62,31,203,70.79,99.9
ciso2,k62,31,204,70.26,99.88
ciso2,k62,31,205,70.42,99.82
ciso2,k62,31,206,70.95,99.88
ciso2,k62,31,207,70.74,99.89
ciso2,k62,31,208,70.65,99.91
ciso2,k62,31,209,70.16,99.85
ciso2,k62,31,210,70.68,99.87
ciso2,k62,31,211,70.32,99.86
ciso2,k62,31,212,71.01,99.89
ciso2,k62,31,213,71.19,99.92
ciso2,k62,31,214,70.99,99.9
ciso2,k62,31,215,70.86,99.89
ciso2,k62,31,216,70.65,99.84
ciso2,k62,31,217,70.37,99.85
ciso2,k62,31,218,71.16,99.9
ciso2,k62,31,219,71.01,99.94
ciso2,k62,31,220,71.02,99.91
ciso2,k62,31,221,71.17,99.81
ciso2,k62,31,222,71.03,99.9
ciso2,k62,31,223,71.28,99.94
ciso2,k62,31,224,70.63,99.9
ciso2,k62,31,225,70.69,99.92
ciso2,k62,31,226,70.79,99.92
ciso2,k62,31,227,70.58,99.92
ciso2,k62,31,228,71.03,99.93
ciso2,k62,31,229,70.99,99.94
ciso2,k62,31,230,70.82,99.94
ciso2,k62,31,231,70.67,99.83
ciso2,k62,31,232,70.94,99.85
ciso2,k62,31,233,71.29,99.94
ciso2,k62,31,234,71.24,99.94
ciso2,k62,31,235,71.0,99.93
ciso2,k62,31,236,70.3,99.89
ciso2,k62,31,237,70.58,99.82
ciso2,k62,31,238,70.93,99.92
ciso2,k62,31,239,71.04,99.92
ciso2,k62,31,240,71.24,99.95
ciso2,k62,31,241,70.84,99.88
ciso2,k62,31,242,71.22,99.9
ciso2,k62,31,243,71.12,99.94
ciso2,k62,31,244,71.22,99.94
ciso2,k62,31,245,71.22,99.95
ciso2,k62,31,246,70.85,99.9
ciso2,k62,31,247,71.05,99.94
ciso2,k62,31,248,70.68,99.93
ciso2,k62,31,249,70.98,99.93
ciso2,k62,31,250,70.8,99.92
ciso2,k62,32,1,1.02,0.94
ciso2,k62,32,2,1.03,1.0
ciso2,k62,32,3,0.95,0.97
ciso2,k62,32,4,0.99,0.98
ciso2,k62,32,5,1.01,0.98
ciso2,k62,32,6,0.95,1.0
ciso2,k62,32,7,0.99,1.05
ciso2,k62,32,8,1.09,0.99
ciso2,k62,32,9,1.32,1.24
ciso2,k62,32,10,2.42,1.77
ciso2,k62,32,11,3.36,2.74
ciso2,k62,32,12,4.7,3.8
ciso2,k62,32,13,7.07,5.32
ciso2,k62,32,14,9.09,7.75
ciso2,k62,32,15,11.98,9.96
ciso2,k62,32,16,14.06,12.64
ciso2,k62,32,17,16.47,15.22
ciso2,k62,32,18,20.33,17.97
ciso2,k62,32,19,25.49,22.95
ciso2,k62,32,20,28.7,27.06
ciso2,k62,32,21,32.6,31.91
ciso2,k62,32,22,38.04,36.32
ciso2,k62,32,23,39.62,39.59
ciso2,k62,32,24,42.88,42.76
ciso2,k62,32,25,45.19,45.18
ciso2,k62,32,26,46.9,48.17
ciso2,k62,32,27,48.15,50.46
ciso2,k62,32,28,49.95,52.8
ciso2,k62,32,29,51.78,55.0
ciso2,k62,32,30,53.55,56.75
ciso2,k62,32,31,54.92,58.65
ciso2,k62,32,32,56.72,60.32
ciso2,k62,32,33,57.15,62.11
ciso2,k62,32,34,58.41,63.56
ciso2,k62,32,35,59.1,65.32
ciso2,k62,32,36,60.3,66.57
ciso2,k62,32,37,60.5,68.3
ciso2,k62,32,38,60.85,69.48
ciso2,k62,32,39,61.93,70.42
ciso2,k62,32,40,62.91,71.44
ciso2,k62,32,41,62.51,73.33
ciso2,k62,32,42,64.16,74.15
ciso2,k62,32,43,64.88,75.27
ciso2,k62,32,44,63.71,76.59
ciso2,k62,32,45,63.99,77.4
ciso2,k62,32,46,64.75,78.54
ciso2,k62,32,47,64.61,79.44
ciso2,k62,32,48,65.1,80.29
ciso2,k62,32,49,65.9,81.0
ciso2,k62,32,50,65.69,82.25
ciso2,k62,32,51,65.76,83.16
ciso2,k62,32,52,66.5,83.86
ciso2,k62,32,53,67.44,84.61
ciso2,k62,32,54,66.45,85.25
ciso2,k62,32,55,67.35,86.35
ciso2,k62,32,56,67.06,86.9
ciso2,k62,32,57,66.87,87.52
ciso2,k62,32,58,67.75,88.72
ciso2,k62,32,59,67.13,88.96
ciso2,k62,32,60,67.19,89.66
ciso2,k62,32,61,67.83,90.09
ciso2,k62,32,62,67.91,90.67
ciso2,k62,32,63,67.99,91.31
ciso2,k62,32,64,67.82,91.98
ciso2,k62,32,65,67.17,92.08
ciso2,k62,32,66,68.38,92.37
ciso2,k62,32,67,67.6,93.03
ciso2,k62,32,68,67.19,93.0
ciso2,k62,32,69,67.78,93.86
ciso2,k62,32,70,68.03,93.94
ciso2,k62,32,71,67.87,94.35
ciso2,k62,32,72,68.23,94.73
ciso2,k62,32,73,68.74,95.13
ciso2,k62,32,74,67.99,95.16
ciso2,k62,32,75,68.34,95.5
ciso2,k62,32,76,68.71,95.82
ciso2,k62,32,77,68.11,96.1
ciso2,k62,32,78,68.46,96.34
ciso2,k62,32,79,67.51,96.65
ciso2,k62,32,80,67.91,96.37
ciso2,k62,32,81,68.21,96.79
ciso2,k62,32,82,68.43,97.02
ciso2,k62,32,83,67.58,97.12
ciso2,k62,32,84,68.18,97.07
ciso2,k62,32,85,68.34,97.62
ciso2,k62,32,86,68.42,97.78
ciso2,k62,32,87,68.28,97.63
ciso2,k62,32,88,68.74,97.96
ciso2,k62,32,89,68.06,98.04
ciso2,k62,32,90,68.43,97.94
ciso2,k62,32,91,68.53,98.02
ciso2,k62,32,92,68.77,98.31
ciso2,k62,32,93,68.81,98.27
ciso2,k62,32,94,68.93,98.47
ciso2,k62,32,95,68.79,98.64
ciso2,k62,32,96,69.19,98.51
ciso2,k62,32,97,68.79,98.55
ciso2,k62,32,98,68.8,98.9
ciso2,k62,32,99,68.13,98.83
ciso2,k62,32,100,68.24,98.57
ciso2,k62,32,101,68.63,98.8
ciso2,k62,32,102,69.04,98.95
ciso2,k62,32,103,69.21,98.93
ciso2,k62,32,104,69.19,98.97
ciso2,k62,32,105,68.89,99.06
ciso2,k62,32,106,69.37,99.02
ciso2,k62,32,107,68.61,99.28
ciso2,k62,32,108,68.6,99.04
ciso2,k62,32,109,68.78,99.09
ciso2,k62,32,110,68.57,99.19
ciso2,k62,32,111,69.03,99.16
ciso2,k62,32,112,69.35,99.31
ciso2,k62,32,113,69.07,99.36
ciso2,k62,32,114,68.9,99.2
ciso2,k62,32,115,68.83,99.34
ciso2,k62,32,116,68.99,99.44
ciso2,k62,32,117,68.64,99.35
ciso2,k62,32,118,69.17,99.28
ciso2,k62,32,119,69.27,99.45
ciso2,k62,32,120,69.17,99.46
ciso2,k62,32,121,69.25,99.34
ciso2,k62,32,122,69.15,99.49
ciso2,k62,32,123,69.1,99.46
ciso2,k62,32,124,69.15,99.52
ciso2,k62,32,125,69.59,99.38
ciso2,k62,32,126,69.22,99.63
ciso2,k62,32,127,69.22,99.37
ciso2,k62,32,128,69.49,99.65
ciso2,k62,32,129,69.04,99.63
ciso2,k62,32,130,69.03,99.54
ciso2,k62,32,131,69.12,99.5
ciso2,k62,32,132,69.41,99.6
ciso2,k62,32,133,69.6,99.7
ciso2,k62,32,134,68.73,99.5
ciso2,k62,32,135,70.0,99.55
ciso2,k62,32,136,69.89,99.7
ciso2,k62,32,137,69.17,99.64
ciso2,k62,32,138,68.73,99.65
ciso2,k62,32,139,69.35,99.64
ciso2,k62,32,140,68.99,99.66
ciso2,k62,32,141,69.08,99.72
ciso2,k62,32,142,69.32,99.68
ciso2,k62,32,143,69.06,99.64
ciso2,k62,32,144,69.17,99.68
ciso2,k62,32,145,69.41,99.77
ciso2,k62,32,146,69.19,99.64
ciso2,k62,32,147,69.28,99.67
ciso2,k62,32,148,69.87,99.73
ciso2,k62,32,149,69.22,99.68
ciso2,k62,32,150,69.72,99.74
ciso2,k62,32,151,69.52,99.71
ciso2,k62,32,152,69.67,99.66
ciso2,k62,32,153,69.45,99.78
ciso2,k62,32,154,69.66,99.74
ciso2,k62,32,155,69.58,99.72
ciso2,k62,32,156,70.01,99.77
ciso2,k62,32,157,69.87,99.78
ciso2,k62,32,158,70.02,99.73
ciso2,k62,32,159,69.73,99.79
ciso2,k62,32,160,68.97,99.7
ciso2,k62,32,161,69.78,99.8
ciso2,k62,32,162,69.94,99.8
ciso2,k62,32,163,69.88,99.81
ciso2,k62,32,164,69.23,99.71
ciso2,k62,32,165,69.91,99.79
ciso2,k62,32,166,69.69,99.81
ciso2,k62,32,167,69.15,99.83
ciso2,k62,32,168,69.83,99.76
ciso2,k62,32,169,69.33,99.81
ciso2,k62,32,170,69.57,99.87
ciso2,k62,32,171,69.72,99.83
ciso2,k62,32,172,69.5,99.76
ciso2,k62,32,173,69.01,99.74
ciso2,k62,32,174,69.97,99.81
ciso2,k62,32,175,69.83,99.83
ciso2,k62,32,176,69.65,99.77
ciso2,k62,32,177,69.78,99.79
ciso2,k62,32,178,69.97,99.89
ciso2,k62,32,179,69.75,99.84
ciso2,k62,32,180,69.5,99.82
ciso2,k62,32,181,70.26,99.85
ciso2,k62,32,182,69.78,99.89
ciso2,k62,32,183,69.38,99.81
ciso2,k62,32,184,69.42,99.72
ciso2,k62,32,185,69.66,99.78
ciso2,k62,32,186,70.15,99.87
ciso2,k62,32,187,69.75,99.84
ciso2,k62,32,188,69.94,99.85
ciso2,k62,32,189,69.58,99.79
ciso2,k62,32,190,70.28,99.86
ciso2,k62,32,191,70.36,99.88
ciso2,k62,32,192,70.13,99.87
ciso2,k62,32,193,69.81,99.86
ciso2,k62,32,194,70.03,99.85
ciso2,k62,32,195,70.25,99.85
ciso2,k62,32,196,70.0,99.89
ciso2,k62,32,197,70.19,99.89
ciso2,k62,32,198,69.18,99.8
ciso2,k62,32,199,69.43,99.82
ciso2,k62,32,200,70.11,99.88
ciso2,k62,32,201,69.58,99.87
ciso2,k62,32,202,70.02,99.87
ciso2,k62,32,203,69.63,99.89
ciso2,k62,32,204,69.78,99.84
ciso2,k62,32,205,70.21,99.89
ciso2,k62,32,206,69.92,99.91
ciso2,k62,32,207,69.93,99.85
ciso2,k62,32,208,69.98,99.87
ciso2,k62,32,209,69.83,99.89
ciso2,k62,32,210,69.88,99.84
ciso2,k62,32,211,69.84,99.85
ciso2,k62,32,212,70.19,99.87
ciso2,k62,32,213,69.48,99.89
ciso2,k62,32,214,69.98,99.9
ciso2,k62,32,215,69.95,99.89
ciso2,k62,32,216,70.15,99.93
ciso2,k62,32,217,70.0,99.89
ciso2,k62,32,218,69.75,99.85
ciso2,k62,32,219,69.81,99.9
ciso2,k62,32,220,70.27,99.93
ciso2,k62,32,221,70.19,99.88
ciso2,k62,32,222,69.87,99.86
ciso2,k62,32,223,70.3,99.83
ciso2,k62,32,224,69.96,99.9
ciso2,k62,32,225,69.89,99.91
ciso2,k62,32,226,70.03,99.89
ciso2,k62,32,227,70.37,99.91
ciso2,k62,32,228,70.13,99.89
ciso2,k62,32,229,70.11,99.9
ciso2,k62,32,230,69.95,99.88
ciso2,k62,32,231,70.14,99.92
ciso2,k62,32,232,69.99,99.91
ciso2,k62,32,233,69.62,99.91
ciso2,k62,32,234,70.19,99.9
ciso2,k62,32,235,70.25,99.9
ciso2,k62,32,236,70.06,99.91
ciso2,k62,32,237,69.66,99.91
ciso2,k62,32,238,70.07,99.93
ciso2,k62,32,239,69.89,99.89
ciso2,k62,32,240,70.04,99.91
ciso2,k62,32,241,70.7,99.93
ciso2,k62,32,242,69.64,99.9
ciso2,k62,32,243,70.17,99.91
ciso2,k62,32,244,70.27,99.89
ciso2,k62,32,245,69.97,99.93
ciso2,k62,32,246,69.78,99.95
ciso2,k62,32,247,70.19,99.92
ciso2,k62,32,248,70.24,99.93
ciso2,k62,32,249,69.91,99.92
ciso2,k62,32,250,69.71,99.9
ciso2,k62,33,1,0.87,0.96
ciso2,k62,33,2,0.82,0.91
ciso2,k62,33,3,0.87,0.98
ciso2,k62,33,4,0.95,1.01
ciso2,k62,33,5,0.92,0.92
ciso2,k62,33,6,0.95,1.0
ciso2,k62,33,7,1.12,1.06
ciso2,k62,33,8,1.28,1.18
ciso2,k62,33,9,1.89,1.5
ciso2,k62,33,10,3.46,2.58
ciso2,k62,33,11,4.45,3.67
ciso2,k62,33,12,6.3,5.11
ciso2,k62,33,13,8.28,7.03
ciso2,k62,33,14,10.29,8.89
ciso2,k62,33,15,11.88,10.76
ciso2,k62,33,16,14.74,12.94
ciso2,k62,33,17,17.26,15.11
ciso2,k62,33,18,20.73,18.43
ciso2,k62,33,19,24.46,22.93
ciso2,k62,33,20,30.62,27.61
ciso2,k62,33,21,34.78,32.08
ciso2,k62,33,22,37.46,36.08
ciso2,k62,33,23,41.22,40.39
ciso2,k62,33,24,42.62,43.33
ciso2,k62,33,25,46.42,46.24
ciso2,k62,33,26,47.91,48.87
ciso2,k62,33,27,49.25,51.54
ciso2,k62,33,28,51.49,53.44
ciso2,k62,33,29,53.04,56.21
ciso2,k62,33,30,54.63,57.49
ciso2,k62,33,31,55.13,59.95
ciso2,k62,33,32,55.2,61.76
ciso2,k62,33,33,57.65,63.03
ciso2,k62,33,34,58.63,65.13
ciso2,k62,33,35,58.93,66.22
ciso2,k62,33,36,60.26,67.92
ciso2,k62,33,37,60.79,69.3
ciso2,k62,33,38,61.57,70.58
ciso2,k62,33,39,62.58,72.2
ciso2,k62,33,40,63.21,73.61
ciso2,k62,33,41,63.43,74.67
ciso2,k62,33,42,64.29,75.83
ciso2,k62,33,43,64.96,77.33
ciso2,k62,33,44,65.85,78.31
ciso2,k62,33,45,65.69,79.5
ciso2,k62,33,46,65.39,80.21
ciso2,k62,33,47,65.66,81.3
ciso2,k62,33,48,66.16,82.72
ciso2,k62,33,49,66.32,83.13
ciso2,k62,33,50,65.97,84.38
ciso2,k62,33,51,66.28,84.9
ciso2,k62,33,52,66.88,85.59
ciso2,k62,33,53,66.51,86.6
ciso2,k62,33,54,67.31,87.15
ciso2,k62,33,55,66.96,88.0
ciso2,k62,33,56,65.82,88.41
ciso2,k62,33,57,67.4,89.36
ciso2,k62,33,58,67.39,90.04
ciso2,k62,33,59,67.22,90.64
ciso2,k62,33,60,67.36,91.14
ciso2,k62,33,61,67.62,91.65
ciso2,k62,33,62,67.38,92.04
ciso2,k62,33,63,67.98,92.69
ciso2,k62,33,64,67.36,93.03
ciso2,k62,33,65,67.82,93.47
ciso2,k62,33,66,67.97,93.61
ciso2,k62,33,67,67.8,94.1
ciso2,k62,33,68,67.97,94.5
ciso2,k62,33,69,68.22,95.09
ciso2,k62,33,70,68.17,95.19
ciso2,k62,33,71,68.18,95.19
ciso2,k62,33,72,68.06,95.86
ciso2,k62,33,73,68.48,95.98
ciso2,k62,33,74,68.06,96.23
ciso2,k62,33,75,68.77,96.19
ciso2,k62,33,76,68.0,96.6
ciso2,k62,33,77,68.49,96.64
ciso2,k62,33,78,68.73,97.2
ciso2,k62,33,79,68.13,97.13
ciso2,k62,33,80,68.32,97.3
ciso2,k62,33,81,68.45,97.56
ciso2,k62,33,82,68.48,97.34
ciso2,k62,33,83,68.59,97.67
ciso2,k62,33,84,68.18,97.89
ciso2,k62,33,85,68.92,97.93
ciso2,k62,33,86,68.89,97.96
ciso2,k62,33,87,69.01,98.1
ciso2,k62,33,88,69.09,98.33
ciso2,k62,33,89,69.43,98.27
ciso2,k62,33,90,69.51,98.35
ciso2,k62,33,91,68.95,98.53
ciso2,k62,33,92,69.13,98.59
ciso2,k62,33,93,68.67,98.54
ciso2,k62,33,94,69.2,98.72
ciso2,k62,33,95,69.13,98.85
ciso2,k62,33,96,68.1,98.72
ciso2,k62,33,97,69.13,98.86
ciso2,k62,33,98,68.82,99.01
ciso2,k62,33,99,69.4,99.0
ciso2,k62,33,100,68.97,99.02
ciso2,k62,33,101,69.5,99.05
ciso2,k62,33,102,69.42,99.03
ciso2,k62,33,103,69.8,99.21
ciso2,k62,33,104,69.0,99.09
ciso2,k62,33,105,69.31,99.09
ciso2,k62,33,106,69.03,99.32
ciso2,k62,33,107,69.64,99.22
ciso2,k62,33,108,69.49,99.36
ciso2,k62,33,109,69.17,99.21
ciso2,k62,33,110,69.77,99.27
ciso2,k62,33,111,69.39,99.33
ciso2,k62,33,112,69.64,99.28
ciso2,k62,33,113,68.98,99.46
ciso2,k62,33,114,69.68,99.38
ciso2,k62,33,115,69.31,99.48
ciso2,k62,33,116,69.39,99.56
ciso2,k62,33,117,69.16,99.38
ciso2,k62,33,118,69.57,99.42
ciso2,k62,33,119,69.56,99.48
ciso2,k62,33,120,69.54,99.6
ciso2,k62,33,121,68.96,99.44
ciso2,k62,33,122,69.74,99.47
ciso2,k62,33,123,69.72,99.67
ciso2,k62,33,124,69.95,99.64
ciso2,k62,33,125,69.55,99.51
ciso2,k62,33,126,69.92,99.59
ciso2,k62,33,127,70.07,99.62
ciso2,k62,33,128,69.83,99.58
ciso2,k62,33,129,69.41,99.65
ciso2,k62,33,130,69.16,99.63
ciso2,k62,33,131,69.61,99.62
ciso2,k62,33,132,69.77,99.67
ciso2,k62,33,133,69.52,99.67
ciso2,k62,33,134,69.78,99.56
ciso2,k62,33,135,69.69,99.75
ciso2,k62,33,136,69.86,99.72
ciso2,k62,33,137,69.21,99.69
ciso2,k62,33,138,69.65,99.57
ciso2,k62,33,139,69.92,99.78
ciso2,k62,33,140,69.48,99.79
ciso2,k62,33,141,68.86,99.62
ciso2,k62,33,142,69.84,99.6
ciso2,k62,33,143,70.03,99.8
ciso2,k62,33,144,69.75,99.83
ciso2,k62,33,145,69.56,99.74
ciso2,k62,33,146,68.99,99.69
ciso2,k62,33,147,69.9,99.71
ciso2,k62,33,148,70.16,99.82
ciso2,k62,33,149,69.81,99.76
ciso2,k62,33,150,69.73,99.73
ciso2,k62,33,151,70.43,99.7
ciso2,k62,33,152,69.89,99.73
ciso2,k62,33,153,70.23,99.76
ciso2,k62,33,154,69.91,99.77
ciso2,k62,33,155,69.82,99.77
ciso2,k62,33,156,70.12,99.83
ciso2,k62,33,157,69.48,99.76
ciso2,k62,33,158,69.41,99.72
ciso2,k62,33,159,69.66,99.78
ciso2,k62,33,160,70.65,99.83
ciso2,k62,33,161,70.2,99.84
ciso2,k62,33,162,70.13,99.83
ciso2,k62,33,163,69.2,99.79
ciso2,k62,33,164,69.74,99.74
ciso2,k62,33,165,70.29,99.84
ciso2,k62,33,166,70.13,99.88
ciso2,k62,33,167,70.16,99.86
ciso2,k62,33,168,69.99,99.73
ciso2,k62,33,169,69.86,99.78
ciso2,k62,33,170,70.35,99.85
ciso2,k62,33,171,70.32,99.87
ciso2,k62,33,172,70.05,99.79
ciso2,k62,33,173,70.26,99.85
ciso2,k62,33,174,70.54,99.89
ciso2,k62,33,175,69.88,99.83
ciso2,k62,33,176,69.72,99.8
ciso2,k62,33,177,70.25,99.88
ciso2,k62,33,178,69.73,99.81
ciso2,k62,33,179,69.87,99.76
ciso2,k62,33,180,70.63,99.78
ciso2,k62,33,181,70.22,99.9
ciso2,k62,33,182,70.03,99.9
ciso2,k62,33,183,69.94,99.86
ciso2,k62,33,184,70.27,99.89
ciso2,k62,33,185,70.13,99.84
ciso2,k62,33,186,70.1,99.82
ciso2,k62,33,187,70.21,99.9
ciso2,k62,33,188,70.28,99.9
ciso2,k62,33,189,69.59,99.81
ciso2,k62,33,190,69.48,99.8
ciso2,k62,33,191,70.39,99.91
ciso2,k62,33,192,70.13,99.87
ciso2,k62,33,193,69.74,99.86
ciso2,k62,33,194,70.55,99.9
ciso2,k62,33,195,70.15,99.9
ciso2,k62,33,196,69.95,99.81
ciso2,k62,33,197,70.42,99.81
ciso2,k62,33,198,70.49,99.92
ciso2,k62,33,199,70.34,99.93
ciso2,k62,33,200,70.06,99.88
ciso2,k62,33,201,70.22,99.84
ciso2,k62,33,202,70.03,99.89
ciso2,k62,33,203,70.39,99.88
ciso2,k62,33,204,70.63,99.94
ciso2,k62,33,205,70.74,99.92
ciso2,k62,33,206,70.19,99.9
ciso2,k62,33,207,69.79,99.88
ciso2,k62,33,208,70.49,99.88
ciso2,k62,33,209,69.97,99.86
ciso2,k62,33,210,69.84,99.88
ciso2,k62,33,211,69.95,99.91
ciso2,k62,33,212,70.13,99.89
ciso2,k62,33,213,70.07,99.91
ciso2,k62,33,214,70.25,99.88
ciso2,k62,33,215,70.02,99.83
ciso2,k62,33,216,70.16,99.91
ciso2,k62,33,217,70.46,99.92
ciso2,k62,33,218,70.04,99.9
ciso2,k62,33,219,69.96,99.85
ciso2,k62,33,220,70.49,99.84
ciso2,k62,33,221,70.59,99.91
ciso2,k62,33,222,70.07,99.91
ciso2,k62,33,223,69.84,99.9
ciso2,k62,33,224,69.94,99.83
ciso2,k62,33,225,70.16,99.82
ciso2,k62,33,226,70.67,99.95
ciso2,k62,33,227,70.56,99.93
ciso2,k62,33,228,70.19,99.9
ciso2,k62,33,229,69.86,99.86
ciso2,k62,33,230,70.39,99.88
ciso2,k62,33,231,70.4,99.94
ciso2,k62,33,232,70.1,99.94
ciso2,k62,33,233,69.94,99.91
ciso2,k62,33,234,70.27,99.93
ciso2,k62,33,235,70.22,99.91
ciso2,k62,33,236,69.95,99.91
ciso2,k62,33,237,70.19,99.93
ciso2,k62,33,238,70.31,99.93
ciso2,k62,33,239,70.31,99.89
ciso2,k62,33,240,70.4,99.89
ciso2,k62,33,241,70.37,99.9
ciso2,k62,33,242,70.29,99.91
ciso2,k62,33,243,70.18,99.92
ciso2,k62,33,244,69.93,99.87
ciso2,k62,33,245,70.26,99.94
ciso2,k62,33,246,70.14,99.92
ciso2,k62,33,247,70.39,99.92
ciso2,k62,33,248,70.05,99.92
ciso2,k62,33,249,70.36,99.93
ciso2,k62,33,250,70.37,99.96
ciso2,ISO,31,1,1.19,1.21
ciso2,ISO,31,2,1.18,1.2
ciso2,ISO,31,3,1.17,1.23
ciso2,ISO,31,4,1.19,1.19
ciso2,ISO,31,5,1.21,1.23
ciso2,ISO,31,6,1.22,1.24
ciso2,ISO,31,7,1.27,1.29
ciso2,ISO,31,8,1.45,1.38
ciso2,ISO,31,9,1.57,1.35
ciso2,ISO,31,10,2.26,1.72
ciso2,ISO,31,11,3.48,2.72
ciso2,ISO,31,12,5.32,4.13
ciso2,ISO,31,13,7.43,5.84
ciso2,ISO,31,14,9.56,8.08
ciso2,ISO,31,15,11.51,10.24
ciso2,ISO,31,16,13.65,12.47
ciso2,ISO,31,17,15.87,14.67
ciso2,ISO,31,18,17.62,17.37
ciso2,ISO,31,19,25.85,22.22
ciso2,ISO,31,20,29.87,27.52
ciso2,ISO,31,21,33.31,30.95
ciso2,ISO,31,22,35.72,34.81
ciso2,ISO,31,23,39.35,38.33
ciso2,ISO,31,24,42.15,41.31
ciso2,ISO,31,25,44.84,44.19
ciso2,ISO,31,26,47.75,46.99
ciso2,ISO,31,27,48.38,49.86
ciso2,ISO,31,28,49.82,52.14
ciso2,ISO,31,29,51.06,54.52
ciso2,ISO,31,30,53.87,56.7
ciso2,ISO,31,31,56.39,58.71
ciso2,ISO,31,32,56.92,60.41
ciso2,ISO,31,33,59.39,62.54
ciso2,ISO,31,34,57.77,63.19
ciso2,ISO,31,35,59.39,65.19
ciso2,ISO,31,36,60.97,66.84
ciso2,ISO,31,37,61.19,67.64
ciso2,ISO,31,38,62.45,69.56
ciso2,ISO,31,39,63.06,70.42
ciso2,ISO,31,40,63.38,71.79
ciso2,ISO,31,41,63.96,73.07
ciso2,ISO,31,42,64.83,74.36
ciso2,ISO,31,43,65.32,75.27
ciso2,ISO,31,44,65.52,76.08
ciso2,ISO,31,45,66.5,77.28
ciso2,ISO,31,46,66.68,78.0
ciso2,ISO,31,47,66.35,79.4
ciso2,ISO,31,48,67.2,80.27
ciso2,ISO,31,49,67.4,81.01
ciso2,ISO,31,50,68.38,82.08
ciso2,ISO,31,51,68.16,83.16
ciso2,ISO,31,52,68.18,83.62
ciso2,ISO,31,53,68.15,84.43
ciso2,ISO,31,54,67.84,85.31
ciso2,ISO,31,55,68.25,85.52
ciso2,ISO,31,56,69.01,86.61
ciso2,ISO,31,57,69.02,87.21
ciso2,ISO,31,58,69.31,87.93
ciso2,ISO,31,59,68.95,88.58
ciso2,ISO,31,60,69.56,88.93
ciso2,ISO,31,61,69.74,89.39
ciso2,ISO,31,62,69.97,89.91
ciso2,ISO,31,63,69.93,90.47
ciso2,ISO,31,64,69.92,90.84
ciso2,ISO,31,65,70.09,90.99
ciso2,ISO,31,66,70.01,91.56
ciso2,ISO,31,67,70.21,91.98
ciso2,ISO,31,68,70.34,92.21
ciso2,ISO,31,69,70.41,92.49
ciso2,ISO,31,70,70.58,92.73
ciso2,ISO,31,71,70.28,93.04
ciso2,ISO,31,72,70.32,93.21
ciso2,ISO,31,73,70.59,93.37
ciso2,ISO,31,74,70.55,93.47
ciso2,ISO,31,75,70.37,93.56
ciso2,ISO,31,76,70.48,93.62
ciso2,ISO,31,77,70.49,93.67
ciso2,ISO,31,78,70.73,93.82
ciso2,ISO,31,79,70.36,93.88
ciso2,ISO,31,80,70.51,93.93
ciso2,ISO,31,81,70.54,93.97
ciso2,ISO,31,82,70.72,93.96
ciso2,ISO,31,83,70.62,93.95
ciso2,ISO,31,84,70.74,94.04
ciso2,ISO,31,85,70.57,94.21
ciso2,ISO,31,86,70.54,94.33
ciso2,ISO,31,87,70.5,94.14
ciso2,ISO,31,88,70.57,94.27
ciso2,ISO,31,89,70.44,94.42
ciso2,ISO,31,90,70.7,94.39
ciso2,ISO,31,91,70.61,94.21
ciso2,ISO,31,92,70.6,94.31
ciso2,ISO,31,93,70.66,94.24
ciso2,ISO,31,94,70.55,94.3
ciso2,ISO,31,95,70.55,94.34
ciso2,ISO,31,96,70.71,94.26
ciso2,ISO,31,97,70.54,94.28
ciso2,ISO,31,98,70.48,94.19
ciso2,ISO,31,99,70.57,94.25
ciso2,ISO,31,100,70.75,94.33
ciso2,ISO,31,101,70.69,94.36
ciso2,ISO,31,102,70.32,94.36
ciso2,ISO,31,103,70.9,94.3
ciso2,ISO,31,104,70.65,94.31
ciso2,ISO,31,105,70.72,94.31
ciso2,ISO,31,106,70.64,94.29
ciso2,ISO,31,107,70.64,94.42
ciso2,ISO,31,108,70.6,94.22
ciso2,ISO,31,109,70.74,94.38
ciso2,ISO,31,110,70.63,94.37
ciso2,ISO,31,111,70.64,94.35
ciso2,ISO,31,112,70.6,94.28
ciso2,ISO,31,113,70.5,94.5
ciso2,ISO,31,114,70.65,94.29
ciso2,ISO,31,115,70.53,94.35
ciso2,ISO,31,116,70.52,94.45
ciso2,ISO,31,117,70.43,94.37
ciso2,ISO,31,118,70.57,94.38
ciso2,ISO,31,119,70.49,94.32
ciso2,ISO,31,120,70.66,94.51
ciso2,ISO,31,121,70.64,94.38
ciso2,ISO,31,122,70.67,94.4
ciso2,ISO,31,123,70.65,94.44
ciso2,ISO,31,124,70.68,94.38
ciso2,ISO,31,125,70.68,94.35
ciso2,ISO,31,126,70.53,94.33
ciso2,ISO,31,127,70.55,94.27
ciso2,ISO,31,128,70.6,94.26
ciso2,ISO,31,129,70.49,94.57
ciso2,ISO,31,130,70.53,94.4
ciso2,ISO,31,131,70.47,94.39
ciso2,ISO,31,132,70.65,94.59
ciso2,ISO,31,133,70.62,94.46
ciso2,ISO,31,134,70.55,94.36
ciso2,ISO,31,135,70.61,94.47
ciso2,ISO,31,136,70.68,94.3
ciso2,ISO,31,137,70.64,94.42
ciso2,ISO,31,138,70.45,94.52
ciso2,ISO,31,139,70.35,94.42
ciso2,ISO,31,140,70.62,94.51
ciso2,ISO,31,141,70.55,94.44
ciso2,ISO,31,142,70.59,94.37
ciso2,ISO,31,143,70.51,94.47
ciso2,ISO,31,144,70.52,94.42
ciso2,ISO,31,145,70.6,94.37
ciso2,ISO,31,146,70.68,94.47
ciso2,ISO,31,147,70.52,94.41
ciso2,ISO,31,148,70.59,94.45
ciso2,ISO,31,149,70.6,94.37
ciso2,ISO,31,150,70.7,94.52
ciso2,ISO,31,151,70.61,94.45
ciso2,ISO,31,152,70.56,94.44
ciso2,ISO,31,153,70.38,94.51
ciso2,ISO,31,154,70.67,94.32
ciso2,ISO,31,155,70.62,94.5
ciso2,ISO,31,156,70.65,94.24
ciso2,ISO,31,157,70.4,94.47
ciso2,ISO,31,158,70.49,94.28
ciso2,ISO,31,159,70.62,94.41
ciso2,ISO,31,160,70.72,94.43
ciso2,ISO,31,161,70.73,94.3
ciso2,ISO,31,162,70.59,94.48
ciso2,ISO,31,163,70.59,94.27
ciso2,ISO,31,164,70.56,94.42
ciso2,ISO,31,165,70.65,94.53
ciso2,ISO,31,166,70.55,94.41
ciso2,ISO,31,167,70.6,94.34
ciso2,ISO,31,168,70.44,94.49
ciso2,ISO,31,169,70.63,94.45
ciso2,ISO,31,170,70.37,94.41
ciso2,ISO,31,171,70.56,94.44
ciso2,ISO,31,172,70.48,94.38
ciso2,ISO,31,173,70.7,94.38
ciso2,ISO,31,174,70.61,94.54
ciso2,ISO,31,175,70.51,94.31
ciso2,ISO,31,176,70.62,94.43
ciso2,ISO,31,177,70.56,94.27
ciso2,ISO,31,178,70.68,94.37
ciso2,ISO,31,179,70.51,94.46
ciso2,ISO,31,180,70.72,94.36
ciso2,ISO,31,181,70.38,94.47
ciso2,ISO,31,182,70.58,94.33
ciso2,ISO,31,183,70.52,94.41
ciso2,ISO,31,184,70.56,94.42
ciso2,ISO,31,185,70.53,94.41
ciso2,ISO,31,186,70.57,94.46
ciso2,ISO,31,187,70.56,94.57
ciso2,ISO,31,188,70.64,94.42
ciso2,ISO,31,189,70.55,94.58
ciso2,ISO,31,190,70.47,94.35
ciso2,ISO,31,191,70.68,94.47
ciso2,ISO,31,192,70.4,94.48
ciso2,ISO,31,193,70.69,94.58
ciso2,ISO,31,194,70.77,94.48
ciso2,ISO,31,195,70.67,94.46
ciso2,ISO,31,196,70.44,94.43
ciso2,ISO,31,197,70.65,94.52
ciso2,ISO,31,198,70.89,94.35
ciso2,ISO,31,199,70.62,94.4
ciso2,ISO,31,200,70.47,94.46
ciso2,ISO,31,201,70.51,94.45
ciso2,ISO,31,202,70.36,94.48
ciso2,ISO,31,203,70.49,94.51
ciso2,ISO,31,204,70.61,94.64
ciso2,ISO,31,205,70.62,94.52
ciso2,ISO,31,206,70.74,94.43
ciso2,ISO,31,207,70.6,94.41
ciso2,ISO,31,208,70.39,94.45
ciso2,ISO,31,209,70.61,94.52
ciso2,ISO,31,210,70.5,94.53
ciso2,ISO,31,211,70.6,94.36
ciso2,ISO,31,212,70.43,94.47
ciso2,ISO,31,213,70.54,94.36
ciso2,ISO,31,214,70.58,94.52
ciso2,ISO,31,215,70.54,94.42
ciso2,ISO,31,216,70.54,94.41
ciso2,ISO,31,217,70.74,94.51
ciso2,ISO,31,218,70.58,94.4
ciso2,ISO,31,219,70.7,94.4
ciso2,ISO,31,220,70.37,94.55
ciso2,ISO,31,221,70.64,94.36
ciso2,ISO,31,222,70.57,94.62
ciso2,ISO,31,223,70.52,94.52
ciso2,ISO,31,224,70.73,94.45
ciso2,ISO,31,225,70.46,94.49
ciso2,ISO,31,226,70.63,94.59
ciso2,ISO,31,227,70.62,94.52
ciso2,ISO,31,228,70.59,94.55
ciso2,ISO,31,229,70.5,94.52
ciso2,ISO,31,230,70.44,94.51
ciso2,ISO,31,231,70.67,94.67
ciso2,ISO,31,232,70.59,94.56
ciso2,ISO,31,233,70.55,94.51
ciso2,ISO,31,234,70.6,94.62
ciso2,ISO,31,235,70.5,94.51
ciso2,ISO,31,236,70.68,94.57
ciso2,ISO,31,237,70.46,94.41
ciso2,ISO,31,238,70.6,94.4
ciso2,ISO,31,239,70.71,94.56
ciso2,ISO,31,240,70.57,94.58
ciso2,ISO,31,241,70.8,94.63
ciso2,ISO,31,242,70.58,94.59
ciso2,ISO,31,243,70.48,94.48
ciso2,ISO,31,244,70.43,94.64
ciso2,ISO,31,245,70.51,94.49
ciso2,ISO,31,246,70.61,94.5
ciso2,ISO,31,247,70.64,94.48
ciso2,ISO,31,248,70.71,94.49
ciso2,ISO,31,249,70.36,94.59
ciso2,ISO,31,250,70.58,94.57
ciso2,ISO,32,1,1.02,0.94
ciso2,ISO,32,2,1.03,0.99
ciso2,ISO,32,3,0.96,0.97
ciso2,ISO,32,4,1.0,0.99
ciso2,ISO,32,5,1.01,0.98
ciso2,ISO,32,6,0.94,1.0
ciso2,ISO,32,7,1.0,1.05
ciso2,ISO,32,8,1.13,0.99
ciso2,ISO,32,9,1.28,1.24
ciso2,ISO,32,10,2.41,1.81
ciso2,ISO,32,11,3.49,2.77
ciso2,ISO,32,12,4.84,3.83
ciso2,ISO,32,13,7.04,5.4
ciso2,ISO,32,14,9.12,7.81
ciso2,ISO,32,15,11.74,10.04
ciso2,ISO,32,16,14.16,12.6
ciso2,ISO,32,17,16.03,15.07
ciso2,ISO,32,18,18.36,17.12
ciso2,ISO,32,19,23.95,22.07
ciso2,ISO,32,20,28.35,26.64
ciso2,ISO,32,21,31.66,30.48
ciso2,ISO,32,22,34.4,34.33
ciso2,ISO,32,23,39.02,37.02
ciso2,ISO,32,24,40.6,40.17
ciso2,ISO,32,25,43.12,43.34
ciso2,ISO,32,26,43.73,46.11
ciso2,ISO,32,27,47.32,48.82
ciso2,ISO,32,28,49.39,51.35
ciso2,ISO,32,29,51.77,53.03
ciso2,ISO,32,30,53.34,55.33
ciso2,ISO,32,31,55.02,57.56
ciso2,ISO,32,32,57.91,59.35
ciso2,ISO,32,33,58.15,61.3
ciso2,ISO,32,34,58.46,63.01
ciso2,ISO,32,35,59.88,64.62
ciso2,ISO,32,36,60.55,65.55
ciso2,ISO,32,37,61.7,67.37
ciso2,ISO,32,38,61.49,68.23
ciso2,ISO,32,39,62.35,69.7
ciso2,ISO,32,40,63.67,70.62
ciso2,ISO,32,41,64.07,72.23
ciso2,ISO,32,42,64.46,73.34
ciso2,ISO,32,43,64.79,74.97
ciso2,ISO,32,44,64.99,75.09
ciso2,ISO,32,45,65.04,76.68
ciso2,ISO,32,46,66.37,77.35
ciso2,ISO,32,47,65.71,78.48
ciso2,ISO,32,48,66.1,79.57
ciso2,ISO,32,49,66.61,80.1
ciso2,ISO,32,50,67.59,81.46
ciso2,ISO,32,51,66.95,82.41
ciso2,ISO,32,52,67.98,82.83
ciso2,ISO,32,53,67.88,83.88
ciso2,ISO,32,54,68.11,84.51
ciso2,ISO,32,55,68.25,85.4
ciso2,ISO,32,56,68.48,86.05
ciso2,ISO,32,57,68.1,86.99
ciso2,ISO,32,58,68.59,87.22
ciso2,ISO,32,59,68.66,88.22
ciso2,ISO,32,60,68.2,88.69
ciso2,ISO,32,61,69.08,89.1
ciso2,ISO,32,62,68.81,89.65
ciso2,ISO,32,63,69.08,89.97
ciso2,ISO,32,64,68.77,90.56
ciso2,ISO,32,65,69.34,90.96
ciso2,ISO,32,66,69.62,91.12
ciso2,ISO,32,67,69.07,91.74
ciso2,ISO,32,68,69.3,91.79
ciso2,ISO,32,69,69.28,92.21
ciso2,ISO,32,70,69.47,92.55
ciso2,ISO,32,71,69.35,92.63
ciso2,ISO,32,72,69.56,92.82
ciso2,ISO,32,73,69.28,93.01
ciso2,ISO,32,74,69.37,93.23
ciso2,ISO,32,75,69.16,93.2
ciso2,ISO,32,76,69.3,93.25
ciso2,ISO,32,77,69.45,93.39
ciso2,ISO,32,78,69.47,93.62
ciso2,ISO,32,79,69.29,93.6
ciso2,ISO,32,80,69.52,93.7
ciso2,ISO,32,81,69.26,93.74
ciso2,ISO,32,82,69.29,93.73
ciso2,ISO,32,83,69.45,93.8
ciso2,ISO,32,84,69.47,93.94
ciso2,ISO,32,85,69.41,93.9
ciso2,ISO,32,86,69.5,93.95
ciso2,ISO,32,87,69.31,94.05
ciso2,ISO,32,88,69.55,94.0
ciso2,ISO,32,89,69.45,94.07
ciso2,ISO,32,90,69.42,94.11
ciso2,ISO,32,91,69.71,94.06
ciso2,ISO,32,92,69.57,94.05
ciso2,ISO,32,93,69.49,94.07
ciso2,ISO,32,94,69.57,94.06
ciso2,ISO,32,95,69.55,94.1
ciso2,ISO,32,96,69.28,94.14
ciso2,ISO,32,97,69.31,94.15
ciso2,ISO,32,98,69.5,94.06
ciso2,ISO,32,99,69.41,94.05
ciso2,ISO,32,100,69.3,94.04
ciso2,ISO,32,101,69.44,94.11
ciso2,ISO,32,102,69.48,94.02
ciso2,ISO,32,103,69.61,94.23
ciso2,ISO,32,104,69.48,94.14
ciso2,ISO,32,105,69.64,94.19
ciso2,ISO,32,106,69.56,94.02
ciso2,ISO,32,107,69.44,94.01
ciso2,ISO,32,108,69.36,94.03
ciso2,ISO,32,109,69.54,94.22
ciso2,ISO,32,110,69.43,94.08
ciso2,ISO,32,111,69.53,94.23
ciso2,ISO,32,112,69.64,94.28
ciso2,ISO,32,113,69.21,94.13
ciso2,ISO,32,114,69.44,94.19
ciso2,ISO,32,115,69.43,94.04
ciso2,ISO,32,116,69.54,94.33
ciso2,ISO,32,117,69.51,94.09
ciso2,ISO,32,118,69.4,94.26
ciso2,ISO,32,119,69.48,94.13
ciso2,ISO,32,120,69.55,94.2
ciso2,ISO,32,121,69.39,94.19
ciso2,ISO,32,122,69.41,94.05
ciso2,ISO,32,123,69.48,94.16
ciso2,ISO,32,124,69.34,94.24
ciso2,ISO,32,125,69.36,94.17
ciso2,ISO,32,126,69.55,94.15
ciso2,ISO,32,127,69.61,94.15
ciso2,ISO,32,128,69.48,94.24
ciso2,ISO,32,129,69.47,94.21
ciso2,ISO,32,130,69.37,94.2
ciso2,ISO,32,131,69.53,94.1
ciso2,ISO,32,132,69.51,94.2
ciso2,ISO,32,133,69.45,94.05
ciso2,ISO,32,134,69.63,94.24
ciso2,ISO,32,135,69.4,94.23
ciso2,ISO,32,136,69.36,94.25
ciso2,ISO,32,137,69.48,94.08
ciso2,ISO,32,138,69.53,94.14
ciso2,ISO,32,139,69.4,94.24
ciso2,ISO,32,140,69.51,94.2
ciso2,ISO,32,141,69.37,94.01
ciso2,ISO,32,142,69.58,94.22
ciso2,ISO,32,143,69.46,94.28
ciso2,ISO,32,144,69.33,94.22
ciso2,ISO,32,145,69.61,94.19
ciso2,ISO,32,146,69.63,94.21
ciso2,ISO,32,147,69.53,94.19
ciso2,ISO,32,148,69.54,94.16
ciso2,ISO,32,149,69.38,94.38
ciso2,ISO,32,150,69.55,94.19
ciso2,ISO,32,151,69.58,94.24
ciso2,ISO,32,152,69.38,94.23
ciso2,ISO,32,153,69.43,94.19
ciso2,ISO,32,154,69.48,94.1
ciso2,ISO,32,155,69.52,94.2
ciso2,ISO,32,156,69.47,94.3
ciso2,ISO,32,157,69.42,94.22
ciso2,ISO,32,158,69.59,94.3
ciso2,ISO,32,159,69.5,94.19
ciso2,ISO,32,160,69.6,94.21
ciso2,ISO,32,161,69.48,94.22
ciso2,ISO,32,162,69.64,94.26
ciso2,ISO,32,163,69.55,94.24
ciso2,ISO,32,164,69.38,94.24
ciso2,ISO,32,165,69.43,94.2
ciso2,ISO,32,166,69.27,94.22
ciso2,ISO,32,167,69.51,94.16
ciso2,ISO,32,168,69.37,94.27
ciso2,ISO,32,169,69.49,94.21
ciso2,ISO,32,170,69.54,94.15
ciso2,ISO,32,171,69.46,94.33
ciso2,ISO,32,172,69.55,94.2
ciso2,ISO,32,173,69.42,94.18
ciso2,ISO,32,174,69.41,94.21
ciso2,ISO,32,175,69.43,94.23
ciso2,ISO,32,176,69.39,94.29
ciso2,ISO,32,177,69.66,94.22
ciso2,ISO,32,178,69.54,94.27
ciso2,ISO,32,179,69.4,94.2
ciso2,ISO,32,180,69.31,94.27
ciso2,ISO,32,181,69.54,94.17
ciso2,ISO,32,182,69.54,94.15
ciso2,ISO,32,183,69.33,94.36
ciso2,ISO,32,184,69.52,94.28
ciso2,ISO,32,185,69.68,94.25
ciso2,ISO,32,186,69.34,94.24
ciso2,ISO,32,187,69.57,94.24
ciso2,ISO,32,188,69.66,94.3
ciso2,ISO,32,189,69.58,94.32
ciso2,ISO,32,190,69.41,94.36
ciso2,ISO,32,191,69.29,94.22
ciso2,ISO,32,192,69.47,94.27
ciso2,ISO,32,193,69.6,94.26
ciso2,ISO,32,194,69.45,94.16
ciso2,ISO,32,195,69.45,94.36
ciso2,ISO,32,196,69.23,94.24
ciso2,ISO,32,197,69.46,94.21
ciso2,ISO,32,198,69.48,94.21
ciso2,ISO,32,199,69.55,94.25
ciso2,ISO,32,200,69.6,94.36
ciso2,ISO,32,201,69.46,94.24
ciso2,ISO,32,202,69.57,94.12
ciso2,ISO,32,203,69.45,94.24
ciso2,ISO,32,204,69.48,94.13
ciso2,ISO,32,205,69.59,94.17
ciso2,ISO,32,206,69.52,94.3
ciso2,ISO,32,207,69.57,94.33
ciso2,ISO,32,208,69.24,94.48
ciso2,ISO,32,209,69.49,94.25
ciso2,ISO,32,210,69.4,94.17
ciso2,ISO,32,211,69.68,94.47
ciso2,ISO,32,212,69.5,94.29
ciso2,ISO,32,213,69.47,94.26
ciso2,ISO,32,214,69.54,94.35
ciso2,ISO,32,215,69.55,94.3
ciso2,ISO,32,216,69.38,94.33
ciso2,ISO,32,217,69.66,94.19
ciso2,ISO,32,218,69.52,94.34
ciso2,ISO,32,219,69.48,94.3
ciso2,ISO,32,220,69.46,94.29
ciso2,ISO,32,221,69.61,94.29
ciso2,ISO,32,222,69.32,94.28
ciso2,ISO,32,223,69.47,94.4
ciso2,ISO,32,224,69.58,94.23
ciso2,ISO,32,225,69.51,94.32
ciso2,ISO,32,226,69.49,94.23
ciso2,ISO,32,227,69.64,94.39
ciso2,ISO,32,228,69.52,94.31
ciso2,ISO,32,229,69.44,94.23
ciso2,ISO,32,230,69.56,94.27
ciso2,ISO,32,231,69.63,94.29
ciso2,ISO,32,232,69.43,94.23
ciso2,ISO,32,233,69.56,94.25
ciso2,ISO,32,234,69.6,94.34
ciso2,ISO,32,235,69.32,94.26
ciso2,ISO,32,236,69.33,94.3
ciso2,ISO,32,237,69.58,94.4
ciso2,ISO,32,238,69.49,94.25
ciso2,ISO,32,239,69.52,94.38
ciso2,ISO,32,240,69.4,94.33
ciso2,ISO,32,241,69.53,94.33
ciso2,ISO,32,242,69.5,94.38
ciso2,ISO,32,243,69.58,94.31
ciso2,ISO,32,244,69.54,94.24
ciso2,ISO,32,245,69.49,94.35
ciso2,ISO,32,246,69.38,94.32
ciso2,ISO,32,247,69.48,94.3
ciso2,ISO,32,248,69.49,94.35
ciso2,ISO,32,249,69.41,94.34
ciso2,ISO,32,250,69.31,94.31
ciso2,ISO,33,1,0.86,0.96
ciso2,ISO,33,2,0.82,0.91
ciso2,ISO,33,3,0.87,0.98
ciso2,ISO,33,4,0.95,1.01
ciso2,ISO,33,5,0.92,0.93
ciso2,ISO,33,6,0.96,1.0
ciso2,ISO,33,7,1.13,1.06
ciso2,ISO,33,8,1.25,1.19
ciso2,ISO,33,9,1.88,1.5
ciso2,ISO,33,10,3.45,2.58
ciso2,ISO,33,11,4.6,3.67
ciso2,ISO,33,12,6.29,5.19
ciso2,ISO,33,13,8.39,7.07
ciso2,ISO,33,14,10.38,8.88
ciso2,ISO,33,15,12.04,10.76
ciso2,ISO,33,16,14.58,12.9
ciso2,ISO,33,17,17.28,15.1
ciso2,ISO,33,18,18.52,17.86
ciso2,ISO,33,19,24.74,22.46
ciso2,ISO,33,20,29.65,27.52
ciso2,ISO,33,21,32.31,31.19
ciso2,ISO,33,22,33.95,34.6
ciso2,ISO,33,23,38.35,37.88
ciso2,ISO,33,24,41.96,40.87
ciso2,ISO,33,25,44.79,44.12
ciso2,ISO,33,26,48.1,47.13
ciso2,ISO,33,27,48.03,49.18
ciso2,ISO,33,28,51.04,52.04
ciso2,ISO,33,29,51.82,54.57
ciso2,ISO,33,30,53.78,56.65
ciso2,ISO,33,31,55.68,58.24
ciso2,ISO,33,32,55.81,60.23
ciso2,ISO,33,33,58.31,61.86
ciso2,ISO,33,34,58.71,63.88
ciso2,ISO,33,35,60.52,64.92
ciso2,ISO,33,36,61.75,66.37
ciso2,ISO,33,37,62.06,67.87
ciso2,ISO,33,38,62.8,69.39
ciso2,ISO,33,39,63.28,70.82
ciso2,ISO,33,40,63.78,71.81
ciso2,ISO,33,41,64.7,73.07
ciso2,ISO,33,42,65.11,74.16
ciso2,ISO,33,43,64.91,75.57
ciso2,ISO,33,44,65.59,76.46
ciso2,ISO,33,45,66.28,77.18
ciso2,ISO,33,46,65.74,78.24
ciso2,ISO,33,47,67.18,79.16
ciso2,ISO,33,48,66.59,80.14
ciso2,ISO,33,49,67.5,81.25
ciso2,ISO,33,50,67.4,82.06
ciso2,ISO,33,51,68.48,82.98
ciso2,ISO,33,52,68.38,83.54
ciso2,ISO,33,53,68.79,84.33
ciso2,ISO,33,54,68.5,85.35
ciso2,ISO,33,55,68.19,85.72
ciso2,ISO,33,56,68.64,86.62
ciso2,ISO,33,57,68.69,87.23
ciso2,ISO,33,58,68.49,88.02
ciso2,ISO,33,59,69.2,88.52
ciso2,ISO,33,60,68.89,88.94
ciso2,ISO,33,61,69.32,89.64
ciso2,ISO,33,62,68.72,90.04
ciso2,ISO,33,63,68.88,90.65
ciso2,ISO,33,64,68.96,90.92
ciso2,ISO,33,65,69.04,91.53
ciso2,ISO,33,66,68.89,91.72
ciso2,ISO,33,67,69.36,92.1
ciso2,ISO,33,68,69.74,92.5
ciso2,ISO,33,69,69.42,92.77
ciso2,ISO,33,70,69.58,92.95
ciso2,ISO,33,71,69.73,92.97
ciso2,ISO,33,72,69.59,93.25
ciso2,ISO,33,73,69.66,93.5
ciso2,ISO,33,74,69.84,93.45
ciso2,ISO,33,75,69.62,93.8
ciso2,ISO,33,76,69.76,93.73
ciso2,ISO,33,77,69.42,93.98
ciso2,ISO,33,78,69.53,93.98
ciso2,ISO,33,79,69.44,94.05
ciso2,ISO,33,80,69.47,94.11
ciso2,ISO,33,81,69.56,94.15
ciso2,ISO,33,82,69.68,94.2
ciso2,ISO,33,83,69.67,94.33
ciso2,ISO,33,84,69.47,94.25
ciso2,ISO,33,85,69.82,94.43
ciso2,ISO,33,86,69.78,94.48
ciso2,ISO,33,87,69.75,94.48
ciso2,ISO,33,88,69.58,94.43
ciso2,ISO,33,89,69.77,94.56
ciso2,ISO,33,90,69.76,94.36
ciso2,ISO,33,91,69.49,94.51
ciso2,ISO,33,92,69.87,94.61
ciso2,ISO,33,93,69.68,94.5
ciso2,ISO,33,94,69.74,94.66
ciso2,ISO,33,95,69.77,94.68
ciso2,ISO,33,96,69.7,94.58
ciso2,ISO,33,97,69.78,94.74
ciso2,ISO,33,98,69.8,94.6
ciso2,ISO,33,99,69.76,94.66
ciso2,ISO,33,100,69.75,94.56
ciso2,ISO,33,101,69.84,94.53
ciso2,ISO,33,102,69.74,94.72
ciso2,ISO,33,103,69.65,94.58
ciso2,ISO,33,104,69.69,94.55
ciso2,ISO,33,105,69.88,94.61
ciso2,ISO,33,106,69.71,94.54
ciso2,ISO,33,107,69.57,94.85
ciso2,ISO,33,108,69.8,94.72
ciso2,ISO,33,109,69.56,94.69
ciso2,ISO,33,110,69.68,94.67
ciso2,ISO,33,111,69.66,94.55
ciso2,ISO,33,112,69.64,94.58
ciso2,ISO,33,113,69.69,94.65
ciso2,ISO,33,114,69.74,94.57
ciso2,ISO,33,115,69.77,94.66
ciso2,ISO,33,116,69.76,94.57
ciso2,ISO,33,117,69.68,94.51
ciso2,ISO,33,118,69.66,94.68
ciso2,ISO,33,119,69.61,94.67
ciso2,ISO,33,120,69.7,94.73
ciso2,ISO,33,121,69.67,94.63
ciso2,ISO,33,122,69.76,94.56
ciso2,ISO,33,123,69.6,94.69
ciso2,ISO,33,124,69.8,94.83
ciso2,ISO,33,125,69.72,94.63
ciso2,ISO,33,126,69.71,94.72
ciso2,ISO,33,127,69.74,94.67
ciso2,ISO,33,128,69.57,94.55
ciso2,ISO,33,129,69.41,94.59
ciso2,ISO,33,130,69.9,94.61
ciso2,ISO,33,131,69.67,94.78
ciso2,ISO,33,132,69.72,94.69
ciso2,ISO,33,133,69.73,94.55
ciso2,ISO,33,134,69.76,94.68
ciso2,ISO,33,135,69.74,94.65
ciso2,ISO,33,136,69.76,94.56
ciso2,ISO,33,137,69.84,94.7
ciso2,ISO,33,138,69.76,94.66
ciso2,ISO,33,139,69.61,94.75
ciso2,ISO,33,140,69.62,94.66
ciso2,ISO,33,141,70.04,94.61
ciso2,ISO,33,142,69.59,94.77
ciso2,ISO,33,143,69.83,94.71
ciso2,ISO,33,144,69.87,94.66
ciso2,ISO,33,145,69.77,94.61
ciso2,ISO,33,146,69.56,94.56
ciso2,ISO,33,147,69.74,94.52
ciso2,ISO,33,148,69.56,94.6
ciso2,ISO,33,149,69.77,94.63
ciso2,ISO,33,150,69.79,94.66
ciso2,ISO,33,151,69.76,94.7
ciso2,ISO,33,152,69.63,94.52
ciso2,ISO,33,153,69.67,94.72
ciso2,ISO,33,154,69.77,94.66
ciso2,ISO,33,155,69.73,94.76
ciso2,ISO,33,156,69.57,94.6
ciso2,ISO,33,157,69.85,94.72
ciso2,ISO,33,158,69.65,94.77
ciso2,ISO,33,159,69.64,94.61
ciso2,ISO,33,160,69.81,94.63
ciso2,ISO,33,161,69.76,94.68
ciso2,ISO,33,162,69.82,94.66
ciso2,ISO,33,163,69.74,94.76
ciso2,ISO,33,164,69.68,94.71
ciso2,ISO,33,165,69.62,94.6
ciso2,ISO,33,166,69.69,94.78
ciso2,ISO,33,167,69.93,94.76
ciso2,ISO,33,168,69.65,94.65
ciso2,ISO,33,169,69.67,94.67
ciso2,ISO,33,170,69.61,94.75
ciso2,ISO,33,171,69.79,94.66
ciso2,ISO,33,172,69.56,94.6
ciso2,ISO,33,173,69.69,94.83
ciso2,ISO,33,174,69.83,94.76
ciso2,ISO,33,175,69.72,94.66
ciso2,ISO,33,176,69.54,94.77
ciso2,ISO,33,177,69.86,94.78
ciso2,ISO,33,178,69.64,94.72
ciso2,ISO,33,179,69.7,94.72
ciso2,ISO,33,180,69.61,94.7
ciso2,ISO,33,181,69.82,94.78
ciso2,ISO,33,182,69.61,94.71
ciso2,ISO,33,183,69.57,94.79
ciso2,ISO,33,184,69.63,94.69
ciso2,ISO,33,185,69.78,94.74
ciso2,ISO,33,186,69.71,94.7
ciso2,ISO,33,187,69.65,94.8
ciso2,ISO,33,188,69.74,94.64
ciso2,ISO,33,189,69.65,94.72
ciso2,ISO,33,190,69.88,94.73
ciso2,ISO,33,191,69.76,94.7
ciso2,ISO,33,192,69.66,94.76
ciso2,ISO,33,193,69.74,94.86
ciso2,ISO,33,194,69.77,94.88
ciso2,ISO,33,195,69.72,94.62
ciso2,ISO,33,196,69.58,94.82
ciso2,ISO,33,197,69.89,94.75
ciso2,ISO,33,198,69.66,94.64
ciso2,ISO,33,199,69.61,94.6
ciso2,ISO,33,200,69.77,94.62
ciso2,ISO,33,201,69.64,94.75
ciso2,ISO,33,202,69.44,94.66
ciso2,ISO,33,203,69.85,94.79
ciso2,ISO,33,204,69.62,94.66
ciso2,ISO,33,205,69.65,94.74
ciso2,ISO,33,206,69.76,94.79
ciso2,ISO,33,207,69.74,94.69
ciso2,ISO,33,208,69.62,94.76
ciso2,ISO,33,209,69.86,94.82
ciso2,ISO,33,210,69.68,94.74
ciso2,ISO,33,211,69.58,94.65
ciso2,ISO,33,212,69.64,94.83
ciso2,ISO,33,213,69.68,94.81
ciso2,ISO,33,214,69.75,94.81
ciso2,ISO,33,215,69.74,94.82
ciso2,ISO,33,216,69.65,94.81
ciso2,ISO,33,217,69.64,94.76
ciso2,ISO,33,218,69.82,94.69
ciso2,ISO,33,219,69.38,94.76
ciso2,ISO,33,220,69.62,94.67
ciso2,ISO,33,221,69.69,94.82
ciso2,ISO,33,222,69.73,94.68
ciso2,ISO,33,223,69.65,94.72
ciso2,ISO,33,224,69.7,94.86
ciso2,ISO,33,225,69.59,94.83
ciso2,ISO,33,226,69.8,94.65
ciso2,ISO,33,227,69.57,94.69
ciso2,ISO,33,228,69.8,94.62
ciso2,ISO,33,229,69.79,94.79
ciso2,ISO,33,230,69.58,94.81
ciso2,ISO,33,231,69.67,94.72
ciso2,ISO,33,232,69.7,94.81
ciso2,ISO,33,233,69.73,94.65
ciso2,ISO,33,234,69.79,94.83
ciso2,ISO,33,235,69.74,94.69
ciso2,ISO,33,236,69.69,94.87
ciso2,ISO,33,237,69.66,94.83
ciso2,ISO,33,238,69.69,94.81
ciso2,ISO,33,239,69.45,94.73
ciso2,ISO,33,240,69.79,94.66
ciso2,ISO,33,241,69.66,94.85
ciso2,ISO,33,242,69.55,94.76
ciso2,ISO,33,243,69.62,94.78
ciso2,ISO,33,244,69.71,94.85
ciso2,ISO,33,245,69.77,94.9
ciso2,ISO,33,246,69.77,94.84
ciso2,ISO,33,247,69.68,94.85
ciso2,ISO,33,248,69.49,94.79
ciso2,ISO,33,249,69.71,94.84
ciso2,ISO,33,250,69.83,94.87
ciso2,ONE,31,1,1.19,1.21
ciso2,ONE,31,2,1.18,1.2
ciso2,ONE,31,3,1.17,1.23
ciso2,ONE,31,4,1.19,1.19
ciso2,ONE,31,5,1.21,1.23
ciso2,ONE,31,6,1.22,1.24
ciso2,ONE,31,7,1.27,1.29
ciso2,ONE,31,8,1.45,1.38
ciso2,ONE,31,9,1.55,1.35
ciso2,ONE,31,10,2.29,1.73
ciso2,ONE,31,11,3.53,2.68
ciso2,ONE,31,12,5.46,4.16
ciso2,ONE,31,13,7.24,5.89
ciso2,ONE,31,14,9.63,7.96
ciso2,ONE,31,15,11.17,10.04
ciso2,ONE,31,16,12.84,11.93
ciso2,ONE,31,17,14.49,13.79
ciso2,ONE,31,18,16.86,15.89
ciso2,ONE,31,19,21.76,19.06
ciso2,ONE,31,20,24.88,22.96
ciso2,ONE,31,21,26.46,25.73
ciso2,ONE,31,22,29.07,28.12
ciso2,ONE,31,23,29.61,30.63
ciso2,ONE,31,24,33.21,32.41
ciso2,ONE,31,25,34.46,34.34
ciso2,ONE,31,26,36.45,36.5
ciso2,ONE,31,27,38.05,38.28
ciso2,ONE,31,28,40.49,39.68
ciso2,ONE,31,29,42.04,41.65
ciso2,ONE,31,30,43.02,43.34
ciso2,ONE,31,31,44.25,45.31
ciso2,ONE,31,32,46.16,47.08
ciso2,ONE,31,33,47.94,48.25
ciso2,ONE,31,34,47.94,49.79
ciso2,ONE,31,35,50.01,51.66
ciso2,ONE,31,36,51.2,52.98
ciso2,ONE,31,37,51.58,53.97
ciso2,ONE,31,38,52.1,55.64
ciso2,ONE,31,39,53.42,56.66
ciso2,ONE,31,40,53.57,58.23
ciso2,ONE,31,41,55.26,58.81
ciso2,ONE,31,42,56.03,60.1
ciso2,ONE,31,43,56.68,60.98
ciso2,ONE,31,44,57.18,62.4
ciso2,ONE,31,45,56.94,63.11
ciso2,ONE,31,46,57.23,64.23
ciso2,ONE,31,47,58.26,65.0
ciso2,ONE,31,48,59.17,66.01
ciso2,ONE,31,49,59.4,66.77
ciso2,ONE,31,50,59.97,67.7
ciso2,ONE,31,51,60.64,68.6
ciso2,ONE,31,52,61.15,69.78
ciso2,ONE,31,53,60.8,69.96
ciso2,ONE,31,54,61.18,71.1
ciso2,ONE,31,55,61.95,71.65
ciso2,ONE,31,56,61.66,72.58
ciso2,ONE,31,57,62.14,72.92
ciso2,ONE,31,58,62.57,73.76
ciso2,ONE,31,59,62.76,74.27
ciso2,ONE,31,60,62.88,75.04
ciso2,ONE,31,61,62.69,75.69
ciso2,ONE,31,62,63.46,76.26
ciso2,ONE,31,63,63.21,76.64
ciso2,ONE,31,64,63.75,77.17
ciso2,ONE,31,65,64.01,77.72
ciso2,ONE,31,66,63.79,78.38
ciso2,ONE,31,67,64.1,78.4
ciso2,ONE,31,68,64.06,78.82
ciso2,ONE,31,69,64.29,79.12
ciso2,ONE,31,70,64.14,79.56
ciso2,ONE,31,71,64.31,79.69
ciso2,ONE,31,72,64.46,79.91
ciso2,ONE,31,73,64.69,80.16
ciso2,ONE,31,74,64.6,80.39
ciso2,ONE,31,75,64.53,80.77
ciso2,ONE,31,76,64.79,81.17
ciso2,ONE,31,77,64.81,80.96
ciso2,ONE,31,78,64.69,81.19
ciso2,ONE,31,79,64.55,81.55
ciso2,ONE,31,80,64.88,81.7
ciso2,ONE,31,81,64.57,81.81
ciso2,ONE,31,82,64.79,81.6
ciso2,ONE,31,83,65.1,82.02
ciso2,ONE,31,84,64.72,82.0
ciso2,ONE,31,85,64.95,82.52
ciso2,ONE,31,86,64.88,82.33
ciso2,ONE,31,87,64.73,82.54
ciso2,ONE,31,88,64.84,82.64
ciso2,ONE,31,89,64.93,82.82
ciso2,ONE,31,90,65.0,82.72
ciso2,ONE,31,91,65.02,82.71
ciso2,ONE,31,92,64.98,83.14
ciso2,ONE,31,93,65.01,82.84
ciso2,ONE,31,94,65.0,83.02
ciso2,ONE,31,95,65.02,83.03
ciso2,ONE,31,96,64.85,83.36
ciso2,ONE,31,97,64.83,83.19
ciso2,ONE,31,98,64.89,83.26
ciso2,ONE,31,99,64.77,83.18
ciso2,ONE,31,100,65.06,83.42
ciso2,ONE,31,101,64.97,83.31
ciso2,ONE,31,102,64.93,83.39
ciso2,ONE,31,103,65.0,83.22
ciso2,ONE,31,104,65.06,83.39
ciso2,ONE,31,105,65.05,83.47
ciso2,ONE,31,106,65.01,83.5
ciso2,ONE,31,107,64.9,83.58
ciso2,ONE,31,108,64.93,83.32
ciso2,ONE,31,109,65.06,83.55
ciso2,ONE,31,110,65.04,83.73
ciso2,ONE,31,111,65.14,83.68
ciso2,ONE,31,112,65.05,83.65
ciso2,ONE,31,113,64.75,83.7
ciso2,ONE,31,114,64.97,83.7
ciso2,ONE,31,115,64.86,83.63
ciso2,ONE,31,116,65.14,83.8
ciso2,ONE,31,117,65.17,83.72
ciso2,ONE,31,118,65.13,83.75
ciso2,ONE,31,119,65.01,83.81
ciso2,ONE,31,120,64.72,83.65
ciso2,ONE,31,121,64.92,83.74
ciso2,ONE,31,122,64.83,83.71
ciso2,ONE,31,123,64.81,83.72
ciso2,ONE,31,124,64.88,83.72
ciso2,ONE,31,125,64.74,83.83
ciso2,ONE,31,126,64.97,83.88
ciso2,ONE,31,127,65.0,83.64
ciso2,ONE,31,128,64.99,83.66
ciso2,ONE,31,129,65.15,83.9
ciso2,ONE,31,130,65.0,83.72
ciso2,ONE,31,131,64.83,83.77
ciso2,ONE,31,132,65.05,83.91
ciso2,ONE,31,133,64.91,83.85
ciso2,ONE,31,134,65.0,83.78
ciso2,ONE,31,135,65.07,84.06
ciso2,ONE,31,136,64.95,84.0
ciso2,ONE,31,137,64.92,83.84
ciso2,ONE,31,138,64.96,83.93
ciso2,ONE,31,139,64.97,83.75
ciso2,ONE,31,140,65.16,83.68
ciso2,ONE,31,141,65.17,83.88
ciso2,ONE,31,142,64.83,83.89
ciso2,ONE,31,143,65.0,83.92
ciso2,ONE,31,144,65.24,83.83
ciso2,ONE,31,145,65.08,83.79
ciso2,ONE,31,146,64.96,83.82
ciso2,ONE,31,147,65.07,83.8
ciso2,ONE,31,148,65.17,83.92
ciso2,ONE,31,149,65.03,83.96
ciso2,ONE,31,150,65.18,83.76
ciso2,ONE,31,151,64.94,83.97
ciso2,ONE,31,152,65.02,83.62
ciso2,ONE,31,153,65.15,83.84
ciso2,ONE,31,154,65.04,83.84
ciso2,ONE,31,155,65.07,83.73
ciso2,ONE,31,156,64.94,83.68
ciso2,ONE,31,157,65.0,83.8
ciso2,ONE,31,158,64.93,83.89
ciso2,ONE,31,159,65.02,83.84
ciso2,ONE,31,160,65.1,83.93
ciso2,ONE,31,161,65.19,83.8
ciso2,ONE,31,162,65.08,83.84
ciso2,ONE,31,163,65.02,83.85
ciso2,ONE,31,164,65.03,83.83
ciso2,ONE,31,165,64.88,83.94
ciso2,ONE,31,166,65.0,83.98
ciso2,ONE,31,167,64.99,83.89
ciso2,ONE,31,168,65.01,83.89
ciso2,ONE,31,169,65.0,83.87
ciso2,ONE,31,170,64.98,83.85
ciso2,ONE,31,171,64.88,84.09
ciso2,ONE,31,172,65.04,83.68
ciso2,ONE,31,173,65.0,83.75
ciso2,ONE,31,174,64.82,83.78
ciso2,ONE,31,175,64.97,84.01
ciso2,ONE,31,176,65.13,83.86
ciso2,ONE,31,177,64.89,83.78
ciso2,ONE,31,178,64.92,83.91
ciso2,ONE,31,179,65.0,83.82
ciso2,ONE,31,180,65.06,83.94
ciso2,ONE,31,181,64.96,83.77
ciso2,ONE,31,182,65.24,83.56
ciso2,ONE,31,183,65.2,84.02
ciso2,ONE,31,184,65.04,83.86
ciso2,ONE,31,185,65.05,83.9
ciso2,ONE,31,186,65.14,83.89
ciso2,ONE,31,187,65.02,83.94
ciso2,ONE,31,188,65.01,83.96
ciso2,ONE,31,189,64.84,84.04
ciso2,ONE,31,190,65.18,83.8
ciso2,ONE,31,191,65.01,83.84
ciso2,ONE,31,192,65.1,83.76
ciso2,ONE,31,193,65.16,83.91
ciso2,ONE,31,194,65.06,83.85
ciso2,ONE,31,195,65.09,83.77
ciso2,ONE,31,196,65.0,83.91
ciso2,ONE,31,197,65.03,83.99
ciso2,ONE,31,198,64.89,83.77
ciso2,ONE,31,199,65.13,83.79
ciso2,ONE,31,200,65.0,83.85
ciso2,ONE,31,201,65.23,84.03
ciso2,ONE,31,202,65.14,83.99
ciso2,ONE,31,203,64.94,83.91
ciso2,ONE,31,204,65.03,83.83
ciso2,ONE,31,205,65.19,84.24
ciso2,ONE,31,206,64.99,83.89
ciso2,ONE,31,207,65.07,83.86
ciso2,ONE,31,208,65.08,83.81
ciso2,ONE,31,209,65.05,83.88
ciso2,ONE,31,210,65.28,84.01
ciso2,ONE,31,211,65.15,84.11
ciso2,ONE,31,212,64.99,83.87
ciso2,ONE,31,213,64.99,83.81
ciso2,ONE,31,214,64.98,84.02
ciso2,ONE,31,215,65.09,83.94
ciso2,ONE,31,216,65.02,83.95
ciso2,ONE,31,217,65.01,83.9
ciso2,ONE,31,218,64.92,83.85
ciso2,ONE,31,219,64.81,83.94
ciso2,ONE,31,220,65.01,84.0
ciso2,ONE,31,221,64.97,84.06
ciso2,ONE,31,222,65.06,83.97
ciso2,ONE,31,223,65.09,83.86
ciso2,ONE,31,224,65.04,83.72
ciso2,ONE,31,225,65.14,83.86
ciso2,ONE,31,226,65.17,83.91
ciso2,ONE,31,227,65.15,84.01
ciso2,ONE,31,228,64.95,83.87
ciso2,ONE,31,229,65.18,84.04
ciso2,ONE,31,230,65.01,84.02
ciso2,ONE,31,231,65.02,84.14
ciso2,ONE,31,232,64.99,83.96
ciso2,ONE,31,233,65.12,83.92
ciso2,ONE,31,234,65.19,84.0
ciso2,ONE,31,235,65.06,83.85
ciso2,ONE,31,236,65.16,83.92
ciso2,ONE,31,237,64.85,83.93
ciso2,ONE,31,238,64.92,83.84
ciso2,ONE,31,239,65.11,83.93
ciso2,ONE,31,240,65.05,84.12
ciso2,ONE,31,241,65.16,83.97
ciso2,ONE,31,242,65.1,83.85
ciso2,ONE,31,243,64.94,83.96
ciso2,ONE,31,244,64.96,84.23
ciso2,ONE,31,245,65.09,83.95
ciso2,ONE,31,246,64.95,83.84
ciso2,ONE,31,247,64.96,83.98
ciso2,ONE,31,248,64.97,84.0
ciso2,ONE,31,249,64.99,83.95
ciso2,ONE,31,250,64.94,84.05
ciso2,ONE,32,1,1.02,0.94
ciso2,ONE,32,2,1.03,0.99
ciso2,ONE,32,3,0.96,0.97
ciso2,ONE,32,4,1.0,0.99
ciso2,ONE,32,5,0.99,0.99
ciso2,ONE,32,6,0.94,1.0
ciso2,ONE,32,7,0.98,1.05
ciso2,ONE,32,8,1.13,0.99
ciso2,ONE,32,9,1.3,1.24
ciso2,ONE,32,10,2.47,1.79
ciso2,ONE,32,11,3.51,2.79
ciso2,ONE,32,12,4.88,3.84
ciso2,ONE,32,13,7.06,5.4
ciso2,ONE,32,14,9.08,7.82
ciso2,ONE,32,15,11.65,9.82
ciso2,ONE,32,16,13.54,12.25
ciso2,ONE,32,17,15.68,14.31
ciso2,ONE,32,18,17.07,15.99
ciso2,ONE,32,19,20.17,19.37
ciso2,ONE,32,20,23.9,22.55
ciso2,ONE,32,21,25.15,25.81
ciso2,ONE,32,22,29.39,27.82
ciso2,ONE,32,23,30.38,29.52
ciso2,ONE,32,24,32.51,31.85
ciso2,ONE,32,25,34.06,33.76
ciso2,ONE,32,26,34.24,35.67
ciso2,ONE,32,27,36.99,37.35
ciso2,ONE,32,28,39.23,39.28
ciso2,ONE,32,29,40.72,40.6
ciso2,ONE,32,30,41.6,42.58
ciso2,ONE,32,31,43.28,44.48
ciso2,ONE,32,32,44.84,45.67
ciso2,ONE,32,33,46.41,47.36
ciso2,ONE,32,34,46.48,48.53
ciso2,ONE,32,35,48.52,49.96
ciso2,ONE,32,36,49.48,51.28
ciso2,ONE,32,37,50.04,52.72
ciso2,ONE,32,38,50.82,53.88
ciso2,ONE,32,39,52.34,55.13
ciso2,ONE,32,40,53.03,56.37
ciso2,ONE,32,41,53.79,57.49
ciso2,ONE,32,42,54.75,58.26
ciso2,ONE,32,43,56.06,59.7
ciso2,ONE,32,44,55.44,60.48
ciso2,ONE,32,45,56.41,61.74
ciso2,ONE,32,46,57.39,62.49
ciso2,ONE,32,47,57.04,64.11
ciso2,ONE,32,48,57.79,64.22
ciso2,ONE,32,49,58.49,65.39
ciso2,ONE,32,50,58.8,66.52
ciso2,ONE,32,51,57.9,67.24
ciso2,ONE,32,52,59.44,67.95
ciso2,ONE,32,53,60.08,68.89
ciso2,ONE,32,54,60.1,69.67
ciso2,ONE,32,55,61.08,70.14
ciso2,ONE,32,56,61.03,71.2
ciso2,ONE,32,57,61.6,72.17
ciso2,ONE,32,58,61.9,72.88
ciso2,ONE,32,59,61.45,73.21
ciso2,ONE,32,60,62.02,73.91
ciso2,ONE,32,61,62.34,74.61
ciso2,ONE,32,62,62.39,75.3
ciso2,ONE,32,63,62.39,75.6
ciso2,ONE,32,64,61.87,76.3
ciso2,ONE,32,65,62.25,76.54
ciso2,ONE,32,66,63.04,77.33
ciso2,ONE,32,67,62.52,77.79
ciso2,ONE,32,68,63.25,78.51
ciso2,ONE,32,69,63.22,78.39
ciso2,ONE,32,70,63.62,78.92
ciso2,ONE,32,71,63.6,79.26
ciso2,ONE,32,72,63.82,79.44
ciso2,ONE,32,73,63.98,80.03
ciso2,ONE,32,74,63.74,80.26
ciso2,ONE,32,75,63.64,80.59
ciso2,ONE,32,76,63.87,80.67
ciso2,ONE,32,77,64.31,80.75
ciso2,ONE,32,78,63.96,81.29
ciso2,ONE,32,79,64.21,81.21
ciso2,ONE,32,80,63.89,81.7
ciso2,ONE,32,81,63.88,81.58
ciso2,ONE,32,82,64.25,81.88
ciso2,ONE,32,83,64.58,82.12
ciso2,ONE,32,84,64.2,82.35
ciso2,ONE,32,85,64.73,82.26
ciso2,ONE,32,86,64.53,82.53
ciso2,ONE,32,87,64.06,82.75
ciso2,ONE,32,88,64.3,82.73
ciso2,ONE,32,89,64.29,83.03
ciso2,ONE,32,90,64.39,82.97
ciso2,ONE,32,91,64.5,82.96
ciso2,ONE,32,92,64.44,83.09
ciso2,ONE,32,93,64.39,83.31
ciso2,ONE,32,94,64.52,83.58
ciso2,ONE,32,95,64.58,83.5
ciso2,ONE,32,96,64.42,83.49
ciso2,ONE,32,97,64.45,83.61
ciso2,ONE,32,98,64.39,83.46
ciso2,ONE,32,99,64.57,83.74
ciso2,ONE,32,100,64.3,83.82
ciso2,ONE,32,101,64.63,83.77
ciso2,ONE,32,102,64.65,83.72
ciso2,ONE,32,103,64.45,84.02
ciso2,ONE,32,104,64.45,84.0
ciso2,ONE,32,105,64.34,83.94
ciso2,ONE,32,106,64.55,84.03
ciso2,ONE,32,107,64.61,84.1
ciso2,ONE,32,108,64.57,84.16
ciso2,ONE,32,109,64.32,84.09
ciso2,ONE,32,110,64.45,84.36
ciso2,ONE,32,111,64.66,84.25
ciso2,ONE,32,112,64.69,84.31
ciso2,ONE,32,113,64.69,84.17
ciso2,ONE,32,114,64.56,84.36
ciso2,ONE,32,115,64.75,84.48
ciso2,ONE,32,116,64.7,84.54
ciso2,ONE,32,117,64.68,84.16
ciso2,ONE,32,118,64.23,84.36
ciso2,ONE,32,119,64.71,84.32
ciso2,ONE,32,120,64.79,84.52
ciso2,ONE,32,121,64.69,84.38
ciso2,ONE,32,122,64.63,84.48
ciso2,ONE,32,123,64.48,84.33
ciso2,ONE,32,124,64.67,84.44
ciso2,ONE,32,125,64.64,84.47
ciso2,ONE,32,126,64.52,84.49
ciso2,ONE,32,127,64.77,84.34
ciso2,ONE,32,128,64.53,84.48
ciso2,ONE,32,129,64.82,84.57
ciso2,ONE,32,130,64.47,84.52
ciso2,ONE,32,131,64.59,84.57
ciso2,ONE,32,132,64.63,84.75
ciso2,ONE,32,133,64.57,84.45
ciso2,ONE,32,134,64.58,84.5
ciso2,ONE,32,135,64.65,84.65
ciso2,ONE,32,136,64.63,84.65
ciso2,ONE,32,137,64.56,84.58
ciso2,ONE,32,138,64.47,84.64
ciso2,ONE,32,139,64.61,84.64
ciso2,ONE,32,140,64.62,84.7
ciso2,ONE,32,141,64.64,84.56
ciso2,ONE,32,142,64.61,84.53
ciso2,ONE,32,143,64.76,84.51
ciso2,ONE,32,144,64.81,84.64
ciso2,ONE,32,145,64.62,84.75
ciso2,ONE,32,146,64.54,84.63
ciso2,ONE,32,147,64.94,84.67
ciso2,ONE,32,148,64.56,84.51
ciso2,ONE,32,149,64.76,84.75
ciso2,ONE,32,150,64.36,84.6
ciso2,ONE,32,151,64.55,84.77
ciso2,ONE,32,152,64.56,84.72
ciso2,ONE,32,153,64.6,84.55
ciso2,ONE,32,154,64.57,84.6
ciso2,ONE,32,155,64.53,84.68
ciso2,ONE,32,156,64.61,84.71
ciso2,ONE,32,157,64.63,84.36
ciso2,ONE,32,158,64.76,84.73
ciso2,ONE,32,159,64.61,84.65
ciso2,ONE,32,160,64.42,84.6
ciso2,ONE,32,161,64.74,84.71
ciso2,ONE,32,162,64.72,84.56
ciso2,ONE,32,163,64.85,84.72
ciso2,ONE,32,164,64.56,84.56
ciso2,ONE,32,165,64.54,84.81
ciso2,ONE,32,166,64.66,84.4
ciso2,ONE,32,167,64.67,84.68
ciso2,ONE,32,168,64.8,84.71
ciso2,ONE,32,169,64.69,84.56
ciso2,ONE,32,170,64.68,84.45
ciso2,ONE,32,171,64.55,84.68
ciso2,ONE,32,172,64.36,84.6
ciso2,ONE,32,173,64.53,84.64
ciso2,ONE,32,174,64.49,84.74
ciso2,ONE,32,175,64.57,84.65
ciso2,ONE,32,176,64.59,84.68
ciso2,ONE,32,177,64.7,84.68
ciso2,ONE,32,178,64.7,84.68
ciso2,ONE,32,179,64.8,84.53
ciso2,ONE,32,180,64.81,84.52
ciso2,ONE,32,181,64.57,84.72
ciso2,ONE,32,182,64.59,84.79
ciso2,ONE,32,183,64.82,84.52
ciso2,ONE,32,184,64.77,84.72
ciso2,ONE,32,185,64.66,84.72
ciso2,ONE,32,186,64.74,84.73
ciso2,ONE,32,187,64.56,84.71
ciso2,ONE,32,188,64.6,84.57
ciso2,ONE,32,189,64.48,84.74
ciso2,ONE,32,190,64.65,84.62
ciso2,ONE,32,191,64.71,84.84
ciso2,ONE,32,192,64.56,84.69
ciso2,ONE,32,193,64.68,84.53
ciso2,ONE,32,194,64.66,84.6
ciso2,ONE,32,195,64.77,84.72
ciso2,ONE,32,196,64.75,84.77
ciso2,ONE,32,197,64.86,84.68
ciso2,ONE,32,198,64.44,84.77
ciso2,ONE,32,199,64.56,84.72
ciso2,ONE,32,200,64.85,84.84
ciso2,ONE,32,201,64.39,84.76
ciso2,ONE,32,202,64.54,84.84
ciso2,ONE,32,203,64.92,84.65
ciso2,ONE,32,204,64.62,84.75
ciso2,ONE,32,205,64.65,84.63
ciso2,ONE,32,206,64.59,84.68
ciso2,ONE,32,207,64.71,84.56
ciso2,ONE,32,208,64.6,84.96
ciso2,ONE,32,209,64.78,84.67
ciso2,ONE,32,210,64.71,84.67
ciso2,ONE,32,211,64.68,84.78
ciso2,ONE,32,212,64.79,84.93
ciso2,ONE,32,213,64.64,84.68
ciso2,ONE,32,214,64.71,84.45
ciso2,ONE,32,215,64.7,84.89
ciso2,ONE,32,216,64.46,84.81
ciso2,ONE,32,217,64.7,84.79
ciso2,ONE,32,218,64.63,84.8
ciso2,ONE,32,219,64.67,84.77
ciso2,ONE,32,220,64.72,84.65
ciso2,ONE,32,221,64.63,84.72
ciso2,ONE,32,222,64.8,84.98
ciso2,ONE,32,223,64.72,84.94
ciso2,ONE,32,224,64.6,84.56
ciso2,ONE,32,225,64.8,84.77
ciso2,ONE,32,226,64.65,84.56
ciso2,ONE,32,227,64.69,84.74
ciso2,ONE,32,228,64.58,84.58
ciso2,ONE,32,229,64.4,84.84
ciso2,ONE,32,230,64.63,84.76
ciso2,ONE,32,231,64.57,84.75
ciso2,ONE,32,232,64.79,84.73
ciso2,ONE,32,233,64.58,84.58
ciso2,ONE,32,234,64.69,84.91
ciso2,ONE,32,235,64.49,84.65
ciso2,ONE,32,236,64.62,84.88
ciso2,ONE,32,237,64.62,84.72
ciso2,ONE,32,238,64.65,84.93
ciso2,ONE,32,239,64.57,84.68
ciso2,ONE,32,240,64.82,84.76
ciso2,ONE,32,241,64.55,84.93
ciso2,ONE,32,242,64.84,84.9
ciso2,ONE,32,243,64.6,84.67
ciso2,ONE,32,244,64.51,84.81
ciso2,ONE,32,245,64.57,84.83
ciso2,ONE,32,246,64.64,84.78
ciso2,ONE,32,247,64.56,84.79
ciso2,ONE,32,248,64.57,84.66
ciso2,ONE,32,249,64.7,84.89
ciso2,ONE,32,250,64.76,84.69
ciso2,ONE,33,1,0.86,0.96
ciso2,ONE,33,2,0.82,0.91
ciso2,ONE,33,3,0.87,0.97
ciso2,ONE,33,4,0.95,1.01
ciso2,ONE,33,5,0.92,0.93
ciso2,ONE,33,6,0.96,1.0
ciso2,ONE,33,7,1.13,1.06
ciso2,ONE,33,8,1.26,1.19
ciso2,ONE,33,9,1.9,1.5
ciso2,ONE,33,10,3.5,2.59
ciso2,ONE,33,11,4.53,3.7
ciso2,ONE,33,12,6.25,5.18
ciso2,ONE,33,13,8.3,7.1
ciso2,ONE,33,14,10.17,8.83
ciso2,ONE,33,15,11.5,10.6
ciso2,ONE,33,16,13.94,12.42
ciso2,ONE,33,17,15.25,14.25
ciso2,ONE,33,18,17.85,16.22
ciso2,ONE,33,19,20.58,19.91
ciso2,ONE,33,20,25.18,23.26
ciso2,ONE,33,21,27.43,25.68
ciso2,ONE,33,22,27.86,27.76
ciso2,ONE,33,23,30.74,30.04
ciso2,ONE,33,24,31.73,31.4
ciso2,ONE,33,25,34.04,34.09
ciso2,ONE,33,26,35.99,35.59
ciso2,ONE,33,27,36.84,37.4
ciso2,ONE,33,28,37.35,39.24
ciso2,ONE,33,29,40.67,40.61
ciso2,ONE,33,30,41.69,42.31
ciso2,ONE,33,31,42.88,44.17
ciso2,ONE,33,32,44.06,45.94
ciso2,ONE,33,33,46.07,47.07
ciso2,ONE,33,34,46.94,48.92
ciso2,ONE,33,35,49.12,50.06
ciso2,ONE,33,36,49.78,51.45
ciso2,ONE,33,37,49.05,52.8
ciso2,ONE,33,38,51.3,54.56
ciso2,ONE,33,39,52.75,55.38
ciso2,ONE,33,40,53.87,56.35
ciso2,ONE,33,41,53.79,57.9
ciso2,ONE,33,42,54.48,58.63
ciso2,ONE,33,43,56.24,60.46
ciso2,ONE,33,44,56.48,61.15
ciso2,ONE,33,45,56.78,62.04
ciso2,ONE,33,46,57.5,63.43
ciso2,ONE,33,47,57.67,64.33
ciso2,ONE,33,48,57.54,64.86
ciso2,ONE,33,49,59.46,66.39
ciso2,ONE,33,50,59.54,66.82
ciso2,ONE,33,51,59.73,67.87
ciso2,ONE,33,52,59.73,68.78
ciso2,ONE,33,53,60.84,69.23
ciso2,ONE,33,54,61.22,70.68
ciso2,ONE,33,55,61.57,71.36
ciso2,ONE,33,56,61.67,71.94
ciso2,ONE,33,57,62.37,72.72
ciso2,ONE,33,58,62.0,73.35
ciso2,ONE,33,59,62.11,74.13
ciso2,ONE,33,60,63.14,74.84
ciso2,ONE,33,61,62.74,75.63
ciso2,ONE,33,62,62.98,75.83
ciso2,ONE,33,63,63.49,76.49
ciso2,ONE,33,64,63.91,77.33
ciso2,ONE,33,65,63.79,77.53
ciso2,ONE,33,66,63.55,78.02
ciso2,ONE,33,67,63.77,78.62
ciso2,ONE,33,68,63.92,79.01
ciso2,ONE,33,69,64.3,79.48
ciso2,ONE,33,70,64.15,79.89
ciso2,ONE,33,71,64.25,79.87
ciso2,ONE,33,72,64.25,80.39
ciso2,ONE,33,73,64.6,80.36
ciso2,ONE,33,74,64.86,80.77
ciso2,ONE,33,75,64.45,81.03
ciso2,ONE,33,76,64.57,81.44
ciso2,ONE,33,77,64.62,81.68
ciso2,ONE,33,78,64.92,81.7
ciso2,ONE,33,79,64.75,81.85
ciso2,ONE,33,80,64.76,82.12
ciso2,ONE,33,81,64.89,82.38
ciso2,ONE,33,82,64.94,82.48
ciso2,ONE,33,83,64.91,82.56
ciso2,ONE,33,84,64.59,82.68
ciso2,ONE,33,85,65.29,82.94
ciso2,ONE,33,86,64.64,83.0
ciso2,ONE,33,87,64.87,83.09
ciso2,ONE,33,88,65.1,83.3
ciso2,ONE,33,89,65.09,83.41
ciso2,ONE,33,90,65.13,83.29
ciso2,ONE,33,91,64.8,83.54
ciso2,ONE,33,92,65.07,83.62
ciso2,ONE,33,93,65.21,83.96
ciso2,ONE,33,94,65.08,83.63
ciso2,ONE,33,95,64.91,83.92
ciso2,ONE,33,96,64.9,84.02
ciso2,ONE,33,97,65.23,83.75
ciso2,ONE,33,98,65.21,84.02
ciso2,ONE,33,99,65.08,84.19
ciso2,ONE,33,100,64.99,84.35
ciso2,ONE,33,101,65.13,84.44
ciso2,ONE,33,102,65.11,84.12
ciso2,ONE,33,103,65.09,84.41
ciso2,ONE,33,104,64.98,84.2
ciso2,ONE,33,105,65.17,84.18
ciso2,ONE,33,106,65.15,84.4
ciso2,ONE,33,107,65.3,84.62
ciso2,ONE,33,108,65.2,84.39
ciso2,ONE,33,109,65.05,84.43
ciso2,ONE,33,110,65.17,84.54
ciso2,ONE,33,111,65.16,84.41
ciso2,ONE,33,112,65.13,84.58
ciso2,ONE,33,113,65.05,84.48
ciso2,ONE,33,114,65.33,84.65
ciso2,ONE,33,115,65.05,84.42
ciso2,ONE,33,116,65.21,84.59
ciso2,ONE,33,117,65.41,84.74
ciso2,ONE,33,118,65.19,84.75
ciso2,ONE,33,119,65.03,84.81
ciso2,ONE,33,120,65.37,84.83
ciso2,ONE,33,121,65.17,84.39
ciso2,ONE,33,122,65.02,84.83
ciso2,ONE,33,123,65.05,84.86
ciso2,ONE,33,124,65.32,84.63
ciso2,ONE,33,125,65.23,84.76
ciso2,ONE,33,126,65.06,84.97
ciso2,ONE,33,127,65.15,84.82
ciso2,ONE,33,128,65.26,84.66
ciso2,ONE,33,129,64.84,84.66
ciso2,ONE,33,130,65.28,84.98
ciso2,ONE,33,131,65.27,84.75
ciso2,ONE,33,132,65.21,84.78
ciso2,ONE,33,133,65.13,84.7
ciso2,ONE,33,134,65.4,84.73
ciso2,ONE,33,135,65.18,84.7
ciso2,ONE,33,136,65.22,84.73
ciso2,ONE,33,137,65.31,84.76
ciso2,ONE,33,138,65.42,84.77
ciso2,ONE,33,139,65.33,84.86
ciso2,ONE,33,140,65.13,84.72
ciso2,ONE,33,141,65.31,84.85
ciso2,ONE,33,142,65.14,84.95
ciso2,ONE,33,143,65.32,84.76
ciso2,ONE,33,144,65.32,84.68
ciso2,ONE,33,145,65.24,84.88
ciso2,ONE,33,146,65.14,84.54
ciso2,ONE,33,147,65.29,84.76
ciso2,ONE,33,148,65.19,84.99
ciso2,ONE,33,149,65.33,84.7
ciso2,ONE,33,150,65.26,84.88
ciso2,ONE,33,151,65.3,84.91
ciso2,ONE,33,152,65.23,84.82
ciso2,ONE,33,153,65.23,85.01
ciso2,ONE,33,154,65.3,84.79
ciso2,ONE,33,155,65.18,85.08
ciso2,ONE,33,156,65.32,84.73
ciso2,ONE,33,157,65.15,84.71
ciso2,ONE,33,158,65.2,84.78
ciso2,ONE,33,159,65.34,84.81
ciso2,ONE,33,160,65.25,84.76
ciso2,ONE,33,161,65.13,84.8
ciso2,ONE,33,162,65.32,84.53
ciso2,ONE,33,163,65.13,84.72
ciso2,ONE,33,164,65.37,84.93
ciso2,ONE,33,165,65.23,84.75
ciso2,ONE,33,166,65.45,84.85
ciso2,ONE,33,167,65.22,84.62
ciso2,ONE,33,168,65.27,84.97
ciso2,ONE,33,169,65.17,84.72
ciso2,ONE,33,170,65.1,84.85
ciso2,ONE,33,171,65.27,84.67
ciso2,ONE,33,172,65.15,84.86
ciso2,ONE,33,173,65.17,85.03
ciso2,ONE,33,174,65.21,84.86
ciso2,ONE,33,175,65.22,84.91
ciso2,ONE,33,176,65.31,84.88
ciso2,ONE,33,177,65.21,84.86
ciso2,ONE,33,178,65.19,84.87
ciso2,ONE,33,179,65.3,84.84
ciso2,ONE,33,180,65.07,84.78
ciso2,ONE,33,181,65.35,85.01
ciso2,ONE,33,182,65.25,84.8
ciso2,ONE,33,183,65.33,84.92
ciso2,ONE,33,184,65.2,84.92
ciso2,ONE,33,185,65.26,84.82
ciso2,ONE,33,186,65.37,84.75
ciso2,ONE,33,187,65.2,84.86
ciso2,ONE,33,188,65.19,84.92
ciso2,ONE,33,189,65.21,84.94
ciso2,ONE,33,190,65.38,84.91
ciso2,ONE,33,191,65.24,84.84
ciso2,ONE,33,192,65.23,84.8
ciso2,ONE,33,193,65.31,84.9
ciso2,ONE,33,194,65.12,84.99
ciso2,ONE,33,195,65.22,84.79
ciso2,ONE,33,196,65.17,84.73
ciso2,ONE,33,197,65.21,84.77
ciso2,ONE,33,198,65.31,84.66
ciso2,ONE,33,199,65.09,84.84
ciso2,ONE,33,200,65.11,84.84
ciso2,ONE,33,201,65.12,85.01
ciso2,ONE,33,202,65.06,84.81
ciso2,ONE,33,203,65.45,84.86
ciso2,ONE,33,204,65.46,84.94
ciso2,ONE,33,205,65.15,84.71
ciso2,ONE,33,206,65.28,84.89
ciso2,ONE,33,207,65.31,84.93
ciso2,ONE,33,208,65.17,84.81
ciso2,ONE,33,209,65.2,84.91
ciso2,ONE,33,210,65.17,85.01
ciso2,ONE,33,211,65.19,84.89
ciso2,ONE,33,212,65.36,84.78
ciso2,ONE,33,213,65.1,84.82
ciso2,ONE,33,214,65.3,84.9
ciso2,ONE,33,215,65.21,84.97
ciso2,ONE,33,216,65.16,84.84
ciso2,ONE,33,217,65.28,84.86
ciso2,ONE,33,218,65.26,85.15
ciso2,ONE,33,219,65.17,85.04
ciso2,ONE,33,220,65.15,84.93
ciso2,ONE,33,221,64.94,84.87
ciso2,ONE,33,222,65.37,84.9
ciso2,ONE,33,223,65.19,84.87
ciso2,ONE,33,224,65.38,84.98
ciso2,ONE,33,225,65.26,84.88
ciso2,ONE,33,226,65.33,84.94
ciso2,ONE,33,227,65.25,84.84
ciso2,ONE,33,228,65.46,84.88
ciso2,ONE,33,229,65.4,85.11
ciso2,ONE,33,230,65.24,84.77
ciso2,ONE,33,231,65.28,84.75
ciso2,ONE,33,232,65.27,85.07
ciso2,ONE,33,233,65.34,84.96
ciso2,ONE,33,234,65.35,84.98
ciso2,ONE,33,235,65.26,85.11
ciso2,ONE,33,236,65.41,85.16
ciso2,ONE,33,237,65.23,84.99
ciso2,ONE,33,238,65.19,84.82
ciso2,ONE,33,239,65.34,84.82
ciso2,ONE,33,240,65.24,84.97
ciso2,ONE,33,241,65.27,85.04
ciso2,ONE,33,242,65.23,85.03
ciso2,ONE,33,243,65.29,84.84
ciso2,ONE,33,244,65.44,85.08
ciso2,ONE,33,245,65.36,84.97
ciso2,ONE,33,246,65.07,85.08
ciso2,ONE,33,247,65.1,84.85
ciso2,ONE,33,248,65.1,84.77
ciso2,ONE,33,249,65.23,84.83
ciso2,ONE,33,250,65.62,85.15
ciso2,k01,31,1,1.19,1.21
ciso2,k01,31,2,1.18,1.2
ciso2,k01,31,3,1.17,1.23
ciso2,k01,31,4,1.19,1.19
ciso2,k01,31,5,1.21,1.23
ciso2,k01,31,6,1.22,1.24
ciso2,k01,31,7,1.27,1.29
ciso2,k01,31,8,1.44,1.38
ciso2,k01,31,9,1.54,1.35
ciso2,k01,31,10,2.25,1.73
ciso2,k01,31,11,3.55,2.69
ciso2,k01,31,12,5.39,4.16
ciso2,k01,31,13,7.29,5.86
ciso2,k01,31,14,9.41,7.89
ciso2,k01,31,15,11.06,9.96
ciso2,k01,31,16,12.61,11.73
ciso2,k01,31,17,14.22,13.17
ciso2,k01,31,18,15.56,14.88
ciso2,k01,31,19,17.78,16.65
ciso2,k01,31,20,19.52,18.35
ciso2,k01,31,21,20.22,19.71
ciso2,k01,31,22,21.63,21.05
ciso2,k01,31,23,21.9,21.59
ciso2,k01,31,24,22.58,22.17
ciso2,k01,31,25,22.7,22.71
ciso2,k01,31,26,22.93,22.66
ciso2,k01,31,27,22.95,23.14
ciso2,k01,31,28,23.17,22.96
ciso2,k01,31,29,22.94,22.96
ciso2,k01,31,30,23.13,23.14
ciso2,k01,31,31,23.11,23.13
ciso2,k01,31,32,22.99,23.1
ciso2,k01,31,33,22.97,23.09
ciso2,k01,31,34,23.14,23.12
ciso2,k01,31,35,23.13,23.07
ciso2,k01,31,36,23.05,23.15
ciso2,k01,31,37,23.0,23.11
ciso2,k01,31,38,23.15,23.32
ciso2,k01,31,39,23.17,23.27
ciso2,k01,31,40,23.0,23.22
ciso2,k01,31,41,22.91,23.11
ciso2,k01,31,42,23.07,23.31
ciso2,k01,31,43,22.87,23.1
ciso2,k01,31,44,23.0,23.05
ciso2,k01,31,45,23.13,22.94
ciso2,k01,31,46,22.95,23.22
ciso2,k01,31,47,22.96,23.11
ciso2,k01,31,48,22.93,23.17
ciso2,k01,31,49,23.01,23.11
ciso2,k01,31,50,23.14,23.06
ciso2,k01,31,51,22.82,23.19
ciso2,k01,31,52,23.27,23.11
ciso2,k01,31,53,23.19,23.27
ciso2,k01,31,54,23.13,23.2
ciso2,k01,31,55,22.77,23.16
ciso2,k01,31,56,22.99,23.2
ciso2,k01,31,57,22.97,23.36
ciso2,k01,31,58,22.95,23.2
ciso2,k01,31,59,22.95,23.09
ciso2,k01,31,60,23.09,23.15
ciso2,k01,31,61,22.93,23.25
ciso2,k01,31,62,23.19,23.22
ciso2,k01,31,63,23.07,23.21
ciso2,k01,31,64,23.02,23.19
ciso2,k01,31,65,23.13,23.11
ciso2,k01,31,66,23.14,23.19
ciso2,k01,31,67,23.2,23.17
ciso2,k01,31,68,23.12,23.35
ciso2,k01,31,69,22.99,23.36
ciso2,k01,31,70,23.08,23.17
ciso2,k01,31,71,23.0,23.23
ciso2,k01,31,72,23.08,23.1
ciso2,k01,31,73,23.16,23.25
ciso2,k01,31,74,22.85,23.06
ciso2,k01,31,75,23.02,23.16
ciso2,k01,31,76,23.25,23.25
ciso2,k01,31,77,23.11,23.05
ciso2,k01,31,78,23.01,23.25
ciso2,k01,31,79,22.99,23.27
ciso2,k01,31,80,23.0,23.14
ciso2,k01,31,81,23.19,23.26
ciso2,k01,31,82,23.03,23.09
ciso2,k01,31,83,22.99,23.15
ciso2,k01,31,84,23.11,23.08
ciso2,k01,31,85,23.14,23.12
ciso2,k01,31,86,23.17,23.21
ciso2,k01,31,87,23.04,23.26
ciso2,k01,31,88,23.05,23.19
ciso2,k01,31,89,23.07,23.12
ciso2,k01,31,90,23.13,23.23
ciso2,k01,31,91,23.01,23.15
ciso2,k01,31,92,22.89,23.11
ciso2,k01,31,93,23.16,23.24
ciso2,k01,31,94,23.08,23.48
ciso2,k01,31,95,23.0,23.09
ciso2,k01,31,96,22.97,23.21
ciso2,k01,31,97,23.16,23.16
ciso2,k01,31,98,22.9,23.26
ciso2,k01,31,99,23.2,23.28
ciso2,k01,31,100,23.02,23.08
ciso2,k01,31,101,22.84,23.11
ciso2,k01,31,102,23.04,23.29
ciso2,k01,31,103,22.95,23.28
ciso2,k01,31,104,22.96,23.21
ciso2,k01,31,105,23.03,23.16
ciso2,k01,31,106,23.08,23.03
ciso2,k01,31,107,23.06,23.24
ciso2,k01,31,108,23.06,23.27
ciso2,k01,31,109,23.14,23.21
ciso2,k01,31,110,23.14,23.03
ciso2,k01,31,111,23.08,23.19
ciso2,k01,31,112,23.2,23.16
ciso2,k01,31,113,23.21,23.27
ciso2,k01,31,114,23.18,23.14
ciso2,k01,31,115,23.28,23.21
ciso2,k01,31,116,22.95,23.27
ciso2,k01,31,117,22.88,23.25
ciso2,k01,31,118,23.08,23.14
ciso2,k01,31,119,22.96,23.37
ciso2,k01,31,120,23.03,23.12
ciso2,k01,31,121,23.17,23.26
ciso2,k01,31,122,23.12,23.23
ciso2,k01,31,123,23.04,23.32
ciso2,k01,31,124,23.1,23.26
ciso2,k01,31,125,23.18,23.2
ciso2,k01,31,126,23.0,23.04
ciso2,k01,31,127,22.96,23.16
ciso2,k01,31,128,23.11,23.25
ciso2,k01,31,129,23.16,23.2
ciso2,k01,31,130,23.2,23.18
ciso2,k01,31,131,23.27,23.17
ciso2,k01,31,132,22.95,23.14
ciso2,k01,31,133,23.04,23.28
ciso2,k01,31,134,23.26,23.19
ciso2,k01,31,135,22.89,23.19
ciso2,k01,31,136,22.98,23.15
ciso2,k01,31,137,23.26,23.2
ciso2,k01,31,138,23.11,23.24
ciso2,k01,31,139,23.21,23.21
ciso2,k01,31,140,23.1,23.28
ciso2,k01,31,141,23.11,23.24
ciso2,k01,31,142,23.09,23.11
ciso2,k01,31,143,22.97,23.22
ciso2,k01,31,144,22.97,23.21
ciso2,k01,31,145,22.92,23.18
ciso2,k01,31,146,23.07,23.13
ciso2,k01,31,147,23.11,23.23
ciso2,k01,31,148,22.94,23.1
ciso2,k01,31,149,23.15,23.23
ciso2,k01,31,150,23.08,23.16
ciso2,k01,31,151,23.01,23.23
ciso2,k01,31,152,23.08,23.14
ciso2,k01,31,153,23.18,23.24
ciso2,k01,31,154,23.06,23.23
ciso2,k01,31,155,23.1,23.0
ciso2,k01,31,156,23.21,23.27
ciso2,k01,31,157,23.04,23.24
ciso2,k01,31,158,23.2,23.22
ciso2,k01,31,159,23.1,23.29
ciso2,k01,31,160,23.02,23.11
ciso2,k01,31,161,23.32,23.27
ciso2,k01,31,162,23.08,23.08
ciso2,k01,31,163,23.11,23.15
ciso2,k01,31,164,22.97,23.16
ciso2,k01,31,165,23.19,23.2
ciso2,k01,31,166,23.11,23.3
ciso2,k01,31,167,23.09,23.22
ciso2,k01,31,168,22.99,23.3
ciso2,k01,31,169,23.18,23.23
ciso2,k01,31,170,23.12,23.31
ciso2,k01,31,171,23.16,23.2
ciso2,k01,31,172,23.1,23.27
ciso2,k01,31,173,23.16,23.19
ciso2,k01,31,174,23.19,23.26
ciso2,k01,31,175,22.89,23.27
ciso2,k01,31,176,23.06,23.24
ciso2,k01,31,177,23.26,23.26
ciso2,k01,31,178,23.01,23.24
ciso2,k01,31,179,22.99,23.27
ciso2,k01,31,180,23.31,23.25
ciso2,k01,31,181,22.91,23.14
ciso2,k01,31,182,22.99,23.25
ciso2,k01,31,183,23.21,23.35
ciso2,k01,31,184,23.16,23.3
ciso2,k01,31,185,23.24,23.29
ciso2,k01,31,186,22.91,23.18
ciso2,k01,31,187,23.12,23.23
ciso2,k01,31,188,23.13,23.17
ciso2,k01,31,189,23.17,23.3
ciso2,k01,31,190,23.09,23.18
ciso2,k01,31,191,23.08,23.29
ciso2,k01,31,192,23.21,23.24
ciso2,k01,31,193,23.0,23.33
ciso2,k01,31,194,23.06,23.25
ciso2,k01,31,195,23.13,23.25
ciso2,k01,31,196,23.11,23.36
ciso2,k01,31,197,22.92,23.05
ciso2,k01,31,198,23.19,23.26
ciso2,k01,31,199,23.11,23.16
ciso2,k01,31,200,23.19,23.4
ciso2,k01,31,201,22.99,23.28
ciso2,k01,31,202,23.17,23.27
ciso2,k01,31,203,22.96,23.26
ciso2,k01,31,204,23.14,23.08
ciso2,k01,31,205,23.0,23.24
ciso2,k01,31,206,23.05,23.31
ciso2,k01,31,207,23.06,23.24
ciso2,k01,31,208,23.18,23.28
ciso2,k01,31,209,23.26,23.18
ciso2,k01,31,210,23.37,23.07
ciso2,k01,31,211,22.92,23.32
ciso2,k01,31,212,23.06,23.25
ciso2,k01,31,213,23.17,23.26
ciso2,k01,31,214,23.09,23.42
ciso2,k01,31,215,23.12,23.21
ciso2,k01,31,216,23.04,23.15
ciso2,k01,31,217,23.01,23.36
ciso2,k01,31,218,23.26,23.51
ciso2,k01,31,219,23.03,23.34
ciso2,k01,31,220,23.12,23.14
ciso2,k01,31,221,23.31,23.44
ciso2,k01,31,222,23.13,23.21
ciso2,k01,31,223,22.91,23.14
ciso2,k01,31,224,23.34,23.26
ciso2,k01,31,225,23.04,23.09
ciso2,k01,31,226,23.09,23.2
ciso2,k01,31,227,23.17,23.33
ciso2,k01,31,228,23.21,23.23
ciso2,k01,31,229,23.0,23.25
ciso2,k01,31,230,22.88,23.24
ciso2,k01,31,231,23.08,23.28
ciso2,k01,31,232,23.2,23.27
ciso2,k01,31,233,22.89,23.27
ciso2,k01,31,234,23.04,23.12
ciso2,k01,31,235,23.1,23.15
ciso2,k01,31,236,23.09,23.31
ciso2,k01,31,237,23.05,23.39
ciso2,k01,31,238,23.22,23.31
ciso2,k01,31,239,23.26,23.28
ciso2,k01,31,240,23.17,23.25
ciso2,k01,31,241,23.21,23.22
ciso2,k01,31,242,23.25,23.09
ciso2,k01,31,243,23.26,23.13
ciso2,k01,31,244,23.06,23.36
ciso2,k01,31,245,22.91,23.37
ciso2,k01,31,246,23.02,23.27
ciso2,k01,31,247,23.23,23.43
ciso2,k01,31,248,23.09,23.47
ciso2,k01,31,249,23.02,23.25
ciso2,k01,31,250,23.25,23.39
ciso2,k01,32,1,1.02,0.94
ciso2,k01,32,2,1.03,0.99
ciso2,k01,32,3,0.96,0.97
ciso2,k01,32,4,1.0,0.99
ciso2,k01,32,5,1.0,0.99
ciso2,k01,32,6,0.93,1.0
ciso2,k01,32,7,0.99,1.06
ciso2,k01,32,8,1.08,0.99
ciso2,k01,32,9,1.31,1.24
ciso2,k01,32,10,2.39,1.78
ciso2,k01,32,11,3.48,2.75
ciso2,k01,32,12,4.92,3.84
ciso2,k01,32,13,6.99,5.39
ciso2,k01,32,14,8.87,7.71
ciso2,k01,32,15,11.65,9.6
ciso2,k01,32,16,12.99,11.92
ciso2,k01,32,17,15.06,13.86
ciso2,k01,32,18,16.77,15.3
ciso2,k01,32,19,17.18,17.2
ciso2,k01,32,20,19.67,18.68
ciso2,k01,32,21,20.99,20.09
ciso2,k01,32,22,21.78,21.15
ciso2,k01,32,23,22.64,21.9
ciso2,k01,32,24,22.59,22.45
ciso2,k01,32,25,22.45,22.79
ciso2,k01,32,26,22.91,22.97
ciso2,k01,32,27,22.93,23.09
ciso2,k01,32,28,22.88,23.16
ciso2,k01,32,29,22.98,23.33
ciso2,k01,32,30,22.94,23.32
ciso2,k01,32,31,23.04,23.21
ciso2,k01,32,32,23.14,23.21
ciso2,k01,32,33,23.21,23.46
ciso2,k01,32,34,23.06,23.41
ciso2,k01,32,35,23.08,23.28
ciso2,k01,32,36,23.06,23.35
ciso2,k01,32,37,23.31,23.27
ciso2,k01,32,38,23.18,23.26
ciso2,k01,32,39,23.15,23.29
ciso2,k01,32,40,23.09,23.22
ciso2,k01,32,41,23.04,23.36
ciso2,k01,32,42,23.06,23.24
ciso2,k01,32,43,23.12,23.36
ciso2,k01,32,44,22.97,23.35
ciso2,k01,32,45,23.18,23.31
ciso2,k01,32,46,22.97,23.24
ciso2,k01,32,47,23.11,23.36
ciso2,k01,32,48,23.1,23.37
ciso2,k01,32,49,23.13,23.14
ciso2,k01,32,50,23.03,23.34
ciso2,k01,32,51,23.1,23.37
ciso2,k01,32,52,23.0,23.4
ciso2,k01,32,53,23.05,23.31
ciso2,k01,32,54,23.14,23.29
ciso2,k01,32,55,23.18,23.45
ciso2,k01,32,56,22.97,23.21
ciso2,k01,32,57,23.19,23.28
ciso2,k01,32,58,23.08,23.15
ciso2,k01,32,59,23.08,23.42
ciso2,k01,32,60,22.92,23.36
ciso2,k01,32,61,23.06,23.45
ciso2,k01,32,62,23.11,23.26
ciso2,k01,32,63,23.05,23.19
ciso2,k01,32,64,23.06,23.27
ciso2,k01,32,65,23.14,23.38
ciso2,k01,32,66,23.11,23.31
ciso2,k01,32,67,23.15,23.28
ciso2,k01,32,68,23.07,23.25
ciso2,k01,32,69,23.1,23.35
ciso2,k01,32,70,23.1,23.49
ciso2,k01,32,71,23.07,23.29
ciso2,k01,32,72,23.2,23.23
ciso2,k01,32,73,22.95,23.44
ciso2,k01,32,74,23.28,23.37
ciso2,k01,32,75,23.19,23.41
ciso2,k01,32,76,23.04,23.33
ciso2,k01,32,77,23.11,23.33
ciso2,k01,32,78,23.23,23.16
ciso2,k01,32,79,23.03,23.23
ciso2,k01,32,80,22.9,23.28
ciso2,k01,32,81,23.04,23.2
ciso2,k01,32,82,22.95,23.4
ciso2,k01,32,83,23.3,23.27
ciso2,k01,32,84,23.08,23.28
ciso2,k01,32,85,22.89,23.3
ciso2,k01,32,86,23.13,23.24
ciso2,k01,32,87,23.13,23.43
ciso2,k01,32,88,23.05,23.34
ciso2,k01,32,89,23.11,23.25
ciso2,k01,32,90,23.19,23.23
ciso2,k01,32,91,23.29,23.43
ciso2,k01,32,92,23.1,23.25
ciso2,k01,32,93,23.05,23.28
ciso2,k01,32,94,23.13,23.37
ciso2,k01,32,95,23.06,23.45
ciso2,k01,32,96,23.03,23.31
ciso2,k01,32,97,23.14,23.49
ciso2,k01,32,98,23.21,23.37
ciso2,k01,32,99,23.07,23.34
ciso2,k01,32,100,23.23,23.25
ciso2,k01,32,101,23.22,23.2
ciso2,k01,32,102,22.98,23.06
ciso2,k01,32,103,23.11,23.47
ciso2,k01,32,104,23.05,23.36
ciso2,k01,32,105,23.08,23.37
ciso2,k01,32,106,23.09,23.27
ciso2,k01,32,107,23.11,23.29
ciso2,k01,32,108,23.1,23.37
ciso2,k01,32,109,23.09,23.37
ciso2,k01,32,110,23.05,23.23
ciso2,k01,32,111,23.07,23.42
ciso2,k01,32,112,23.14,23.3
ciso2,k01,32,113,23.13,23.3
ciso2,k01,32,114,23.04,23.3
ciso2,k01,32,115,23.19,23.23
ciso2,k01,32,116,23.13,23.25
ciso2,k01,32,117,23.2,23.49
ciso2,k01,32,118,22.99,23.42
ciso2,k01,32,119,23.03,23.41
ciso2,k01,32,120,23.12,23.41
ciso2,k01,32,121,23.18,23.45
ciso2,k01,32,122,23.33,23.26
ciso2,k01,32,123,23.23,23.44
ciso2,k01,32,124,23.05,23.37
ciso2,k01,32,125,23.1,23.39
ciso2,k01,32,126,23.14,23.38
ciso2,k01,32,127,23.16,23.25
ciso2,k01,32,128,23.06,23.34
ciso2,k01,32,129,23.17,23.3
ciso2,k01,32,130,23.13,23.42
ciso2,k01,32,131,23.2,23.29
ciso2,k01,32,132,22.95,23.32
ciso2,k01,32,133,23.07,23.5
ciso2,k01,32,134,23.22,23.39
ciso2,k01,32,135,23.15,23.14
ciso2,k01,32,136,23.06,23.3
ciso2,k01,32,137,23.02,23.28
ciso2,k01,32,138,23.15,23.46
ciso2,k01,32,139,23.13,23.24
ciso2,k01,32,140,23.19,23.34
ciso2,k01,32,141,23.18,23.2
ciso2,k01,32,142,23.3,23.21
ciso2,k01,32,143,23.24,23.23
ciso2,k01,32,144,23.02,23.34
ciso2,k01,32,145,23.13,23.11
ciso2,k01,32,146,22.95,23.28
ciso2,k01,32,147,23.09,23.39
ciso2,k01,32,148,23.01,23.3
ciso2,k01,32,149,23.31,23.24
ciso2,k01,32,150,23.11,23.36
ciso2,k01,32,151,23.15,23.58
ciso2,k01,32,152,23.18,23.43
ciso2,k01,32,153,23.28,23.4
ciso2,k01,32,154,23.14,23.35
ciso2,k01,32,155,23.16,23.3
ciso2,k01,32,156,23.24,23.45
ciso2,k01,32,157,23.14,23.21
ciso2,k01,32,158,23.19,23.32
ciso2,k01,32,159,23.16,23.5
ciso2,k01,32,160,23.03,23.41
ciso2,k01,32,161,23.21,23.34
ciso2,k01,32,162,23.16,23.38
ciso2,k01,32,163,23.13,23.35
ciso2,k01,32,164,23.28,23.29
ciso2,k01,32,165,23.08,23.36
ciso2,k01,32,166,23.22,23.53
ciso2,k01,32,167,23.32,23.33
ciso2,k01,32,168,23.29,23.46
ciso2,k01,32,169,23.33,23.46
ciso2,k01,32,170,23.17,23.45
ciso2,k01,32,171,23.17,23.21
ciso2,k01,32,172,23.14,23.34
ciso2,k01,32,173,23.03,23.25
ciso2,k01,32,174,22.98,23.31
ciso2,k01,32,175,23.22,23.4
ciso2,k01,32,176,23.02,23.25
ciso2,k01,32,177,23.04,23.4
ciso2,k01,32,178,23.17,23.28
ciso2,k01,32,179,23.28,23.38
ciso2,k01,32,180,23.13,23.36
ciso2,k01,32,181,23.11,23.44
ciso2,k01,32,182,23.2,23.4
ciso2,k01,32,183,23.28,23.23
ciso2,k01,32,184,23.29,23.44
ciso2,k01,32,185,23.08,23.44
ciso2,k01,32,186,23.15,23.34
ciso2,k01,32,187,22.95,23.38
ciso2,k01,32,188,23.05,23.28
ciso2,k01,32,189,23.25,23.47
ciso2,k01,32,190,23.26,23.22
ciso2,k01,32,191,23.2,23.5
ciso2,k01,32,192,23.2,23.35
ciso2,k01,32,193,23.06,23.42
ciso2,k01,32,194,23.24,23.29
ciso2,k01,32,195,23.03,23.14
ciso2,k01,32,196,23.28,23.3
ciso2,k01,32,197,23.16,23.27
ciso2,k01,32,198,22.95,23.24
ciso2,k01,32,199,23.13,23.38
ciso2,k01,32,200,23.27,23.44
ciso2,k01,32,201,23.15,23.38
ciso2,k01,32,202,23.17,23.44
ciso2,k01,32,203,23.36,23.44
ciso2,k01,32,204,23.19,23.29
ciso2,k01,32,205,23.05,23.47
ciso2,k01,32,206,23.17,23.3
ciso2,k01,32,207,23.27,23.46
ciso2,k01,32,208,23.22,23.38
ciso2,k01,32,209,23.34,23.37
ciso2,k01,32,210,23.19,23.44
ciso2,k01,32,211,23.17,23.33
ciso2,k01,32,212,23.12,23.4
ciso2,k01,32,213,23.17,23.32
ciso2,k01,32,214,23.28,23.43
ciso2,k01,32,215,23.04,23.27
ciso2,k01,32,216,23.07,23.49
ciso2,k01,32,217,23.2,23.29
ciso2,k01,32,218,23.23,23.46
ciso2,k01,32,219,23.16,23.33
ciso2,k01,32,220,23.03,23.3
ciso2,k01,32,221,23.23,23.53
ciso2,k01,32,222,23.24,23.42
ciso2,k01,32,223,23.29,23.4
ciso2,k01,32,224,23.1,23.33
ciso2,k01,32,225,23.09,23.5
ciso2,k01,32,226,23.19,23.49
ciso2,k01,32,227,23.26,23.38
ciso2,k01,32,228,23.25,23.38
ciso2,k01,32,229,23.23,23.54
ciso2,k01,32,230,23.05,23.53
ciso2,k01,32,231,23.15,23.38
ciso2,k01,32,232,23.22,23.33
ciso2,k01,32,233,23.24,23.52
ciso2,k01,32,234,23.11,23.28
ciso2,k01,32,235,23.18,23.3
ciso2,k01,32,236,23.25,23.28
ciso2,k01,32,237,23.09,23.38
ciso2,k01,32,238,23.13,23.41
ciso2,k01,32,239,23.15,23.39
ciso2,k01,32,240,23.31,23.27
ciso2,k01,32,241,23.14,23.34
ciso2,k01,32,242,23.38,23.49
ciso2,k01,32,243,23.15,23.4
ciso2,k01,32,244,23.22,23.5
ciso2,k01,32,245,23.27,23.33
ciso2,k01,32,246,23.31,23.37
ciso2,k01,32,247,23.04,23.32
ciso2,k01,32,248,23.32,23.36
ciso2,k01,32,249,23.19,23.4
ciso2,k01,32,250,23.33,23.51
ciso2,k01,33,1,0.87,0.96
ciso2,k01,33,2,0.82,0.91
ciso2,k01,33,3,0.87,0.98
ciso2,k01,33,4,0.95,1.01
ciso2,k01,33,5,0.92,0.93
ciso2,k01,33,6,0.95,1.0
ciso2,k01,33,7,1.12,1.07
ciso2,k01,33,8,1.26,1.19
ciso2,k01,33,9,1.88,1.5
ciso2,k01,33,10,3.51,2.59
ciso2,k01,33,11,4.59,3.72
ciso2,k01,33,12,6.33,5.19
ciso2,k01,33,13,8.23,7.08
ciso2,k01,33,14,10.09,8.75
ciso2,k01,33,15,11.44,10.44
ciso2,k01,33,16,13.43,12.07
ciso2,k01,33,17,14.28,13.74
ciso2,k01,33,18,16.29,15.23
ciso2,k01,33,19,18.31,16.92
ciso2,k01,33,20,20.03,18.85
ciso2,k01,33,21,20.89,19.66
ciso2,k01,33,22,21.37,20.72
ciso2,k01,33,23,21.88,21.38
ciso2,k01,33,24,22.52,21.77
ciso2,k01,33,25,22.55,22.25
ciso2,k01,33,26,22.88,22.45
ciso2,k01,33,27,22.97,22.62
ciso2,k01,33,28,23.03,22.71
ciso2,k01,33,29,22.99,22.79
ciso2,k01,33,30,22.85,23.04
ciso2,k01,33,31,22.89,22.96
ciso2,k01,33,32,23.06,22.92
ciso2,k01,33,33,22.92,22.91
ciso2,k01,33,34,23.05,22.91
ciso2,k01,33,35,22.95,22.68
ciso2,k01,33,36,23.12,22.77
ciso2,k01,33,37,22.86,22.65
ciso2,k01,33,38,22.89,22.8
ciso2,k01,33,39,22.91,22.97
ciso2,k01,33,40,22.94,22.59
ciso2,k01,33,41,22.85,22.93
ciso2,k01,33,42,22.96,22.76
ciso2,k01,33,43,23.03,23.14
ciso2,k01,33,44,22.92,22.9
ciso2,k01,33,45,22.97,22.86
ciso2,k01,33,46,22.97,22.86
ciso2,k01,33,47,22.95,22.97
ciso2,k01,33,48,23.04,22.73
ciso2,k01,33,49,22.91,22.87
ciso2,k01,33,50,23.01,22.81
ciso2,k01,33,51,23.03,22.72
ciso2,k01,33,52,22.99,22.8
ciso2,k01,33,53,23.09,23.03
ciso2,k01,33,54,23.18,22.75
ciso2,k01,33,55,22.87,22.89
ciso2,k01,33,56,23.05,23.02
ciso2,k01,33,57,22.85,22.89
ciso2,k01,33,58,23.0,23.04
ciso2,k01,33,59,23.0,22.87
ciso2,k01,33,60,23.0,22.68
ciso2,k01,33,61,23.14,22.87
ciso2,k01,33,62,23.08,22.76
ciso2,k01,33,63,22.86,22.8
ciso2,k01,33,64,23.03,22.86
ciso2,k01,33,65,22.87,22.9
ciso2,k01,33,66,23.06,22.94
ciso2,k01,33,67,23.03,23.05
ciso2,k01,33,68,23.0,22.97
ciso2,k01,33,69,23.07,22.78
ciso2,k01,33,70,23.07,22.92
ciso2,k01,33,71,23.11,22.96
ciso2,k01,33,72,23.0,22.93
ciso2,k01,33,73,23.02,23.08
ciso2,k01,33,74,23.03,22.92
ciso2,k01,33,75,23.03,22.9
ciso2,k01,33,76,23.1,22.92
ciso2,k01,33,77,23.23,22.89
ciso2,k01,33,78,22.83,22.86
ciso2,k01,33,79,23.07,22.89
ciso2,k01,33,80,23.17,22.94
ciso2,k01,33,81,22.85,23.0
ciso2,k01,33,82,23.16,22.78
ciso2,k01,33,83,23.03,22.91
ciso2,k01,33,84,23.07,22.79
ciso2,k01,33,85,22.92,22.96
ciso2,k01,33,86,23.23,22.98
ciso2,k01,33,87,22.86,23.02
ciso2,k01,33,88,22.89,22.94
ciso2,k01,33,89,23.12,22.88
ciso2,k01,33,90,23.21,23.01
ciso2,k01,33,91,22.9,22.89
ciso2,k01,33,92,22.93,22.91
ciso2,k01,33,93,22.78,22.94
ciso2,k01,33,94,23.04,22.94
ciso2,k01,33,95,22.98,23.03
ciso2,k01,33,96,23.05,22.93
ciso2,k01,33,97,22.91,22.68
ciso2,k01,33,98,22.99,22.86
ciso2,k01,33,99,23.07,22.86
ciso2,k01,33,100,23.01,23.04
ciso2,k01,33,101,22.99,22.98
ciso2,k01,33,102,23.01,22.96
ciso2,k01,33,103,23.01,22.95
ciso2,k01,33,104,23.06,22.98
ciso2,k01,33,105,23.12,22.74
ciso2,k01,33,106,23.01,22.89
ciso2,k01,33,107,23.15,22.9
ciso2,k01,33,108,22.95,22.98
ciso2,k01,33,109,22.92,22.94
ciso2,k01,33,110,23.14,22.92
ciso2,k01,33,111,23.19,22.94
ciso2,k01,33,112,23.12,22.97
ciso2,k01,33,113,23.11,23.01
ciso2,k01,33,114,23.12,22.91
ciso2,k01,33,115,22.9,22.81
ciso2,k01,33,116,22.99,23.05
ciso2,k01,33,117,23.29,22.87
ciso2,k01,33,118,23.06,23.12
ciso2,k01,33,119,23.01,22.89
ciso2,k01,33,120,23.09,22.88
ciso2,k01,33,121,23.16,22.97
ciso2,k01,33,122,23.06,22.88
ciso2,k01,33,123,22.95,22.85
ciso2,k01,33,124,23.25,22.94
ciso2,k01,33,125,22.94,23.02
ciso2,k01,33,126,23.07,23.12
ciso2,k01,33,127,23.09,22.94
ciso2,k01,33,128,23.12,23.1
ciso2,k01,33,129,23.04,23.02
ciso2,k01,33,130,23.05,22.91
ciso2,k01,33,131,23.04,22.95
ciso2,k01,33,132,23.3,22.8
ciso2,k01,33,133,23.15,22.87
ciso2,k01,33,134,23.13,22.81
ciso2,k01,33,135,23.21,22.86
ciso2,k01,33,136,23.17,23.08
ciso2,k01,33,137,22.9,22.9
ciso2,k01,33,138,23.28,23.17
ciso2,k01,33,139,23.19,22.8
ciso2,k01,33,140,23.05,22.91
ciso2,k01,33,141,22.96,22.97
ciso2,k01,33,142,23.02,22.94
ciso2,k01,33,143,23.0,22.92
ciso2,k01,33,144,23.06,22.93
ciso2,k01,33,145,23.01,22.95
ciso2,k01,33,146,22.96,22.91
ciso2,k01,33,147,23.09,22.93
ciso2,k01,33,148,23.14,22.89
ciso2,k01,33,149,23.13,22.96
ciso2,k01,33,150,23.01,22.94
ciso2,k01,33,151,23.01,23.09
ciso2,k01,33,152,23.04,23.24
ciso2,k01,33,153,23.04,22.91
ciso2,k01,33,154,23.15,23.0
ciso2,k01,33,155,23.0,22.84
ciso2,k01,33,156,23.05,22.81
ciso2,k01,33,157,23.12,22.85
ciso2,k01,33,158,22.95,23.04
ciso2,k01,33,159,23.09,22.83
ciso2,k01,33,160,23.13,22.91
ciso2,k01,33,161,23.15,22.99
ciso2,k01,33,162,23.11,22.78
ciso2,k01,33,163,22.85,23.07
ciso2,k01,33,164,22.97,22.95
ciso2,k01,33,165,23.2,22.99
ciso2,k01,33,166,23.16,22.9
ciso2,k01,33,167,23.08,23.01
ciso2,k01,33,168,23.03,22.99
ciso2,k01,33,169,23.0,22.96
ciso2,k01,33,170,23.03,22.97
ciso2,k01,33,171,23.02,22.94
ciso2,k01,33,172,23.09,22.9
ciso2,k01,33,173,23.08,23.03
ciso2,k01,33,174,23.18,23.07
ciso2,k01,33,175,22.99,23.0
ciso2,k01,33,176,23.16,22.98
ciso2,k01,33,177,22.96,22.8
ciso2,k01,33,178,22.95,22.96
ciso2,k01,33,179,23.15,22.87
ciso2,k01,33,180,23.19,22.83
ciso2,k01,33,181,23.02,23.07
ciso2,k01,33,182,23.09,23.0
ciso2,k01,33,183,23.13,22.89
ciso2,k01,33,184,22.99,22.91
ciso2,k01,33,185,23.15,22.87
ciso2,k01,33,186,23.14,22.93
ciso2,k01,33,187,23.12,22.91
ciso2,k01,33,188,23.18,22.8
ciso2,k01,33,189,23.04,22.94
ciso2,k01,33,190,23.02,22.85
ciso2,k01,33,191,22.78,23.0
ciso2,k01,33,192,23.09,23.06
ciso2,k01,33,193,23.11,22.92
ciso2,k01,33,194,23.01,22.95
ciso2,k01,33,195,22.9,23.05
ciso2,k01,33,196,23.22,22.95
ciso2,k01,33,197,23.12,22.98
ciso2,k01,33,198,22.96,22.86
ciso2,k01,33,199,22.9,22.85
ciso2,k01,33,200,23.07,23.0
ciso2,k01,33,201,23.05,23.02
ciso2,k01,33,202,23.2,23.04
ciso2,k01,33,203,23.22,23.13
ciso2,k01,33,204,23.18,23.04
ciso2,k01,33,205,23.15,22.98
ciso2,k01,33,206,23.02,23.1
ciso2,k01,33,207,23.1,22.89
ciso2,k01,33,208,22.91,22.86
ciso2,k01,33,209,23.08,22.78
ciso2,k01,33,210,23.11,22.99
ciso2,k01,33,211,23.07,23.02
ciso2,k01,33,212,23.1,23.07
ciso2,k01,33,213,23.14,22.95
ciso2,k01,33,214,23.11,22.96
ciso2,k01,33,215,23.06,22.72
ciso2,k01,33,216,22.99,23.07
ciso2,k01,33,217,22.98,23.0
ciso2,k01,33,218,22.94,23.0
ciso2,k01,33,219,22.98,22.93
ciso2,k01,33,220,23.07,22.9
ciso2,k01,33,221,23.13,23.01
ciso2,k01,33,222,22.85,22.88
ciso2,k01,33,223,23.0,22.9
ciso2,k01,33,224,23.04,23.03
ciso2,k01,33,225,23.14,22.78
ciso2,k01,33,226,23.07,22.95
ciso2,k01,33,227,23.15,22.89
ciso2,k01,33,228,23.1,22.87
ciso2,k01,33,229,23.08,22.95
ciso2,k01,33,230,23.04,23.16
ciso2,k01,33,231,22.91,22.93
ciso2,k01,33,232,22.94,22.96
ciso2,k01,33,233,23.26,23.08
ciso2,k01,33,234,22.96,23.13
ciso2,k01,33,235,22.98,22.7
ciso2,k01,33,236,23.04,23.01
ciso2,k01,33,237,23.02,22.84
ciso2,k01,33,238,23.11,22.88
ciso2,k01,33,239,23.21,22.9
ciso2,k01,33,240,23.1,22.98
ciso2,k01,33,241,23.12,22.82
ciso2,k01,33,242,23.2,22.98
ciso2,k01,33,243,23.13,23.1
ciso2,k01,33,244,23.03,22.88
ciso2,k01,33,245,23.11,23.01
ciso2,k01,33,246,23.06,23.0
ciso2,k01,33,247,23.0,23.15
ciso2,k01,33,248,23.08,22.81
ciso2,k01,33,249,23.33,22.98
ciso2,k01,33,250,23.09,23.09
