id,section,area,goal,comparison,why,result,outcome,reason,scope,batches,sources,original_question,register_page
MT014,1,Baseline comparisons,Locate a tuned non-meta baseline,AdamW cosine across seven peak learning rates,Establish the denominator before claiming improvements,Cosine peaks near 3e-3; earlier 1e-3 peak was wrong.,correction,The earlier reference understated the scheduled baseline.,"R18/C10 augmented, 100 epochs; SW and fxcos differ in warmup.","[""SW"", ""fxcos""]","[{""path"": ""repository/docs/MASTER-TABLE.md"", ""line"": 14, ""section"": null}, {""path"": ""repository/docs/CORRECTIONS.md"", ""line"": 870, ""section"": ""30""}, {""path"": ""repository/docs/CORRECTIONS.md"", ""line"": 6693, ""section"": ""115""}]","Is there a tuned non-meta baseline at all, and where does its learning rate peak?",24
MT015,1,Baseline comparisons,Test whether scheduling explains the baseline gap,"Fixed AdamW, MetaOptimize, AdamW cosine, SGDm cosine",Separate adaptation from scheduled learning-rate gains,Meta beats fixed AdamW by 1.551 pp; scheduled SGD wins by 1.807 pp.,success,The scheduled denominator changes the method comparison.,100 epochs; each selected peak; augmentation on; meta guard occupancy unavailable.,"[""i3a"", ""i3b"", ""i3c"", ""SW"", ""fxcos"", ""fx_adamw"", ""bl-sgd""]","[{""path"": ""repository/docs/MASTER-TABLE.md"", ""line"": 15, ""section"": null}, {""path"": ""repository/docs/CORRECTIONS.md"", ""line"": 6693, ""section"": ""115""}]",Is the method-vs-baseline gap caused by the cosine SCHEDULE?,24
MT016,1,Baseline comparisons,Validate the experimental harness,SGD momentum cosine against a registered accuracy band,Exclude a generally broken training harness,SGD reaches the expected band; the best primary cell is 95.124%.,success,A known reference recipe reproduces expected accuracy.,"R18/C10, 100 epochs, n=5 per learning rate.","[""bl-sgd"", ""i3b""]","[{""path"": ""repository/docs/MASTER-TABLE.md"", ""line"": 16, ""section"": null}, {""path"": ""repository/docs/CORRECTIONS.md"", ""line"": 6693, ""section"": ""115""}]","Does the experimental harness reproduce a known-good reference, i.e. is the deficit a property of the method rather than of our code?",24
MT017,1,Baseline comparisons,Close the baseline deficit with longer training,"Matched recipe families at 100, 300, 600 epochs",Test the short-horizon explanation,A roughly two-point deficit persists at 300 and 600 epochs.,fail,More training did not close this configured baseline deficit.,100-epoch historical series was initially mismatched; 300/600 matched AdamW recipes.,"[""bg300"", ""bg600"", ""fxcos"", ""SW""]","[{""path"": ""repository/docs/MASTER-TABLE.md"", ""line"": 17, ""section"": null}, {""path"": ""repository/docs/CORRECTIONS.md"", ""line"": 1121, ""section"": ""36""}, {""path"": ""repository/docs/CORRECTIONS.md"", ""line"": 6693, ""section"": ""115""}]",Does the deficit close if MetaOptimize is given a longer horizon (the parent paper's implicit defence)?,24
MT018,1,Baseline comparisons,Replicate baseline superiority across architecture sizes,Cosine and best available meta arms on R34/R50,Check whether the deficit is R18-specific,Cosine remains stronger on R34 and R50; R34 pooling is selection-inflated.,success,The baseline advantage survives the tested architecture changes.,"C10, 100 epochs; baseline only two learning rates on each target.","[""f5cos"", ""r34f"", ""r34r""]","[{""path"": ""repository/docs/MASTER-TABLE.md"", ""line"": 18, ""section"": null}, {""path"": ""repository/docs/CORRECTIONS.md"", ""line"": 6693, ""section"": ""115""}]",Does the baseline's win survive a change of architecture (is it an R18 accident)?,25
MT019,1,Baseline comparisons,Audit comparison fairness,"Budget, tuning allocation, augmentation, and paper configuration",Find unresolved denominator mismatches,Unaugmented CIFAR-10 is measured; method tuning and unaugmented CIFAR-100 remain limited.,unresolved,Two method alpha0 cells do not bracket its unaugmented optimum.,CAU1 completed; historical NOT SUBMITTED text is stale. No new training implied.,"[""pp"", ""PP"", ""ub9"", ""cau1""]","[{""path"": ""repository/docs/MASTER-TABLE.md"", ""line"": 19, ""section"": null}, {""path"": ""repository/docs/CORRECTIONS.md"", ""line"": 27020, ""section"": ""202""}, {""path"": ""repository/docs/CORRECTIONS.md"", ""line"": 27544, ""section"": ""204""}, {""path"": ""repository/docs/CORRECTIONS.md"", ""line"": 27973, ""section"": ""206""}]","Was the method-vs-baseline comparison FAIR (matched budget, matched search budget, the paper's own setup)?",25
MT020,1,Baseline comparisons,Test the unaugmented baseline deficit,Seven SGD rates versus two MetaOptimize initializations,Address the parent-paper augmentation objection,Unaugmented SGD beats the better registered meta cell by 3.617 pp.,success,The registered CIFAR-10 deficit survives without augmentation.,"CAU1, n=3 fresh seeds per arm, one batch, 100 epochs; ingest uncommitted.","[""cau1""]","[{""path"": ""repository/docs/MASTER-TABLE.md"", ""line"": 20, ""section"": null}, {""path"": ""repository/docs/CORRECTIONS.md"", ""line"": 27020, ""section"": ""202""}, {""path"": ""repository/docs/CORRECTIONS.md"", ""line"": 27973, ""section"": ""206""}]","Does the denominator survive in the parent paper's OWN, UNAUGMENTED setting -- does a TUNED non-meta baseline still beat MetaOptimize when `AUGMENT=0` on every arm (the last fairness objection with teeth, 202)?",25
MT026,2,Step-size granularity,Measure a partitioning benefit,Scalar and partitioned arms with shared versus tuned steps,Separate partition choice from meta-step tuning,Tuning greatly shrinks the scalar-layerwise gap; a small residual remains.,success,A scoped partition benefit survives tuning controls.,"R18/C10 SGDm/Lion, a0=1e-3; multi-batch census versus later within-batch controls.","[""ms"", ""rs"", ""mx"", ""cfr1""]","[{""path"": ""repository/docs/MASTER-TABLE.md"", ""line"": 26, ""section"": null}, {""path"": ""repository/docs/CORRECTIONS.md"", ""line"": 12973, ""section"": ""153""}]",Does a finer partition of the step size help at all?,26
MT027,2,Step-size granularity,Test tolerance to excessive meta steps,Each partition’s loss above its selected meta-step peak,Measure robustness beyond peak accuracy,Scalar loses more under excessive meta steps; the old nodewise slope is stale.,success,The ordering survives the registered primary-metric reanalysis.,Canonical C10 surface; some slopes depend on n=1 cells; clamp caveats remain.,"[""ms"", ""rs"", ""hz9"", ""tw0"", ""at1"", ""cfr1"", ""cfr2""]","[{""path"": ""repository/docs/MASTER-TABLE.md"", ""line"": 27, ""section"": null}, {""path"": ""repository/docs/CORRECTIONS.md"", ""line"": 12973, ""section"": ""153""}]",Is the granularity axis just a reparameterisation of the meta-stepsize axis?,26
MT028,2,Step-size granularity,Resolve accuracy differences among tuned partitions,"Layerwise, six-block, nodewise and weightwise at selected meta steps",Avoid ranking noise and mixed batch compositions,Small coarse-partition differences remain vulnerable to batch composition; weightwise is lower.,mixed,The old 0.254-point ranking lacked a balanced batch comparison.,C10; original nodewise peak n=1 was later expanded; no blanket partition tie.,"[""ms"", ""mx"", ""rs"", ""hz9"", ""tw0"", ""wm9""]","[{""path"": ""repository/docs/MASTER-TABLE.md"", ""line"": 28, ""section"": null}, {""path"": ""repository/docs/CORRECTIONS.md"", ""line"": 2928, ""section"": ""87""}, {""path"": ""repository/docs/CORRECTIONS.md"", ""line"": 6693, ""section"": ""115""}, {""path"": ""repository/docs/CORRECTIONS.md"", ""line"": 4975, ""section"": ""104""}]",Is the difference AMONG partitions (as opposed to partition-vs-none) resolvable?,26
MT029,2,Step-size granularity,Recover weightwise accuracy by tuning,wm9 weightwise meta-step ladder versus registered 92.2–92.9 band,Test whether mistuning explained the finest-partition deficit,wm9 peaks at 91.015%; every run misses the registered recovery band.,fail,The measured interior plateau stays below the recovery band.,"10 completed runs, n=2 at five steps; tw0 later closes 100-epoch guard caveat.","[""wm9"", ""tw0""]","[{""path"": ""repository/docs/MASTER-TABLE.md"", ""line"": 29, ""section"": null}, {""path"": ""repository/docs/CORRECTIONS.md"", ""line"": 4835, ""section"": ""103""}, {""path"": ""repository/docs/CORRECTIONS.md"", ""line"": 4975, ""section"": ""104""}]","Does per-weight granularity fail STRUCTURALLY, or does it recover under tuning?",26
MT030,2,Step-size granularity,Establish a base-optimizer interaction,"Granularity under SGDm, AdamW, and Lion at two initializations",Test the proposed coordinate-normalization explanation,Interaction depends on initialization; bo7 completed but does not establish a universal mechanism.,mixed,AdamW reverses at proper initialization; Lion also contradicts the mechanism.,100-epoch accuracy census and separate 20-epoch bo7 field measurement; never conflate.,"[""bo6"", ""bo7"", ""bo""]","[{""path"": ""repository/docs/MASTER-TABLE.md"", ""line"": 30, ""section"": null}, {""path"": ""repository/docs/CORRECTIONS.md"", ""line"": 4463, ""section"": ""101""}]",H4 — does granularity help under SGDm and do nothing under AdamW (the base-optimizer interaction)?,27
MT031,2,Step-size granularity,Explain catastrophic weightwise collapse,Lion versus Adam meta updates and beta guard,Separate runaway dynamics from residual partition weakness,Guarding removes catastrophic collapse; a sizable weightwise accuracy deficit remains.,success,The guard fixes collapse but not the measured accuracy loss.,R18/C10 a0=1e-6 ms=1e-3; not a universal claim across all tuning.,"[""g1"", ""d2"", ""d3"", ""d4""]","[{""path"": ""repository/docs/MASTER-TABLE.md"", ""line"": 31, ""section"": null}, {""path"": ""repository/docs/CORRECTIONS.md"", ""line"": 48, ""section"": ""4""}, {""path"": ""repository/docs/CORRECTIONS.md"", ""line"": 4835, ""section"": ""103""}, {""path"": ""repository/docs/CORRECTIONS.md"", ""line"": 4975, ""section"": ""104""}]",Why does per-weight granularity collapse to 10% accuracy — numerics or the method?,27
MT033,2,Step-size granularity,Flatten the fully tuned granularity ladder,Best observed meta step for all five partition scales,Include the previously missing weightwise rung,Completed wm9/tw0 refute a flat ladder; the weightwise rung stays lower.,fail,The finest partition fails to recover through the tested tuning.,The MASTER OPEN token predates wm9 and tw0; coarse rankings retain batch caveats.,"[""ms"", ""rs"", ""hz9"", ""wm9"", ""tw0"", ""at1""]","[{""path"": ""repository/docs/MASTER-TABLE.md"", ""line"": 33, ""section"": null}, {""path"": ""repository/docs/CORRECTIONS.md"", ""line"": 4667, ""section"": ""102""}, {""path"": ""repository/docs/CORRECTIONS.md"", ""line"": 4835, ""section"": ""103""}, {""path"": ""repository/docs/CORRECTIONS.md"", ""line"": 4975, ""section"": ""104""}, {""path"": ""repository/docs/CORRECTIONS.md"", ""line"": 6693, ""section"": ""115""}]",**Is the granularity ladder flat once EVERY rung sits at its own optimal ms?**,27
MT034,2,Step-size granularity,Validate shared-step attribution to partition choice,Nodewise minus layerwise at common versus individually tuned steps,Expose a tuning-induced change of sign,The contrast changes from +1.138 to −0.360 pp after tuning.,fail,A single shared meta step confounds the attribution.,"Shared control crosses batches, n=2 versus 2; use Welch, not paired inference.","[""hz9"", ""rs""]","[{""path"": ""repository/docs/MASTER-TABLE.md"", ""line"": 34, ""section"": null}, {""path"": ""repository/docs/CORRECTIONS.md"", ""line"": 4667, ""section"": ""102""}, {""path"": ""repository/docs/CORRECTIONS.md"", ""line"": 6693, ""section"": ""115""}]",Does a granularity contrast at a SHARED meta-stepsize measure the partition?,27
MT039,3,Training duration,Establish an optimal-granularity reversal over time,Layerwise versus nodewise through epochs 10–40,Connect partition preference to training horizon,The reversal holds at shared ms=1e-3; tuning reverses the trajectory.,mixed,The observation is real but the optimum interpretation does not survive.,"br6+bl5, seven within-batch differences, two ceilings; no independent budget randomization.","[""br6"", ""bl5"", ""hz9"", ""rs""]","[{""path"": ""repository/docs/MASTER-TABLE.md"", ""line"": 39, ""section"": null}, {""path"": ""repository/docs/CORRECTIONS.md"", ""line"": 2751, ""section"": ""86""}, {""path"": ""repository/docs/CORRECTIONS.md"", ""line"": 4667, ""section"": ""102""}, {""path"": ""repository/docs/CORRECTIONS.md"", ""line"": 6693, ""section"": ""115""}]",Does the accuracy-OPTIMAL granularity reverse as the training horizon grows?,28
MT040,3,Training duration,Generalize reversal shape and crossing time,Forty-one observed configuration cells across models and datasets,Check whether the crossing is universal,Rising differences occur in 24/29 eligible cells; crossing time does not generalize.,mixed,The direction is common within a stratum; timing varies.,27/41 all cells versus 24/29 adapting eligible cells; these are not new jobs.,"[""br6"", ""bl5"", ""fz"", ""fz3"", ""ff5"", ""p6f"", ""p7"", ""uc5"", ""p4""]","[{""path"": ""repository/docs/MASTER-TABLE.md"", ""line"": 40, ""section"": null}, {""path"": ""repository/docs/CORRECTIONS.md"", ""line"": 6693, ""section"": ""115""}]","Is the U-in-training-time shape general, and is the CROSSING EPOCH general?",28
MT041,3,Training duration,Preserve the reversal after meta-step tuning,Layerwise at 1e-4 versus nodewise at 3e-4,Test the main reversal’s tuning explanation,Nodewise starts ahead and declines to −0.360 pp; original reversal fails.,fail,"Registered T-B confirms the counterprediction, not the original headline.",hz9 plus licensed rs controls; n=5 versus 5 unpaired; ±0.50 endpoint materiality bar.,"[""hz9"", ""rs""]","[{""path"": ""repository/docs/MASTER-TABLE.md"", ""line"": 41, ""section"": null}, {""path"": ""repository/docs/CORRECTIONS.md"", ""line"": 4667, ""section"": ""102""}, {""path"": ""repository/docs/CORRECTIONS.md"", ""line"": 6693, ""section"": ""115""}]",Does the reversal survive letting EACH ARM sit at its own optimal meta-stepsize?,28
MT047,4,Initial-rate robustness,Measure fixed-step fragility,Constant AdamW across seven learning-rate cells,Provide a meaningful robustness denominator,Small fixed rates undertrain; lr=0.1 collapses in all three runs.,success,Fixed-step performance is strongly sensitive to the chosen rate.,"Seven points spanning five decades; small rate trains weakly, not literally zero learning.","[""i3a""]","[{""path"": ""repository/docs/MASTER-TABLE.md"", ""line"": 47, ""section"": null}, {""path"": ""repository/docs/CORRECTIONS.md"", ""line"": 1234, ""section"": ""41""}, {""path"": ""repository/docs/CORRECTIONS.md"", ""line"": 1121, ""section"": ""44""}]",Does a genuinely FIXED learning rate collapse at small initial step sizes (does the robustness claim have a denominator)?,29
MT048,4,Initial-rate robustness,Test robustness across initial learning rates,MetaOptimize across the same seven initializations,Evaluate the paper’s low-initialization robustness claim,Low-alpha0 accuracy stays near 91.6%; the highest-rate cell is not robust.,mixed,The low-end advantage holds; whole-grid flatness does not.,"R18/C10 AdamW/Adam six-block, augmented, n=3 per cell; guard caveat.","[""i3b""]","[{""path"": ""repository/docs/MASTER-TABLE.md"", ""line"": 48, ""section"": null}, {""path"": ""repository/docs/CORRECTIONS.md"", ""line"": 1121, ""section"": ""44""}, {""path"": ""repository/docs/CORRECTIONS.md"", ""line"": 6693, ""section"": ""115""}]","Is MetaOptimize flat over several decades of alpha0 (the parent paper's own claim, never tested here before)?",29
MT049,4,Initial-rate robustness,Improve robustness over scheduled training,Equal-weight grid means for meta and cosine,Avoid unstable threshold-width comparisons,Primary grid-mean advantage is 3.159 pp; six-cell sensitivity gives 4.680 pp.,success,The advantage survives both stated grid reductions.,Chosen grid conditional; cosine account/batch composition differs; legacy +5.094/+4.941 uses last20.,"[""i3a"", ""i3b"", ""i3c"", ""SW""]","[{""path"": ""repository/docs/MASTER-TABLE.md"", ""line"": 49, ""section"": null}, {""path"": ""repository/docs/CORRECTIONS.md"", ""line"": 1121, ""section"": ""44""}, {""path"": ""repository/docs/CORRECTIONS.md"", ""line"": 1398, ""section"": ""46""}, {""path"": ""repository/docs/CORRECTIONS.md"", ""line"": 1576, ""section"": ""52""}]","Against a TUNED SCHEDULE (not a constant LR), is MetaOptimize still more robust?",29
MT050,4,Initial-rate robustness,Test robustness at a longer budget,100 versus 300 epochs at four grid extremes,Check whether startup delay creates the robustness shape,The registered band comparison was stable on the matched extreme cells.,success,The selected long-budget follow-up did not reverse the registered reading.,"Only constant and meta arms, four alpha0 extremes, n=2 at 300; not full three-arm grid.","[""i3a"", ""i3b"", ""i3a300"", ""i3b300""]","[{""path"": ""repository/docs/MASTER-TABLE.md"", ""line"": 50, ""section"": null}, {""path"": ""repository/docs/CORRECTIONS.md"", ""line"": 1285, ""section"": ""42""}]",Is that robustness shape an artefact of a 100-epoch budget (arm B pays a startup tax at small alpha0)?,29
MT051,4,Initial-rate robustness,Audit threshold-based robustness claims,Three reductions of the same robustness runs,Detect verdict sensitivity to arbitrary thresholds,Three threshold-width verdicts reversed and were withdrawn.,correction,Shared-grid truncation and tiny threshold crossings changed the apparent width.,No new training; retain grid-mean result with explicit chosen-grid sensitivity.,"[""i3a"", ""i3b"", ""i3c"", ""SW""]","[{""path"": ""repository/docs/MASTER-TABLE.md"", ""line"": 51, ""section"": null}, {""path"": ""repository/docs/CORRECTIONS.md"", ""line"": 692, ""section"": ""38""}, {""path"": ""repository/docs/CORRECTIONS.md"", ""line"": 1234, ""section"": ""41""}, {""path"": ""repository/docs/CORRECTIONS.md"", ""line"": 935, ""section"": ""43""}, {""path"": ""repository/docs/CORRECTIONS.md"", ""line"": 1121, ""section"": ""44""}]",Earlier width-based readings of Idea 3 ('MetaOptimize is/is not flatter on threshold X'),30
MT057,5,Model and dataset scope,Transfer the granularity gain across model sizes,Scalar and layerwise on R10/R18/R34/R50,Locate architecture dependence of the original premise,The gap shrinks with scale and reverses for R50 at small alpha0.,mixed,The gain is strongly model-dependent at the shared meta step.,sc matched first-three-seed comparison; R50 sc50 n=2; all C10 and shared ms.,"[""sc"", ""sc50""]","[{""path"": ""repository/docs/MASTER-TABLE.md"", ""line"": 57, ""section"": null}, {""path"": ""repository/docs/CORRECTIONS.md"", ""line"": 6693, ""section"": ""115""}]",Does the granularity gain survive model scale?,31
MT058,5,Model and dataset scope,Reproduce the ResNet-50 layerwise deficit,R50 scalar versus layerwise at two initializations,Find a setting where layerwise loses,R50 layerwise loses 1.356 pp at 1e-6 but gains 1.130 at 1e-3.,mixed,Layerwise loses only at the smaller tested initialization.,sc50 n=2 per arm; later a2g3 completed and remained SPLIT/UNRESOLVED.,"[""sc50"", ""a2g3""]","[{""path"": ""repository/docs/MASTER-TABLE.md"", ""line"": 58, ""section"": null}, {""path"": ""repository/docs/CORRECTIONS.md"", ""line"": 10378, ""section"": ""141""}]",Is there ANY architecture where the parent paper's premise (layerwise loses to scalar) reproduces on CIFAR-10?,31
MT059,5,Model and dataset scope,Transfer granularity gains to CIFAR-100,"Scalar, six-block, layerwise at two initializations",Test dataset dependence of partition ordering,Large fixed-step gaps replicate; six-block/layerwise ordering changes relative to CIFAR-10.,success,The gap transfers while the partition ordering is dataset-dependent.,"c100+c100b n=5 each; shared ms=1e-3, not individually tuned target optima.","[""c100"", ""c100b""]","[{""path"": ""repository/docs/MASTER-TABLE.md"", ""line"": 59, ""section"": null}, {""path"": ""repository/docs/CORRECTIONS.md"", ""line"": 6693, ""section"": ""115""}]","Does granularity transfer to a second dataset (CIFAR-100), and does the ORDERING transfer?",31
MT060,5,Model and dataset scope,Audit the claimed cost of finer partitions,"Correct six-block, layerwise, nodewise, weightwise labels",Check a consequential ordering error,Six-block was mislabeled finer; nodewise beats layerwise and weightwise loses.,correction,The claimed 17.2-point cost compared a coarser partition.,C100 a0=1e-3; c100f node/weight n=3; layerwise controls cross batches.,"[""c100"", ""c100b"", ""c100f""]","[{""path"": ""repository/docs/MASTER-TABLE.md"", ""line"": 60, ""section"": null}, {""path"": ""repository/docs/CORRECTIONS.md"", ""line"": 4126, ""section"": ""97""}]",'Finer than layerwise costs 17.2 pp on CIFAR-100',31
MT061,5,Model and dataset scope,Separate startup delay from partition performance,Initialization ladders at 20 and 100 epochs,Check whether short runs exaggerate granularity effects,Startup effects are large; 100-epoch differences remain at the tested shared step.,mixed,The 20-epoch design also changes pooling and has one seed.,p2/p3 n=1; a0L 100-epoch n=2; explicitly separate shrink and plain arms.,"[""p2"", ""p3"", ""a0L"", ""a0h""]","[{""path"": ""repository/docs/MASTER-TABLE.md"", ""line"": 61, ""section"": null}, {""path"": ""repository/docs/CORRECTIONS.md"", ""line"": 76, ""section"": ""8""}, {""path"": ""repository/docs/CORRECTIONS.md"", ""line"": 241, ""section"": ""12""}]",Is the granularity result an alpha0=1e-6 startup artefact?,32
MT062,5,Model and dataset scope,Erase the granularity gap with training time,"Windows at epochs 100, 205, 300 on identical trajectories",Test a pure acceleration explanation,Granularity remains near 3.4 pp; shrink benefits attenuate strongly.,fail,The longer shared-step trajectory does not erase the partition gap.,"e300 n=2; windows from the same 300-epoch runs, not independent budgets.","[""e300"", ""e3a""]","[{""path"": ""repository/docs/MASTER-TABLE.md"", ""line"": 62, ""section"": null}, {""path"": ""repository/docs/CORRECTIONS.md"", ""line"": 48, ""section"": ""4""}]",Is granularity a SPEED effect that a longer budget erases (the reading of the parent paper's ImageNet null)?,32
MT063,5,Model and dataset scope,Verify pooling inversion and scalar crossover,Reaudit horizon tables using matched primary windows,Check a previously promoted headline,Neither inversion nor scalar crossover survives the corrected stratification and metric.,correction,"Best-test selection, mixed initialization, and mislabeled operators created the headline.",No zpool 300-epoch runs; additive and shrink must keep their actual operator labels.,"[""e300"", ""e3a""]","[{""path"": ""repository/docs/MASTER-TABLE.md"", ""line"": 63, ""section"": null}, {""path"": ""repository/docs/CORRECTIONS.md"", ""line"": 7, ""section"": ""1""}, {""path"": ""repository/docs/CORRECTIONS.md"", ""line"": 48, ""section"": ""4""}]","'Pooling gains INVERT between 100 and 300 epochs, and scalar overtakes plain layerwise' — once called the strongest result in the project",32
MT069,6,Proposed fixes,Beat the tuned baseline with a cosine prior,Idea-1 meta arms and their available controls,Combine adaptation with explicit annealing,Idea 1 missed its stopping-rule baseline; its exact schedule remains unidentified.,fail,Accuracy did not clear the registered baseline requirement.,"I1, n=3 per main arm, 100 epochs; no saved schedule specification.","[""I1""]","[{""path"": ""repository/docs/MASTER-TABLE.md"", ""line"": 69, ""section"": null}, {""path"": ""repository/docs/CORRECTIONS.md"", ""line"": 837, ""section"": ""29""}, {""path"": ""repository/docs/CORRECTIONS.md"", ""line"": 935, ""section"": ""32""}]",IDEA 1 — put a cosine prior on the learned step size: alpha_t = cosine(t) * exp(beta_t),33
MT070,6,Proposed fixes,Choose partitions using tensor correlation,Measured adjacent versus random tensor sign agreement,Find a predictive partition-selection signal,The powered tensor-level correlation contrast was null; the direction was abandoned.,fail,The signal needed by the proposed partition rule was absent.,kt2 existing 100-epoch weightwise runs; coordinate-level null underpowered; zero additional training.,"[""kt2""]","[{""path"": ""repository/docs/MASTER-TABLE.md"", ""line"": 70, ""section"": null}, {""path"": ""repository/docs/CORRECTIONS.md"", ""line"": 935, ""section"": ""32""}, {""path"": ""repository/docs/CORRECTIONS.md"", ""line"": 963, ""section"": ""33""}]",IDEA 2 — choose the partition from MEASURED meta-gradient correlation between tensors,33
MT071,6,Proposed fixes,Find a tunable shrinkage strength,Per-step M0 shrink across a lambda ladder,Implement partial hierarchical pooling,The operator saturates; the alleged tunable pooling interpretation was withdrawn.,correction,Per-step application turns most tested lambdas into near-full shrinkage.,Primary ladder available separately; historical best_test improvements are not primary evidence.,"[""h2"", ""lp"", ""a0L""]","[{""path"": ""repository/docs/MASTER-TABLE.md"", ""line"": 71, ""section"": null}, {""path"": ""repository/docs/CORRECTIONS.md"", ""line"": 39, ""section"": ""3""}, {""path"": ""repository/docs/CORRECTIONS.md"", ""line"": 48, ""section"": ""4""}]","M0 SHRINK — pull each group's beta toward the group mean every step, with a tunable coefficient lambda",33
MT072,6,Proposed fixes,Close the weightwise deficit with pooling,"Shrink, additive, and zpool weightwise controls",Rescue the finest partition using shared information,zpool rescues weightwise accuracy but still misses the stronger coarse partitions.,fail,"A rescue exists, but it does not close the competitive deficit.",R18/C10 a0=1e-6; operator-specific directions differ and must remain separated.,"[""hs"", ""n1"", ""zsw"", ""zsx""]","[{""path"": ""repository/docs/MASTER-TABLE.md"", ""line"": 72, ""section"": null}, {""path"": ""repository/docs/CORRECTIONS.md"", ""line"": 39, ""section"": ""3""}, {""path"": ""repository/docs/CORRECTIONS.md"", ""line"": 598, ""section"": ""21""}]",Does pooling CLOSE the per-weight deficit?,33
MT073,6,Proposed fixes,Find an interior additive optimum,Layerwise additive r curve against both endpoints,Test whether partial sharing improves accuracy,A local interior optimum exists; g4m preserves +0.821 pp after meta-step optimization.,success,The later joint sweep defeats the pure meta-step explanation.,Small-alpha0 R18/C10 setting; additive benefit is not proof of original two-level proposal.,"[""ad"", ""mx"", ""sc"", ""g4m""]","[{""path"": ""repository/docs/MASTER-TABLE.md"", ""line"": 73, ""section"": null}, {""path"": ""repository/docs/CORRECTIONS.md"", ""line"": 10378, ""section"": ""141""}]",M1 ADDITIVE — is there an INTERIOR pooling optimum (partial pooling beating both endpoints)?,34
MT074,6,Proposed fixes,Validate the additive pooling interpretation,Additive and true-pooling endpoint controls across granularities,Test whether r is the claimed sharing mechanism,Additive endpoints are not true pooling; the “merely meta-step” explanation was later refuted.,correction,g4m overturns one explanation without validating the original operator interpretation.,Separate algebraic endpoint failure from empirically rejected pure-ms explanation.,"[""ad"", ""zsw"", ""zsx"", ""g4m""]","[{""path"": ""repository/docs/MASTER-TABLE.md"", ""line"": 74, ""section"": null}, {""path"": ""repository/docs/CORRECTIONS.md"", ""line"": 598, ""section"": ""21""}, {""path"": ""repository/docs/CORRECTIONS.md"", ""line"": 10378, ""section"": ""141""}]",Is M1's r actually a POOLING dial (the mechanism the whole hierarchical story rests on)?,34
MT075,6,Proposed fixes,Improve accuracy through true full pooling,zpool r=0 versus plain layerwise,Test the claimed full-pooling benefit directly,True full pooling reduces accuracy by about three points.,fail,"The earlier positive endpoint was an additive arm, not true pooling.","Use within-zsw endpoint contrast or explicit pooled controls, never mix their effect estimates.","[""zsw"", ""zsx""]","[{""path"": ""repository/docs/MASTER-TABLE.md"", ""line"": 75, ""section"": null}, {""path"": ""repository/docs/CORRECTIONS.md"", ""line"": 598, ""section"": ""21""}]","Does FULL pooling help (+1.39 pp), as carried in the handoff doc?",34
MT076,6,Proposed fixes,Establish a competitive tuned pooling method,Additive and plain controls with meta-step tuning,Check whether another hyperparameter buys accuracy,Older partial tuning favored plain; g4m later preserves a local additive advantage.,mixed,The original broad domination claim did not test the joint sweep.,No conclusion of universal pooling dominance; neither local result clears tuned non-meta baseline.,"[""ms"", ""ac"", ""g4m""]","[{""path"": ""repository/docs/MASTER-TABLE.md"", ""line"": 76, ""section"": null}, {""path"": ""repository/docs/CORRECTIONS.md"", ""line"": 692, ""section"": ""24""}, {""path"": ""repository/docs/CORRECTIONS.md"", ""line"": 10378, ""section"": ""141""}]","Even taking the curve at face value, is pooling worth doing?",34
MT077,6,Proposed fixes,Preserve the additive optimum at proper initialization,Additive r curves at alpha0=1e-6 and 1e-3,Test dependence on slow initial learning,Most interior gain disappears; the whole curve does not become flat.,fail,The remaining local improvement misses the stated materiality threshold.,ac plus exactly matched earlier controls; multiple batch families; r=1 still substantially lower.,"[""ac""]","[{""path"": ""repository/docs/MASTER-TABLE.md"", ""line"": 77, ""section"": null}, {""path"": ""repository/docs/CORRECTIONS.md"", ""line"": 6693, ""section"": ""115""}]",Does the M1 interior optimum survive a non-crippled initialisation?,35
MT078,6,Proposed fixes,Transfer the additive optimum,"r curves across architecture, dataset, and initialization",Test whether the local optimum supports a general method,R10/R34 small-alpha0 optima exist; C100 fails; R50 follow-up remains unresolved.,mixed,Transfer is conditional; the old “nowhere” claim is false.,R34 a0=1e-3 still lacks a full curve; a2g3 36 runs completed.,"[""r10"", ""r10b"", ""r10c"", ""r34r"", ""r34f"", ""rc100"", ""a2g3""]","[{""path"": ""repository/docs/MASTER-TABLE.md"", ""line"": 78, ""section"": null}, {""path"": ""repository/docs/CORRECTIONS.md"", ""line"": 6693, ""section"": ""115""}, {""path"": ""repository/docs/CORRECTIONS.md"", ""line"": 10378, ""section"": ""141""}]",Does the M1 optimum transfer to another architecture or dataset?,35
MT079,6,Proposed fixes,Improve good partitions with meta-gradient pooling,zpool r sweeps for layerwise and weightwise,Test a true-pooling alternative to additive updates,Weightwise is rescued; layerwise shows no material interior improvement.,mixed,"The benefit is a fine-partition rescue, with interior step-size confounding.","zpool 100-epoch ladder; zmpool only four 20-epoch endpoint checks, not a full sweep.","[""zsw"", ""zsx"", ""zmpool""]","[{""path"": ""repository/docs/MASTER-TABLE.md"", ""line"": 79, ""section"": null}, {""path"": ""repository/docs/CORRECTIONS.md"", ""line"": 405, ""section"": ""15""}, {""path"": ""repository/docs/CORRECTIONS.md"", ""line"": 598, ""section"": ""21""}]",Does pooling in META-GRADIENT space (the confound-free operator) have an interior optimum?,35
MT080,6,Proposed fixes,Identify a scaling law for optimal r,R10/R18/R34 argmaxes versus parameter count,Predict the sharing setting from model size,"Argmaxes decrease with size, but batch noise and grid resolution prevent a scaling law.",unresolved,Cross-family peak margins are below the measured batch floor.,Small alpha0 only; proper initialization breaks the trend; no further compute was recommended.,"[""r10"", ""r10b"", ""r34r"", ""r34f"", ""ac""]","[{""path"": ""repository/docs/MASTER-TABLE.md"", ""line"": 80, ""section"": null}, {""path"": ""repository/docs/CORRECTIONS.md"", ""line"": 6693, ""section"": ""115""}, {""path"": ""repository/docs/CORRECTIONS.md"", ""line"": 10378, ""section"": ""141""}]",Is there a scale law for the pooling optimum (r* ~ 1/N)?,35
MT086,7,Meta-gradient measurements,Check the claimed excess sign agreement,Layerwise and weightwise agreement vs their own independence nulls,Avoid mixing group counts and null expectations.,53.1% belongs to 62 groups; its independence expectation is 55.07%.,correction,The published sentence combined the wrong arm and wrong null.,"R18/C10 sign probes. Weightwise agreement is 50.005–50.028%, not 53.1%; null depends on coordinate count. Later correlation measurements use a different, calibrated variance instrument; this correction does not imply independence.","[""mx_sig"", ""kt2""]","[{""path"": ""repository/docs/MASTER-TABLE.md"", ""line"": 86}, {""reference"": ""CORRECTIONS 26"", ""path"": ""repository/docs/CORRECTIONS.md"", ""line"": 737}, {""reference"": ""CORRECTIONS 34"", ""path"": ""repository/docs/CORRECTIONS.md"", ""line"": 1017}, {""reference"": ""CORRECTIONS 98.6"", ""path"": ""repository/docs/CORRECTIONS.md"", ""line"": 4226}]",Do per-weight meta-gradients agree in sign far more than independence allows? ('53.1% of 11.17M against a null of 50.0000 +-0.0015%'),36
MT087,7,Meta-gradient measurements,Test inverse-square-root noise averaging,Measured drift slopes vs the square-root averaging prediction,Check the campaign's noise-averaging premise.,Directional evidence conflicts with square-root averaging; censored slope magnitudes remain unquotable.,fail,The measured scaling does not match the registered expectation.,"Keep drift versus group count and drift versus group size separate. Some numerical slopes include Lion-censored points; do not plot them as clean estimates. The one contrary two-point R10 startup subspan is retained. This is a test of the campaign's premise, not a refutation of Adam-mini, Adalayer, or SGG.","[""p7"", ""p9"", ""p6f""]","[{""path"": ""repository/docs/MASTER-TABLE.md"", ""line"": 87}, {""reference"": ""CORRECTIONS 17"", ""path"": ""repository/docs/CORRECTIONS.md"", ""line"": 464}, {""reference"": ""CORRECTIONS 87.1"", ""path"": ""repository/docs/CORRECTIONS.md"", ""line"": 2928}]",Does meta-gradient noise average down like 1/sqrt(N) as the partition gets finer (the premise coarse partitions are sold on)?,36
MT088,7,Meta-gradient measurements,Detect correlation after step sizes adapt,Frozen vs free beta at the same R18 configuration,Test whether dependence survives adaptation.,"Adapted correlation remains measurable: 8.458e-8, independently replicated at 8.888e-8.",success,The adapted estimate exceeds its own resolution floor.,"R18/C10, alpha0=1e-3, steady half of 20 epochs. CORRECTIONS34 matched pair: fz-w-a3 n=5 versus p7-r18-w n=10; rho_s 1.925e-6 versus 8.458e-8. CORRECTIONS47's 8.888e-8 is a separate fr5 replication and must not inherit n=10. Pooled-floor estimates are lower bounds. Published channel percentages do not sum to 100%; do not make a normalized stacked chart from them.","[""fz"", ""p7"", ""fr5""]","[{""path"": ""repository/docs/MASTER-TABLE.md"", ""line"": 88}, {""reference"": ""CORRECTIONS 34"", ""path"": ""repository/docs/CORRECTIONS.md"", ""line"": 1017}, {""reference"": ""CORRECTIONS 47"", ""path"": ""repository/docs/CORRECTIONS.md"", ""line"": 634}, {""reference"": ""CORRECTIONS 52(2a)"", ""path"": ""repository/docs/CORRECTIONS.md"", ""line"": 1576}]",Are per-weight meta-gradients correlated AT THE ADAPTED OPERATING POINT (not just off-equilibrium)?,36
MT089,7,Meta-gradient measurements,Measure effective independence across model and dataset families,Free vs frozen beta across four architecture/dataset combinations,Quantify dependence at the adapted operating point.,"Under SGDm, per-weight effective independence retains 16–55% over epochs 10–20.",success,The fraction remains below independence across all four tested families.,"Variance-derived N_eff/m = 1/[1+(m-1)rho_s], dimensionless effective-independence fraction, not signal percentage. SGDm base, 20-epoch runs, steady half; free 0.163/0.481/0.552/0.305 for R10/R18/R34/C100. Later AdamW, longer-window and cc1 tests defeat universal or predictive interpretations.","[""fz3"", ""p5"", ""ff5"", ""ml5"", ""cl5"", ""uc5"", ""uc6""]","[{""path"": ""repository/docs/MASTER-TABLE.md"", ""line"": 89}, {""reference"": ""CORRECTIONS 68"", ""path"": ""repository/docs/CORRECTIONS.md"", ""line"": 2057}, {""reference"": ""CORRECTIONS 86.1"", ""path"": ""repository/docs/CORRECTIONS.md"", ""line"": 2751}, {""reference"": ""CORRECTIONS 101.2"", ""path"": ""repository/docs/CORRECTIONS.md"", ""line"": 4463}, {""reference"": ""CORRECTIONS 110.2"", ""path"": ""repository/docs/CORRECTIONS.md"", ""line"": 5947}]",How much of the independent information their count implies do per-weight meta-gradients actually carry? (N_eff/m),36
MT090,7,Meta-gradient measurements,Preserve effective independence in later training windows,Epochs 10–20 vs 20–40 at each granularity,Check whether early measurements describe later training.,Nodewise and weightwise decline; layerwise change remains unresolved.,fail,The effective-independence fraction changes substantially in the finer partitions.,"R18/C10; br6 n=4 per rung, all 12 seeds box-free. Changes are -0.0359/-0.1260/-0.3556 for layer/node/weight. Layerwise is a resolution-limited bound, not evidence of stationarity. No budget-coupled schedule exists: this is a window/time contrast, not an independent causal budget intervention.","[""cl5"", ""bl5"", ""br6""]","[{""path"": ""repository/docs/MASTER-TABLE.md"", ""line"": 90}, {""reference"": ""CORRECTIONS 77"", ""path"": ""repository/docs/CORRECTIONS.md"", ""line"": 2405}, {""reference"": ""CORRECTIONS 86.1"", ""path"": ""repository/docs/CORRECTIONS.md"", ""line"": 2751}]","Is N_eff/m stationary in training time, or is the headline a 20-epoch sentence?",37
MT091,7,Meta-gradient measurements,Keep effective-independence measurements robust to guard changes,Published guard boxes vs measured box-free configurations,Test whether clipping creates the measurement headline.,Box removal changes N_eff/m only −0.006 to +0.024 across four families.,success,All shifts stay within the registered measurement tolerance.,"20 epochs; tested configurations only. Box-free family fractions: R10 .1571, R18 .5045, R34 .5474, C100 .3124. R18 four-box span .076 against historical .10 tolerance. Do not generalize the row's '+.027 pp accuracy-neutral' aside: fa1 and later audits show accuracy effects depend on recipe, bound and horizon.","[""cl5"", ""uc5"", ""uc6"", ""wc5""]","[{""path"": ""repository/docs/MASTER-TABLE.md"", ""line"": 91}, {""reference"": ""CORRECTIONS 68"", ""path"": ""repository/docs/CORRECTIONS.md"", ""line"": 2057}, {""reference"": ""CORRECTIONS 113"", ""path"": ""repository/docs/CORRECTIONS.md"", ""line"": 6372}, {""reference"": ""CORRECTIONS 117.1"", ""path"": ""repository/docs/CORRECTIONS.md"", ""line"": 6962}, {""reference"": ""CORRECTIONS 148.6"", ""path"": ""repository/docs/CORRECTIONS.md"", ""line"": 10305}]",Is N_eff/m an artefact of the BETA_CLIP guard box every run sits inside?,37
MT092,7,Meta-gradient measurements,Test gradual adaptation of the correlation profile,Frozen beta vs two valid meta-step settings,Distinguish a gradual response from a switch.,N_eff/m rises 0.042 → 0.129 → 0.481 as meta-step increases.,success,The intermediate setting lands between the two endpoint profiles.,"R18/C10, ml5, 20 epochs, n=3 per rung. Profile exponent .343→.219→.081 and k=1 suppression 1→3.37→21.09. The ms=1e-2 rung is guard-dominated and excluded from this conclusion. 'High-pass' describes scale-selective measured suppression, not an established causal theory of optimization.","[""ml5"", ""p5""]","[{""path"": ""repository/docs/MASTER-TABLE.md"", ""line"": 92}, {""reference"": ""CORRECTIONS 58 supersedes CORRECTIONS 53"", ""path"": ""repository/docs/CORRECTIONS.md"", ""line"": 1769}]",Is a step-size adapter a HIGH-PASS FILTER on meta-gradient correlation — and is it a dial or a switch?,37
MT093,7,Meta-gradient measurements,Verify short-range correlation beyond estimator artifacts,Corrected scale profiles vs exchangeable and independence models,Remove heterogeneity before interpreting the profile.,Frozen-beta profiles fall 16.6–264.6× across the four tested families.,success,The falling profiles survive the corrected independence floor.,"Off-equilibrium/frozen beta, 20 epochs, n=2 per arm. rho_w is an implied sign-correlation parameter, not marginal-sign E(u). Steady R18 corrected span69.3 versus uncorrected165.5. Free-beta profiles flatten; R10 free exchangeability is undecided at7.8× rather than universally accepted. Do not call the shape dataset- or architecture-independent beyond these four combinations.","[""p5"", ""fz3"", ""fr5"", ""ff5""]","[{""path"": ""repository/docs/MASTER-TABLE.md"", ""line"": 93}, {""reference"": ""CORRECTIONS 45"", ""path"": ""repository/docs/CORRECTIONS.md"", ""line"": 1362}, {""reference"": ""CORRECTIONS 47"", ""path"": ""repository/docs/CORRECTIONS.md"", ""line"": 634}, {""reference"": ""CORRECTIONS 50"", ""path"": ""repository/docs/CORRECTIONS.md"", ""line"": 1522}, {""reference"": ""CORRECTIONS 59"", ""path"": ""repository/docs/CORRECTIONS.md"", ""line"": 1811}]","Off the meta-optimum, does the correlation have a RANGE (short-range, channel-scaled) or is the falling profile an estimator artefact?",37
MT094,7,Meta-gradient measurements,Test whether row means represent within-row structure,Observed row structure vs size-preserving within-tensor regrouping nulls,Test the quantity a rowwise meta-step aggregates.,Most marginal-sign variation remains within rows; clean row means explain very little.,fail,The measured structure is poorly represented by the row means.,"58 weightwise plus67 nodewise arms, multiple regimes. The measured object is meta-gradient z, not the training gradient G from Adam-mini. Distinguish total across-tensor variation from within-tensor row variation; R_tensor_cor86.88–97.06% does not say rows are individually identifiable.","[""c59 corpus: 13 families""]","[{""path"": ""repository/docs/MASTER-TABLE.md"", ""line"": 94}, {""reference"": ""CORRECTIONS 88.5"", ""path"": ""repository/docs/CORRECTIONS.md"", ""line"": 3064}, {""reference"": ""CORRECTIONS 88.16"", ""path"": ""repository/docs/CORRECTIONS.md"", ""line"": 3064}, {""reference"": ""CORRECTIONS 89.3"", ""path"": ""repository/docs/CORRECTIONS.md"", ""line"": 3207}]",Adam-mini's ACTUAL premise: does the row mean represent its row (so a per-row step size is a good approximation)?,38
MT095,7,Meta-gradient measurements,Find reproducible architecture-linked row structure,"Anomalous vs clean runs, then row identity across seeds",Separate real within-run structure from stable row identity.,"Anomalous runs have real structure, but the responsible row identities do not reproduce.",mixed,Within-run structure is strong; cross-seed identity stays near its null.,Conv-only R_row_cor7.216–49.412% in10 exceptional arms versus0–.448% clean; no dead-coordinate saturation in58 arms. Alternative hypotheses H_A and H_C fail. Coordinate time-series mechanism remains unmeasured; tensor-mean reconstruction was null and does not substitute for it.,"[""c60 corpus: 58 weightwise arms"", ""cp9""]","[{""path"": ""repository/docs/MASTER-TABLE.md"", ""line"": 95}, {""reference"": ""CORRECTIONS 89"", ""path"": ""repository/docs/CORRECTIONS.md"", ""line"": 3207}, {""reference"": ""CORRECTIONS 90"", ""path"": ""repository/docs/CORRECTIONS.md"", ""line"": 3320}, {""reference"": ""bin/c61_coord_probe.sh""}]","Do 10 anomalous arms carry genuine conv-row structure, and is it architectural or dynamical?",38
MT096,7,Meta-gradient measurements,Detect a coherent convolution-filter interaction,Output–input channel interaction vs a within-tensor permutation null,Distinguish a filter object from additive channel effects.,All 50 clean arms miss the 1.10 interaction threshold.,fail,Measured interaction ratios span only 0.811–1.041.,"F_int is a sum-of-squares ratio, dimensionless. Small-scale marginal structure remains, but a coherent3×3 filter interaction is not detected. The original blanket 'no filter object exists' should be written as a scoped failure of this registered interaction test. DONE; no rerun requested.","[""c62/c63 corpus""]","[{""path"": ""repository/docs/MASTER-TABLE.md"", ""line"": 96}, {""reference"": ""CORRECTIONS 91.6"", ""path"": ""repository/docs/CORRECTIONS.md"", ""line"": 3403}, {""reference"": ""CORRECTIONS 92.2"", ""path"": ""repository/docs/CORRECTIONS.md"", ""line"": 283}, {""reference"": ""CORRECTIONS 93.5"", ""path"": ""repository/docs/CORRECTIONS.md"", ""line"": 3652}]",Is the 3x3 convolution FILTER a coherent structural object in the meta-gradient field?,38
MT097,7,Meta-gradient measurements,Locate a stable scale of marginal sign structure,Field block-size curves across trajectory and meta-step settings,Check whether the measured scale survives changed dynamics.,Peaks cluster within one rung; four clean arms remain bounded by the ladder edge.,mixed,"Location is stable at tested resolution, but not fully bracketed.","E(u) measures excess explained marginal-sign variance in convolution tensors, not temporal correlation. 19 trajectory entries plus14 meta-step entries contain32 unique runs (ml5/probe_w_m2_s0 repeats). Four clean peaks at1/1024 are lower-edge bounds. The clean meta-step amplitude ratio1.524 narrowly passes1.50 without the invalid1e-2 rung; the415× range includes that rung. Free coarse-granularity coordinate fields remain unmeasured.","[""p5"", ""fz3"", ""ff5"", ""cl5"", ""ml5"", ""bo6"", ""ns5""]","[{""path"": ""repository/docs/MASTER-TABLE.md"", ""line"": 97}, {""reference"": ""CORRECTIONS 95.3–95.8"", ""path"": ""repository/docs/CORRECTIONS.md"", ""line"": 3885}, {""reference"": ""CORRECTIONS 96.2"", ""path"": ""repository/docs/CORRECTIONS.md"", ""line"": 3982}, {""reference"": ""results/c63_uladder.json""}, {""reference"": ""results/c67_ms_axis.json""}]","Where in block size is the meta-gradient field's structure maximal, and is that location trajectory-invariant?",38
MT098,7,Meta-gradient measurements,Predict useful partitions from field measurements,Field-preferred scales and effective independence vs measured accuracy,Test whether a measurement can guide partition choice.,The scale bridge fails; later cc1 shows anti-concordance and dissociation.,fail,Better field readings do not consistently produce better accuracy.,"Historical K2 is20/21, with post-hoc resolved-only14/14; these must retain their original legacy-plateau provenance. The16/21 layerwise peaks and5.41-decade estimate are superseded by k=5 reanalysis: retain only≥2.71 decades/512× separation from the best region. Later registered cc1 (100ep,n=3,all12 box-free) directly rejects N_eff/m as a sufficient accuracy predictor.","[""c65 corpus"", ""cc1""]","[{""path"": ""repository/docs/MASTER-TABLE.md"", ""line"": 98}, {""reference"": ""CORRECTIONS 96.6–96.8"", ""path"": ""repository/docs/CORRECTIONS.md"", ""line"": 3982}, {""reference"": ""CORRECTIONS 110.2"", ""path"": ""repository/docs/CORRECTIONS.md"", ""line"": 5947}, {""reference"": ""CORRECTIONS 117.4"", ""path"": ""repository/docs/CORRECTIONS.md"", ""line"": 6962}]",THE BRIDGE — does 'the field has structure at scale X' imply 'partition at scale X' (the only way the measurement line becomes a method)?,39
MT099,7,Meta-gradient measurements,Explain the late-training correlation rebound,Original clipping vs box-free repeats and beta-velocity evidence,Test two proposed sources of the late rebound.,Rebound persists after unclipping; its cause remains unexplained.,unresolved,Both tested mechanisms fail; no third mechanism was registered.,"R10/C10 andR18/C100,20epochs,n=2. Rebound2.690→2.701 and2.577→2.583 while Q4 occupancy100%→0%. Scientifically unresolved, operationally closed by the historical CLOSEOUT9b decision; it is not a queued registered follow-up.","[""ff5"", ""uc5"", ""uc6""]","[{""path"": ""repository/docs/MASTER-TABLE.md"", ""line"": 99}, {""reference"": ""CORRECTIONS 69"", ""path"": ""repository/docs/CORRECTIONS.md"", ""line"": 2093}, {""reference"": ""CORRECTIONS 115"", ""path"": ""repository/docs/CORRECTIONS.md"", ""line"": 6693}, {""reference"": ""docs/CLOSEOUT.md item9b""}]",What causes the late-training (Q4) rebound in per-weight correlation?,39
MT100,7,Meta-gradient measurements,Verify the exponent contrast with independent estimators,"Raw agreement, debiased agreement, and variance on matched runs",Test whether estimator bias drives the contrast.,Corrected instruments agree near 0.18; the raw 0.343 gap was overstated.,success,The direction survives two instruments after removing their bias mismatch.,"p5 versusfr5,R18/C10,n=2–3,20epochs. s is slope log10(N_eff) versuslog10(m), dimensionless. Raw/debiased/variance gaps .343/.178/.188. Historical.343 is retained only as a crossed-out correction example, never as the current effect. Do not compare s across families or instruments.","[""p5"", ""fr5""]","[{""path"": ""repository/docs/MASTER-TABLE.md"", ""line"": 100}, {""reference"": ""CORRECTIONS 55"", ""path"": ""repository/docs/CORRECTIONS.md"", ""line"": 1685}, {""reference"": ""CORRECTIONS 56"", ""path"": ""repository/docs/CORRECTIONS.md"", ""line"": 1712}]",Does the frozen-vs-free scaling exponent contrast survive a change of estimator?,39
MT102,7,Meta-gradient measurements,Test span against time and meta-step explanations,Matched time or meta-step with different adaptation spans,Separate elapsed training from the measured adaptation extent.,Span separates the resolved orderings; two of eight cells remain undecided.,success,sp8 breaks the earlier time-versus-span confound.,"Scope is an observed ordering under SGDm, not a causal law. Span uses the c55 three-rung steady-half beta-range definition in natural-log units. Weightwise is the minimum below about 6.3 AND above about 17.5; nodewise occupies an interior 8.9–12.6 band. sp8 at 40 epochs has span 9.96 and a nodewise minimum. cl5 cD is excluded; bf9 cannot extend the band to 80 epochs.","[""ns5"", ""uc5"", ""uc6"", ""cl5"", ""br6"", ""sp8""]","[{""path"": ""repository/docs/MASTER-TABLE.md"", ""line"": 102}, {""reference"": ""CORRECTIONS 101.9"", ""path"": ""repository/docs/CORRECTIONS.md"", ""line"": 4463}, {""reference"": ""CORRECTIONS 103.4"", ""path"": ""repository/docs/CORRECTIONS.md"", ""line"": 4835}, {""reference"": ""results/c63_span_reconcile.txt""}]","Does the argmin of N_eff/m track BUDGET, or ADAPTATION EXTENT (span)?",39
MT103,7,Meta-gradient measurements,Preserve partition ordering across base optimizers,SGDm vs AdamW with the same three granularities,Test whether the early ordering transfers.,AdamW reverses the SGDm ordering: weightwise becomes least effectively independent.,fail,The smallest fraction moves from nodewise to weightwise.,"bo7: 12 runs, 20 epochs, 12/12 box-free. AdamW values pooled across validated ceilings are layer/node/weight = .43608/.11432/.01725; the SGDm reference is .7258/.4016/.5045. These are fractions, not total information. AdamW meta-step and alpha0 are untuned: this is one operating point. The separate H4 accuracy interaction question is not this completed measurement test.","[""bo7"", ""cl5""]","[{""path"": ""repository/docs/MASTER-TABLE.md"", ""line"": 103}, {""reference"": ""CORRECTIONS 101.2–101.3 supersedes the suspended sentence"", ""path"": ""repository/docs/CORRECTIONS.md"", ""line"": 4463}, {""reference"": ""results/c71_bd7_bo7_score.txt""}]",Does the N_eff/m ordering across partitions depend on the BASE optimizer?,40
MT108,8,Measurement checks,Compare equal metric windows across training budgets,Legacy last-20 averages vs explicit last-five accuracy,Prevent learning speed from masquerading as final accuracy.,The 20-epoch gap shrinks from 1.67 to 0.07 pp under matched windows.,correction,Legacy plateau averages the entire 20-epoch learning curve.,"Historical census: 380/1675 affected runs. Current aggregate.py preserves legacy plateau and separately emits plateau5 and auc. Complete runs and window_ok must both be checked; neither replaces the other. The historical 13.479 pp is median last-five minus whole-run accuracy, not a method gain.","[""c67/c68 historical corpus""]","[{""path"": ""repository/docs/MASTER-TABLE.md"", ""line"": 108}, {""reference"": ""CORRECTIONS 96.4–96.10"", ""path"": ""repository/docs/CORRECTIONS.md"", ""line"": 3982}, {""reference"": ""CORRECTIONS 119.3"", ""path"": ""repository/docs/CORRECTIONS.md"", ""line"": 7389}, {""reference"": ""analysis/aggregate.py""}]",Is the `plateau` column comparable across budgets?,41
MT109,8,Measurement checks,Build response surfaces from completed runs,Requested vs completed epochs in each response-surface arm,Detect granularity-dependent truncation bias.,Twelve truncated blk6/nodewise runs distorted the response surface.,correction,Short runs depressed selected arms and could reverse curve shape.,"Historical rs-family audit: scalar 0/22, layerwise 0/22, blk6 6/13, nodewise 6/10 truncated. Use complete=1 plus requested/completed epoch equality. Later data do not turn those partial traces into completed measurements.","[""rs""]","[{""path"": ""repository/docs/MASTER-TABLE.md"", ""line"": 109}, {""reference"": ""FINDINGS 57.1""}, {""reference"": ""CORRECTIONS 119.3"", ""path"": ""repository/docs/CORRECTIONS.md"", ""line"": 7389}]",Were the c40 response-surface rows measured on completed runs?,41
MT110,8,Measurement checks,Evaluate weightwise using the correct training budget,20-epoch weightwise records vs the matched 100-epoch anchor,Restore the arm removed by a units mistake.,Correct plateau5 is 82.086% at 20 epochs and 91.308% at 100 epochs.,correction,The discarded-arm justification mixed both budget and metric.,The quoted 68.472 is a 20-epoch whole-run legacy plateau; 90.913 is a 100-epoch legacy plateau. The correct 100-epoch kt2 plateau5 anchor is 91.308. wm9 later found a flat tested weightwise curve; tw0 checked 100-epoch guards. Original rw9 has zero ledger rows and was explicitly declined in CLOSEOUT 3b; it is not a pending necessary rerun.,"[""p7"", ""kt2"", ""rw9"", ""wm9"", ""tw0""]","[{""path"": ""repository/docs/MASTER-TABLE.md"", ""line"": 110}, {""reference"": ""CORRECTIONS 103.2–103.3"", ""path"": ""repository/docs/CORRECTIONS.md"", ""line"": 4835}, {""reference"": ""CORRECTIONS 104.2"", ""path"": ""repository/docs/CORRECTIONS.md"", ""line"": 4975}, {""reference"": ""docs/CLOSEOUT.md items3a/3b""}]",Was the weightwise arm correctly dropped from the response surface?,41
MT111,8,Measurement checks,Verify derived probe fields against raw quantities,"Stored dimensions, capped counts, spread fields, and collapse flags",Test whether derived fields mean what their labels claim.,"Count, spread, and collapse definitions introduced four distinct analysis failures.",correction,Derived columns silently encoded assumptions that raw measurements contradicted.,"Nodewise has 14,420 units, not 11.17M. A 20M count cap affects R34. The spread field read identical source fields. The collapsed detector does fire on 12/1707 historical rows but misses partial collapse. Do not repeat “collapsed is always zero.” Current completion and window flags require separate checks. These counts are historical snapshots.","[""historical probe corpus""]","[{""path"": ""repository/docs/MASTER-TABLE.md"", ""line"": 111}, {""reference"": ""CORRECTIONS 16"", ""path"": ""repository/docs/CORRECTIONS.md"", ""line"": 433}, {""reference"": ""CORRECTIONS 19"", ""path"": ""repository/docs/CORRECTIONS.md"", ""line"": 533}, {""reference"": ""CORRECTIONS 119.3"", ""path"": ""repository/docs/CORRECTIONS.md"", ""line"": 7389}]",Are DERIVED probe fields safe to compute statistics from?,41
MT112,8,Measurement checks,Report statistics only after runs finish,The same probe at 89 vs 100 records,Avoid moving windows over incomplete traces.,Reading early changed the reported steady-window excess by 49%.,correction,The window was defined relative to the records currently present.,"p7-r34-lay-s1 changed from .9879 to 1.4690; 8/32 historical probe directories were in flight. This is an observation-time artifact, not training variance. Check raw RUN_DONE and epoch counts rather than buffered output or window_ok alone.","[""p7""]","[{""path"": ""repository/docs/MASTER-TABLE.md"", ""line"": 112}, {""reference"": ""CORRECTIONS 20"", ""path"": ""repository/docs/CORRECTIONS.md"", ""line"": 577}, {""reference"": ""FINDINGS 36.8""}, {""reference"": ""CORRECTIONS 119.3"", ""path"": ""repository/docs/CORRECTIONS.md"", ""line"": 7389}]",Is it safe to tabulate a probe while its job is still running?,42
MT113,8,Measurement checks,Measure guard occupancy at coordinate resolution,Per-tensor mean betas vs actual coordinate clip counts,Measure the clamp where it operates.,A reported zero ceiling occupancy hid binding on 95.4% of records.,correction,Tensor averages concealed individual coordinates touching the guard.,Historical ml5/wc5 instrument failure. Fraction of records with any coordinate bound and fraction of bound coordinates are different denominators: 95.4% means records. wc5’s wrong-wall primary remains uninterpretable; later cl5/uc5/uc6 closed specific headline threats. CORRECTIONS 117 and 148 repeated audits at coordinate resolution.,"[""ml5"", ""wc5"", ""cl5"", ""uc5"", ""uc6""]","[{""path"": ""repository/docs/MASTER-TABLE.md"", ""line"": 113}, {""reference"": ""CORRECTIONS 62"", ""path"": ""repository/docs/CORRECTIONS.md"", ""line"": 1885}, {""reference"": ""CORRECTIONS 63"", ""path"": ""repository/docs/CORRECTIONS.md"", ""line"": 1918}, {""reference"": ""CORRECTIONS 68"", ""path"": ""repository/docs/CORRECTIONS.md"", ""line"": 2057}, {""reference"": ""CORRECTIONS 117.1"", ""path"": ""repository/docs/CORRECTIONS.md"", ""line"": 6962}, {""reference"": ""CORRECTIONS 148"", ""path"": ""repository/docs/CORRECTIONS.md"", ""line"": 10305}]",Is the BETA_CLIP guard occupancy being measured at the resolution the clamp operates at?,42
MT114,8,Measurement checks,Predict future guard contact from current velocity,Projected guard contact vs the observed continuation,Test whether measured velocity supports extrapolation.,One seed reaccelerates; contact occurs 12.4 epochs earlier than predicted.,fail,A declining observed velocity did not remain declining.,"Startup forecasts: 0/5 “will bind” and 5/5 “will not bind” predictions correct. A later projection gave 22.8 extra epochs, but contact occurred after 10.4; one seed’s v/vmax rose .123 → .379. The contact happened earlier, so the forecast was not conservative.","[""uc5"", ""cl5"", ""bl5""]","[{""path"": ""repository/docs/MASTER-TABLE.md"", ""line"": 114}, {""reference"": ""CORRECTIONS 67"", ""path"": ""repository/docs/CORRECTIONS.md"", ""line"": 2019}, {""reference"": ""CORRECTIONS 71"", ""path"": ""repository/docs/CORRECTIONS.md"", ""line"": 2144}, {""reference"": ""CORRECTIONS 72"", ""path"": ""repository/docs/CORRECTIONS.md"", ""line"": 2225}]",Can a box-free (guard-free) configuration exist at this budget? — an extrapolation used as a design premise,42
MT115,8,Measurement checks,Detect guard contact in every seed,Pooled occupancy vs each run's occupancy,Prevent clean seeds from hiding one pinned run.,A pooled 8.03% concealed one seed at 24.07% occupancy.,correction,Pooling hid a seed pinned through 96.3% of its last quarter.,"bl5: nine runs, 40 epochs. Score binary gates per seed before pooling estimates. The failed measurement stays uninterpretable; do not retrospectively substitute later coordinate-based thresholds.","[""bl5""]","[{""path"": ""repository/docs/MASTER-TABLE.md"", ""line"": 115}, {""reference"": ""CORRECTIONS 72"", ""path"": ""repository/docs/CORRECTIONS.md"", ""line"": 2225}, {""reference"": ""FINDINGS 53.1–53.3""}]",Can a pooled gate statistic be trusted for a binary event?,42
MT116,8,Measurement checks,Require every ranked arm to pass validity gates,Argmin claims with all-rung interpretability checks,Prevent invalid rungs from determining an ordering.,Twelve of 25 historical argmin cells were uninterpretable; bo7 later resolved its scoped claim.,correction,The selected minimum inherits every ranked rung's validity requirements.,The table’s “bo7 never read” clause is stale: CORRECTIONS 101 scored all 12 box-free runs and reversed the SGDm order. The all-rung interpretability rule stands. The 80-epoch bf9 reading remains void; dropping invalid seeds flips its argmin and was not permitted for the primary.,"[""bo6"", ""bo7"", ""bf9""]","[{""path"": ""repository/docs/MASTER-TABLE.md"", ""line"": 116}, {""reference"": ""CORRECTIONS 75"", ""path"": ""repository/docs/CORRECTIONS.md"", ""line"": 2318}, {""reference"": ""CORRECTIONS 79"", ""path"": ""repository/docs/CORRECTIONS.md"", ""line"": 2455}, {""reference"": ""CORRECTIONS 83"", ""path"": ""repository/docs/CORRECTIONS.md"", ""line"": 2602}, {""reference"": ""CORRECTIONS 101.2"", ""path"": ""repository/docs/CORRECTIONS.md"", ""line"": 4463}, {""reference"": ""CORRECTIONS 103.5"", ""path"": ""repository/docs/CORRECTIONS.md"", ""line"": 4835}]",Can a summary statistic be read past its own uncertainty flag?,43
MT117,8,Measurement checks,Verify claimed configuration matches before submission,Declared byte matches vs actual arguments and queue selections,Catch launch and cancellation errors before they cost experiments.,Six jobs used the wrong classifier head; a separate trim cancelled 50 protected experiments.,correction,Headers and submission recency were unreliable proxies for intended configuration.,Historical uc5 classifier-head mismatch and separate queue-trimming incident. Preserve experiment identity through explicit argument diffs and protected prefixes. Later Rule 20 checks and partition guards add verification. Historical cancellations are not a description of current queues.,"[""uc5"", ""historical queue cancellation""]","[{""path"": ""repository/docs/MASTER-TABLE.md"", ""line"": 117}, {""reference"": ""CORRECTIONS 71"", ""path"": ""repository/docs/CORRECTIONS.md"", ""line"": 2144}, {""reference"": ""FINDINGS 52.8""}, {""reference"": ""CORRECTIONS 178"", ""path"": ""repository/docs/CORRECTIONS.md"", ""line"": 20857}]",Is 'byte-matched to batch X' a safe thing to write in a submit script header?,43
MT118,8,Measurement checks,Make submission throttling respond to usable capacity,FairShare-based blocking vs measured decay and actual queue reasons,Check whether the policy can improve throughput.,FairShare barely moved; 93 of 94 pending jobs were quota-bound.,correction,The old floor blocked submissions without addressing the active limit.,Historical FairShare remained .333054 at displayed precision while RawUsage fell .0859%; configured half-life was 14 days. The retired policy is not current cluster state. CORRECTIONS 178 later identifies per-partition QOS caps and repairs the partition composer.,"[""historical account queues""]","[{""path"": ""repository/docs/MASTER-TABLE.md"", ""line"": 118}, {""reference"": ""CORRECTIONS 35"", ""path"": ""repository/docs/CORRECTIONS.md"", ""line"": 1074}, {""reference"": ""CORRECTIONS 37"", ""path"": ""repository/docs/CORRECTIONS.md"", ""line"": 1138}, {""reference"": ""CORRECTIONS 178"", ""path"": ""repository/docs/CORRECTIONS.md"", ""line"": 20857}]",Does the FairShare >= 0.35 submission floor do anything?,43
MT119,8,Measurement checks,Identify which registered tests remain unfinished,Historical outage list vs landed runs and later decisions,Avoid mistaking stale handoffs for pending experiments.,Most listed batches landed; cp9 and the free-coarse field reading lack completion evidence.,correction,The outage snapshot is superseded by subsequent runs and explicit closures.,"Current local ledger: hz9 9, sp8 9, bo7 12, bd7 12, bf8 12, bf9 12, wm9 10 and tw0 9 complete runs; rw9 and cp9 have zero rows. rw9 was declined and 80-epoch N_eff work abandoned. cp9 remains registered without corpus results. No complete PROBE7 gate or free-coarse field receipt was found. Root must check remote state before any submission.","[""hz9"", ""rw9"", ""wm9"", ""tw0"", ""cp9"", ""sp8"", ""bo7"", ""bd7"", ""bf8"", ""bf9""]","[{""path"": ""repository/docs/MASTER-TABLE.md"", ""line"": 119}, {""reference"": ""CORRECTIONS 101–104"", ""path"": ""repository/docs/CORRECTIONS.md"", ""line"": 4463}, {""reference"": ""CORRECTIONS 110"", ""path"": ""repository/docs/CORRECTIONS.md"", ""line"": 5947}, {""reference"": ""CORRECTIONS 115"", ""path"": ""repository/docs/CORRECTIONS.md"", ""line"": 6693}, {""reference"": ""CORRECTIONS 94.12"", ""path"": ""repository/docs/CORRECTIONS.md"", ""line"": 881}, {""reference"": ""results/all_runs.csv""}]",Operational state — what is actually left to run?,43
MT121,8,Measurement checks,Ensure the requested measurement instrument actually runs,Installed probe patch vs enabled runtime instrument,"Test the output, not merely the code's presence.",bf8 completed 12 jobs but recorded zero effective-independence data.,fail,The launcher set probe stride but omitted the instrument switch.,"PROBE=5 does not enable PROBE5=1. bf8’s F0 gate was repaired to read n_beta from probe.jsonl and passes 12/12, but F0.5/F1/F2 remain unscorable. bf9 enabled the instrument and later failed guard validity. These are instrument failures, not failed accuracy runs.","[""bf8"", ""bf9""]","[{""path"": ""repository/docs/MASTER-TABLE.md"", ""line"": 121}, {""reference"": ""CORRECTIONS 102.2–102.3"", ""path"": ""repository/docs/CORRECTIONS.md"", ""line"": 4667}, {""reference"": ""CORRECTIONS 103.4–103.6"", ""path"": ""repository/docs/CORRECTIONS.md"", ""line"": 4835}]",**Is a guard that an instrument EXISTS a guard that it is ENABLED?**,44
MT122,8,Measurement checks,Identify which guard caused the failed validity gate,Floor and ceiling occupancy with both denominators,Distinguish a bound from its mislabeled explanation.,bf8 freed the floor; the remaining bind was a sparse ceiling event.,correction,"The gate caught binding, but the prose named the wrong wall.","bf8: 0/12 floor-bound; deepest beta -46.744 versus projected -46.4. Seed-0 ceiling record fractions were 52.23%/50.68%, but coordinate fractions were .0178%/.0329%. Preserve both denominators and the original registered gate.","[""bf8"", ""bd7""]","[{""path"": ""repository/docs/MASTER-TABLE.md"", ""line"": 122}, {""reference"": ""CORRECTIONS 102.4"", ""path"": ""repository/docs/CORRECTIONS.md"", ""line"": 4667}, {""reference"": ""CORRECTIONS 103.5"", ""path"": ""repository/docs/CORRECTIONS.md"", ""line"": 4835}, {""reference"": ""results/c73_bf8_ceiling.txt""}]",Does a box-free gate scored at BOTH guards actually catch the bind?,44
MT123,8,Measurement checks,Measure the true uncited-run backlog,Full-document census vs an artificially restricted citation search,Test whether the backlog was a search artifact.,The claimed ~290-run backlog was withdrawn; the actual uncited smoke tests were retired.,correction,Omitting the main evidence documents manufactured most apparent orphans.,"Historical census: 109 families/1707 rows, of which 102/1676 strict-cited, 6/27 ambiguous, 1/4 orphan; the true uncited set was seven smoke tests. A later CORRECTIONS 110 census found zero orphans among 125 families/1867 runs. Neither is a fresh citation audit of today’s 2836 rows.","[""historical citation corpus""]","[{""path"": ""repository/docs/MASTER-TABLE.md"", ""line"": 123}, {""reference"": ""CORRECTIONS 98.2–98.3"", ""path"": ""repository/docs/CORRECTIONS.md"", ""line"": 4226}, {""reference"": ""CORRECTIONS 110.1"", ""path"": ""repository/docs/CORRECTIONS.md"", ""line"": 5947}]",Is the ~290-run orphan backlog real?,44
MT124,8,Measurement checks,Check headline contrasts for matched experimental conditions,Published contrasts vs full-axis reconstruction,Detect hidden changes between compared arms.,Thirteen of 56 audited pairs were contaminated; eight contaminated verdicts flipped.,correction,Incomplete matching changed both estimates and their interpretations.,Keep the registered 6/56 classification separate from the post-hoc 13/56 pair-level classification. The 23.2% contamination and 61.5% flip frequencies describe this audit; they are not calibrated priors for arbitrary future claims. CORRECTIONS 115 later found a substantial batch effect and one exposed cross-batch seed-paired claim.,"[""56 historical headline contrasts""]","[{""path"": ""repository/docs/MASTER-TABLE.md"", ""line"": 124}, {""reference"": ""CORRECTIONS 100"", ""path"": ""repository/docs/CORRECTIONS.md"", ""line"": 2115}, {""reference"": ""FINDINGS 70""}, {""reference"": ""CORRECTIONS 115.1"", ""path"": ""repository/docs/CORRECTIONS.md"", ""line"": 6693}]",How often is a published headline contrast contaminated by an unmatched axis?,44
MT132,9,Mechanism and isolation,Explain r benefit through meta stepsize rescaling,Interior r versus endpoints after tuning each meta stepsize,Separate pooling from a stepsize proxy,Interior gain remains +0.821 pp after within-r tuning; registered rescaling hypothesis refuted.,fail,Gain exceeds the registered 0.50 pp bar.,"`g4m`, 72 runs, 100 ep, ONE batch","[""g4m""]","[""repository/docs/MASTER-TABLE.md:132"", ""repository/docs/CORRECTIONS.md [CORRECTIONS 141.1]"", ""repository/analysis/cA1_g4_score.py""]",Is the hierarchical `r`-dial just a meta-stepsize dial in a pooling costume?,45
MT133,9,Mechanism and isolation,Improve layerwise learning using two-level shrinkage,Partial shrinkage versus plain layerwise at two initial stepsizes,Test the proposed shared-plus-local optimizer,Best partial shrinkage trails layerwise by 0.253 and 0.819 pp.,fail,Every partial-shrinkage setting loses at both initial stepsizes.,"`tl1`, 42 runs, 100 ep","[""tl1""]","[""repository/docs/MASTER-TABLE.md:133"", ""repository/docs/CORRECTIONS.md [CORRECTIONS 141.1]"", ""repository/analysis/cG1_tl_score.py""]",Does the two-level proposal `beta_g = s + d_g` (partial shrinkage) beat plain layerwise?,45
MT134,9,Mechanism and isolation,Recover pooling gains without tuning a shrinkage dial,Empirical Bayes shrinkage versus identity and tuned additive controls,Test a data-driven pooling estimator,Primary lift +0.0413 pp misses the 1.16 pp success bar.,fail,Lift falls within the registered failure region.,"`eb1`, 18 runs, 100 ep","[""eb1""]","[""repository/docs/MASTER-TABLE.md:134"", ""repository/docs/CORRECTIONS.md [CORRECTIONS 141.1]"", ""repository/analysis/cG16_eb_score.py""]",Does an empirical-Bayes / James-Stein lambda recover the pooling benefit?,45
MT135,9,Mechanism and isolation,Replicate an interior r optimum on ResNet-50,Six additive r values at two initial stepsizes,Test architecture transfer of the r curve,Both initial-stepsize strata are unresolved; combined token SPLIT does not establish transfer.,unresolved,Neither registered peak confirmation nor flat-curve refutation fires.,"`a2g3`, 36 runs, 100 ep, ResNet-50","[""a2g3""]","[""repository/docs/MASTER-TABLE.md:135"", ""repository/docs/CORRECTIONS.md [CORRECTIONS 141.1]"", ""repository/analysis/cA2_g3_score.py""]",Does the `r`-ladder transfer to ResNet-50?,45
MT136,9,Mechanism and isolation,Replicate the granularity gap on Tiny-ImageNet,"Scalar, layerwise, nodewise, plus CIFAR-10 harness controls",Test dataset scope beyond CIFAR,Layerwise exceeds scalar by 40.9753 pp on Tiny-ImageNet.,success,The registered dataset replication passes.,"`tn1`, 12 runs, 100 ep","[""tn1""]","[""repository/docs/MASTER-TABLE.md:136"", ""repository/docs/CORRECTIONS.md [CORRECTIONS 141.1]"", ""repository/analysis/cT1_tin_score.py""]",Does the scalar-to-layerwise gap replicate on a third dataset?,46
MT137,9,Mechanism and isolation,Explain the granularity gap through the classifier head,"Head split versus stem, midpoint, blocks, and endpoint controls",Localize which grouping changes matter,Head captures 4.12%; midpoint captures 21.65%; head specificity is negative.,fail,An arbitrary midpoint control outperforms the head split.,"`hb1`, 18 runs, CIFAR-100/`ResNet18_c100`, 100 ep, ONE batch","[""hb1""]","[""repository/docs/MASTER-TABLE.md:137"", ""repository/docs/CORRECTIONS.md [CORRECTIONS 141.7, 142.2; `analysis/cH1_hb1_score.py`]"", ""repository/analysis/cH1_hb1_score.py""]",Is the gap carried by the HEAD — the last two tensors? (The first mechanism the data actively suggested.),46
MT138,9,Mechanism and isolation,Determine whether the additive peak is Lion-specific,Adam and Lion additive r ladders with internal endpoints,Test meta-optimizer dependence,All 24 runs completed; Adam grid remains truncated near its best interior rung.,unresolved,Unsampled r below 0.03 prevents the registered conclusion.,"`lsm1`, 24 runs, 100 ep","[""lsm1""]","[""repository/docs/MASTER-TABLE.md:138"", ""repository/docs/CORRECTIONS.md [CORRECTIONS 142.1; `analysis/cA3_lsm1_score.py`]"", ""repository/analysis/cA3_lsm1_score.py""]",Is the surviving peak Lion-specific?,46
MT139,9,Mechanism and isolation,Explain accuracy through group count or size balance,Balanced count ladder and fixed-count mirrored two-group partitions,Separate group number from grouping location,Mirrored cuts have identical tensor-count entropy but differ by 16.5393 pp.,mixed,Tensor-count entropy fails; count alone cannot explain fixed-count differences.,"`cbl1`, 33 runs, CIFAR-100/`ResNet18_c100`, `ms=1e-3`, `alpha0=1e-6`, 100 ep, ONE batch","[""cbl1""]","[""repository/docs/MASTER-TABLE.md:139"", ""repository/docs/CORRECTIONS.md [CORRECTIONS 143; `analysis/cJ1_cbl1_score.py`]"", ""repository/analysis/cJ1_cbl1_score.py""]","Is the operative variable the NUMBER of groups, or the SIZE-BALANCE of the groups?",46
MT140,9,Mechanism and isolation,Test granularity effects on ImageNet-489,"Scalar, six blocks, layerwise, and nodewise at common epoch 80",Test scope on a larger dataset,Scalar and blocks fail the learned-floor gate; nodewise improves over layerwise.,unresolved,Registered BLOCK and GRAN gates refuse near-floor scalar and block arms.,"`in489g1`, 12 runs, ImageNet-489","[""in489g1""]","[""repository/docs/MASTER-TABLE.md:140"", ""repository/docs/CORRECTIONS.md [CORRECTIONS 144, superseded in part at 163.6]"", ""repository/analysis/cI1_in489g1_score.py""]",Does the parent paper's blockwise claim hold at 489 ImageNet classes?,47
MT141,9,Mechanism and isolation,Locate the best two-group cut,Thirteen cut and anchor arms at 100 epochs,Localize the useful partition boundary,Unique sampled peak k=49 reaches 55.4473%; the parameter-balance prediction survives.,success,"Cut localization succeeds, but carrier and parameter-balance accounts coincide.","`cpk1`, 39 runs, CIFAR-100/`ResNet18_c100`, 100 ep","[""cpk1""]","[""repository/docs/MASTER-TABLE.md:141"", ""repository/docs/CORRECTIONS.md [CORRECTIONS 146; rescoped 156.1; overclaim corrected 160]"", ""repository/analysis/cK1_cpk1_score.py""]",Where does the cut have to fall for an `m=2` partition to capture the gap?,47
MT142,9,Mechanism and isolation,Identify the tensor carrying the first cliff,"Adjacent cuts k49, k50, k51, k52 with scalar/layerwise anchors",Separate tensor identity from transferred parameter mass,Moving BN scale 50 into the coarse group lowers accuracy by 24.8340 pp.,success,A 512-parameter scale dominates the local 100-epoch cliff.,"`cts1`, 18 runs, 100 ep, ONE batch","[""cts1""]","[""repository/docs/MASTER-TABLE.md:142"", ""repository/docs/CORRECTIONS.md [CORRECTIONS 147, rescoped 156.1]"", ""repository/analysis/cL1_cts1_score.py""]",Which single tensor carries the `k=49 -> k=50` cliff?,47
MT143,9,Mechanism and isolation,Explain the cliff through dependence on beta clamp,Clamped and released boxes crossed with cuts k49 and k50,Challenge clamp dependence directly,Released cliff 24.7673 pp; clamped cliff 25.1627 pp; interaction unresolved.,fail,The cliff survives release; clamp dependence is refuted.,"`cts2`, 12 runs, 100 ep","[""cts2""]","[""repository/docs/MASTER-TABLE.md:143"", ""repository/docs/CORRECTIONS.md [CORRECTIONS 150, rescoped 156.1]"", ""repository/analysis/cM1_cts2_score.py""]",Is the cliff an artefact of the `BETA_CLIP` clamp?,47
MT144,9,Mechanism and isolation,Resolve scalar clamp dependence using existing runs,Released scalar contrasts versus canonical contrasts across archived batches,Audit the purported clamp controls,The old ub9/tc1 audits remain unresolved or void on occupancy. Later within-batch cfr1/cfr2 floor-release controls partially settle the intended scalar/layerwise issue: headline 1e-4 and 1e-3 endpoints are discharged; the 3e-4 middle rung remains constrained.,unresolved,Middle rung remains constrained; blockwise remains unaudited.,"`cN1`/`cN2`, **ZERO GPU**, 0 rows ingested (corpus unchanged at 2,501)","[""tc1"", ""ub9"", ""PP"", ""pp"", ""I1"", ""a0"", ""cfr1"", ""cfr2""]","[""repository/docs/MASTER-TABLE.md:144"", ""repository/docs/CORRECTIONS.md [CORRECTIONS 149]"", ""repository/analysis/cN1_box_row24_score.py"", ""repository/analysis/cN2_box_row24_score.py"", ""repository/analysis/cO1_cfr1_score.py"", ""repository/analysis/cO2_cfr2_score.py""]",Do the corpus's two box-released scalar-containing cells rescue MASTER-TABLE row 24?,48
MT145,9,Mechanism and isolation,Identify the tensor carrying the second cliff,Adjacent cuts k52 through k55,Test a second local single-tensor attribution,Moving shortcut BN scale 53 lowers accuracy by 15.8080 pp at 100 epochs.,success,One 512-parameter scale carries the second measured cliff.,"`scl1`, 12 runs, 100 ep","[""scl1""]","[""repository/docs/MASTER-TABLE.md:145"", ""repository/docs/CORRECTIONS.md [CORRECTIONS 152, rescoped 156.1]"", ""repository/analysis/cP1_scl1_score.py""]",Does the SECOND cliff have the same single-tensor structure?,48
MT146,9,Mechanism and isolation,Test cliff persistence beyond 100 epochs,Cuts k49 and k50 within the same runs at 100/772 epochs,Separate stopping-time effects from persistent differences,"Cliff persists at 19.3427 pp and shrinks by 5.6747 pp, as predicted.",success,Persistence and predicted shrinkage both pass their registered bars.,"`cts3`, 6 runs, **772 ep** — 7.72x the horizon of every other `ResNet18_c100` run in the corpus","[""cts3""]","[""repository/docs/MASTER-TABLE.md:146"", ""repository/docs/CORRECTIONS.md [CORRECTIONS 156]"", ""repository/analysis/cO1_cts3_score.py""]","Is the cliff a property of the partition, or of stopping the clock at 100 epochs?",48
MT147,9,Mechanism and isolation,Preserve peak and predict longer-horizon ranks,Five sampled cuts at 100/772 epochs on fresh seeds,Test horizon and seed replication,Peak remains k49; none of three forecast rank swaps occurs.,mixed,Location prediction succeeds; its curve model fails.,"`cpk2`, 18 runs, 772 ep","[""cpk2""]","[""repository/docs/MASTER-TABLE.md:147"", ""repository/docs/CORRECTIONS.md [CORRECTIONS 158]"", ""repository/analysis/cR1_cpk2_score.py""]",Does the argmax `k*=49` move at a converged budget on fresh seeds?,48
MT148,9,Mechanism and isolation,Explain long-horizon curves by changing only rate,Windowed k50/k52 approaches against an exponential shape null,Test whether one timescale explains both curves,k52 differs in shape; the decisive rho(0.90) separation is 1.79 registered bars.,fail,"The exponential shape account fails for k52, not k50.","`cS1`, **ZERO GPU**, nothing submitted or ingested","[""cpk2"", ""cts3""]","[""repository/docs/MASTER-TABLE.md:148"", ""repository/docs/CORRECTIONS.md [CORRECTIONS 159]"", ""repository/analysis/cS1_ratelaw_shape.py""]",Is the `k50`/`k52` rate-law break a difference in RATE or in KIND?,49
MT149,9,Mechanism and isolation,Explain headline gap through an alpha0 confound,Matched scalar/block/layerwise contrasts at two initial stepsizes within batches,Check the headline contrast under matched controls,Ordering persists; the alleged 24.6 pp swing does not reproduce in matched batches.,fail,A smaller blockwise interaction exists; the alleged confound magnitude fails.,"`cU1`, **ZERO GPU**, corpus unchanged at 2,573","[""c100"", ""c100b"", ""c1b""]","[""repository/docs/MASTER-TABLE.md:149"", ""repository/docs/CORRECTIONS.md [CORRECTIONS 160]"", ""repository/analysis/cU1_alpha0_granularity_score.py""]",Is the headline CIFAR-100 granularity contrast confounded by `alpha0`?,49
MT150,9,Mechanism and isolation,Localize peak and resolve tensor-class effects,Cuts k45 through k50 at 772 epochs on fresh seeds,Replace multi-tensor jumps with adjacent contrasts,Peak remains k49; observed class signs are perfectly aliased with index modulo three.,mixed,Localization succeeds; tensor-class mechanism remains unidentifiable.,"`cpk3`, 21 runs, 772 ep","[""cpk3""]","[""repository/docs/MASTER-TABLE.md:150"", ""repository/docs/CORRECTIONS.md [CORRECTIONS 161]"", ""repository/analysis/cS2_cpk3_score.py""]","What happens across FIVE CONSECUTIVE single-tensor steps, measured in one batch?",49
MT151,9,Mechanism and isolation,Locate the ImageNet transition using group count,Six balanced counts plus a second eight-group partition,Test count sufficiency and transition shape,"Transition is distributed; at eight groups, capture changes from 0.0080 to 0.1497.",fail,Identical group counts yield different captures; no registered cliff fires.,"`in489g2`, 14 runs, ImageNet-489","[""in489g2""]","[""repository/docs/MASTER-TABLE.md:151"", ""repository/docs/CORRECTIONS.md [CORRECTIONS 163]"", ""repository/analysis/cI2_in489g2_score.py""]",Is the ImageNet-489 transition located by GROUP COUNT?,49
MT152,9,Mechanism and isolation,Separate tensor identity from ordinal position,Named-set permutations and tensor swaps versus equivalent prefix controls,Break the class and ordinal-position alias,"CLASS-OPERATIVE is unreachable; data refute single-tensor additivity, leaving identity versus order unresolved.",unresolved,A defective registered branch cannot support the intended mechanism.,"`cpr1`, 15 runs, 100 ep","[""cpr1""]","[""repository/docs/MASTER-TABLE.md:152"", ""repository/docs/CORRECTIONS.md [CORRECTIONS 164]"", ""repository/analysis/cV1_cpr1_score.py""]","Is the operative thing the tensor's IDENTITY, or its position in the name list?",50
MT153,9,Mechanism and isolation,Separate contiguity effects from coarse parameter mass,"Co-grouping, holes, and an exact 3,956,288-parameter mass match",Test explanations surviving the permutation experiment,Coarse mass fails; the contiguity token remains confounded with tensor membership.,mixed,Mass is refuted; contiguity and a membership rival remain inseparable.,"`cpg1`, 15 runs, 100 ep","[""cpg1"", ""cpr1""]","[""repository/docs/MASTER-TABLE.md:153"", ""repository/docs/CORRECTIONS.md [CORRECTIONS 166, superseding 164.5]"", ""repository/analysis/cW1_cpg1_score.py""]","Is CONTIGUITY of the group operative, or is it coarse MASS?",50
MT154,9,Mechanism and isolation,Check the claimed privilege of conv2 tensors,Re-examine the existing tensor-membership rival,Correct the rival account precisely,"conv2 privilege fails; the rival requires renaming, while its substantive ambiguity remains.",correction,A naming error does not eliminate the competing account.,"`CONV2` check, **ZERO GPU**, nothing scored or ingested; corpus 2,638","[""cpr1"", ""cpg1""]","[""repository/docs/MASTER-TABLE.md:154"", ""repository/docs/CORRECTIONS.md [CORRECTIONS 170]""]","Is `conv2` privileged, as `166.7`'s rival account claimed?",50
MT155,9,Mechanism and isolation,Beat a tuned non-meta CIFAR-100 baseline,MetaOptimize versus six SGD learning rates and a 200-epoch control,Measure improvement against a tuned denominator,Best SGD exceeds MetaOptimize by 5.6993 pp; 200-epoch SGD reaches 78.8280%.,fail,Every tested SGD rung beats the tested MetaOptimize arm.,"`cdn1`, 24 runs, CIFAR-100/`ResNet18_c100`, 100 ep (plus 200 ep), ONE batch so every contrast is WITHIN batch","[""cdn1""]","[""repository/docs/MASTER-TABLE.md:155"", ""repository/docs/CORRECTIONS.md [CORRECTIONS 171 (hand), 175 (`cdn2`); `analysis/cdn1_denominator_score.py` frozen, `analysis/cdn2_denominator_score.py` registered]"", ""repository/analysis/cdn1_denominator_score.py"", ""repository/analysis/cdn2_denominator_score.py""]","**Is there a tuned non-meta baseline on CIFAR-100 at all, and does MetaOptimize clear it?**",50
MT156,9,Mechanism and isolation,Explain cliff amplification through reduction composition,Raw tensor sums versus per-tensor numel normalization at three cuts,Perturb term weighting without changing group membership,One clean pair establishes composition sensitivity; amplified cliff also contains one-sided learning failure.,mixed,Only k49 avoids the failed-arm floor in both reductions.,"`crn1`, 18 runs, moved off `alice2` and re-submitted on `alice` with all 18 originals cancelled at **0 started, 0 rows**","[""crn1""]","[""repository/docs/MASTER-TABLE.md:156"", ""repository/docs/CORRECTIONS.md [CORRECTIONS 169, 172, 173]"", ""repository/analysis/cX1_crn1_score.py""]",Does the REDUCTION itself — how per-tensor terms are composed into a group's update — carry the effect?,51
MT157,9,Mechanism and isolation,Retain granularity benefits after independent stepsize tuning,Scalar/layerwise meta-stepsize ladders at two initial stepsizes,Remove shared-meta-stepsize tuning unfairness,"At alpha0=1e-3, gap remains 35.2907 pp; alpha0=1e-6 optimum lies at ladder edge.",mixed,One stratum survives tuning; the other is unresolved.,"`cru1`, 60 runs, CIFAR-100/`ResNet18_c100`, 100 ep","[""cru1""]","[""repository/docs/MASTER-TABLE.md:157"", ""repository/docs/CORRECTIONS.md [CORRECTIONS 168, 174; superseded in part 177, 180]"", ""repository/analysis/cY1_cru1_score.py""]","RULE 11 — does the granularity gap survive giving EACH arm its own tuned meta-stepsize, on the headline CIFAR-100 cell?",51
MT158,9,Mechanism and isolation,Verify coverage of the low-meta-stepsize stratum,Corpus census against the prior prose inventory,Repair claims invalidated by additional ingested controls,"The stratum contained 35 rows, two alpha0 levels, and scalar/layerwise controls.",correction,Earlier counts and the claimed alpha0 alias were stale.,"`cms1`, **ZERO GPU**, corpus unchanged at 2,740","[""cms1"", ""cru1"", ""cdn1""]","[""repository/docs/MASTER-TABLE.md:158"", ""repository/docs/CORRECTIONS.md [CORRECTIONS 176]"", ""repository/analysis/cms1_ms1e4_stratum_census.py""]",Is the CIFAR-100 `ms=1e-4` stratum what the prose said it was?,51
MT159,9,Mechanism and isolation,Explain capture peak through between-group sign disagreement,Reconstructed window disagreement versus the registered cut-position curve,Connect update dynamics with useful cut positions,Disagreement peaks elsewhere; correlation with capture is -0.0455.,fail,The disagreement maximum does not align with the accuracy peak.,"**ZERO GPU**, from probe traces on disk; nothing submitted or ingested","[""cru1"", ""cpk1"", ""cts2""]","[""repository/docs/MASTER-TABLE.md:159"", ""repository/docs/CORRECTIONS.md [CORRECTIONS 179]"", ""repository/analysis/cHD1_hdisagree_score.py""]","H-DISAGREE (the fifteenth mechanism, and the first DYNAMICS candidate) — do the two groups of an `m=2` partition disagree most where capture peaks?",51
MT160,9,Mechanism and isolation,Test element-count majority as the scalar sign driver,Proposed element fraction versus the actual scalar probe schema,Check whether the intended statistic exists,Scalar frac_neg describes one aggregate; no element-count statistic exists in the archived probes.,unresolved,The proposed measure is tautological and cannot test element majority.,"**ZERO GPU**, registered then found unrunnable on the record","[""cHE1"", ""cru1""]","[""repository/docs/MASTER-TABLE.md:160"", ""repository/docs/CORRECTIONS.md [CORRECTIONS 181, 183]"", ""repository/analysis/cHE1_hdominate_element_score.py""]",H-DOMINATE (E) — is the scalar arm's sign set by an ELEMENT-COUNT majority?,52
MT161,9,Mechanism and isolation,Find convolution or head terms driving scalar pinning,Per-tensor Lion terms along scalar and layerwise trajectories,Identify which tensor terms set the update sign,"Three BN scales, not the named convolutions/head, carry every pinned scalar vote.",fail,The named hypothesis is refuted; a different carrier set is identified.,"`ctd1`, 6 runs, 100 ep","[""ctd1""]","[""repository/docs/MASTER-TABLE.md:161"", ""repository/docs/CORRECTIONS.md [CORRECTIONS 182, 184, 186]"", ""repository/analysis/cTD1_tensor_dominate_score.py"", ""repository/analysis/cTD2_tensor_dominate_score.py""]","H-DOMINATE (T) — at the TENSOR level, which tensors carry the scalar meta-gradient's sign?",52
MT162,9,Mechanism and isolation,Rescue learning and free the shared complement,"Three-carrier isolation, depth-confounded control, one-carrier isolation, and anchors",Intervene on the dynamics-based carrier nomination,ISO rescues 46.9307 pp; registered result stays UNRESOLVED-PARTIAL because complement freedom fails.,mixed,"Accuracy rescues, while the full registered dynamics conjunction fails.","`ciso1`, 15 runs, 100 ep, ONE batch; ingest 2,746 -> 2,761 (added 15, changed 0, removed 0), 12.82 GPU-h","[""ciso1""]","[""repository/docs/MASTER-TABLE.md:162"", ""repository/docs/CORRECTIONS.md [CORRECTIONS 185, 187]"", ""repository/analysis/cIS1_ciso1_isolate_score.py""]",H-ISOLATE — does lifting the three carrier tensors out of the shared step-size group CAUSE the rescue?,52
MT163,9,Mechanism and isolation,Separate carrier isolation from matched depth controls,"Carrier triple versus matched non-carriers, scale-only pair, singleton, and anchors",Test whether matched depth alone suffices,Carrier isolation beats the matched triple by 46.5233 pp; magnitude remains confounded.,success,Matched non-carriers fail to rescue under the registered identity test.,"`cdep1`, 18 runs, 100 ep, CIFAR-100/`ResNet18_c100`, ONE batch, FRESH seeds {24,25,26}; ingest 2,761 → 2,779 (added 18, changed 0, removed 0); **16.05 GPU-h**, re-summed here over its own 18 `wallclock_min` values (minute-rounded, so marginally below `sacct`)","[""cdep1""]","[""repository/docs/MASTER-TABLE.md:163"", ""repository/docs/CORRECTIONS.md [CORRECTIONS 193; scope bound registered at 188.3; cross-batch reading at 195.6]"", ""repository/analysis/cDP1_cdep1_depth_score.py""]","H-ISOLATE's IDENTITY leg — is the rescue caused by THOSE THREE TENSORS, or by any three matched `layer4` 512-parameter BatchNorm parameters at that depth?",52
MT164,9,Mechanism and isolation,Replicate the granularity gap outside ResNet,Scalar versus layerwise on VGG11 with BatchNorm,Test architecture-family scope of the gap,VGG layerwise exceeds scalar by 31.2687 pp; later cvi1 tests isolation.,success,The gap replicates on a second architecture family.,"`cvg1`, 6 runs, 100 ep, CIFAR-100, seeds {31,32,33}, ONE batch; ingest 2,779 → 2,785 (added 6, changed 0, removed 0); **4.27 GPU-h**, re-summed here over its own 6 `wallclock_min` values","[""cvg1""]","[""repository/docs/MASTER-TABLE.md:164"", ""repository/docs/CORRECTIONS.md [CORRECTIONS 194, 195.8; carrier nomination re-derived at 197]"", ""repository/analysis/cVG1_vggbn_gap_score.py""]","Does the scalar→layerwise `plateau5` gap — the gap the whole granularity programme is about — exist AT ALL off ResNet, on a plain BatchNorm conv stack with no residual addition?",53
MT165,9,Mechanism and isolation,Retain rescue after the complement meets pinning gate,Same-run isolation and anchor plateaus at 100/250 epochs,Test delay-to-collapse with the registered pinning condition,"Rescue retention is 0.997737; exact-clamp occupancy fails, so the registered verdict remains unresolved.",unresolved,"Accuracy persists, but the scorer stops before its primary retention branch.","`ciso2`, 12 runs, **250 ep** (the corpus's FIRST 250-epoch rows), CIFAR-100/`ResNet18_c100`, ONE batch, FRESH seeds {31,32,33}; ingest 2,785 -> 2,797 (added 12, changed 0, removed 0); **21.65 GPU-h**, re-summed here over its own 12 `wallclock_min` values","[""ciso2""]","[""repository/docs/MASTER-TABLE.md:165"", ""repository/docs/CORRECTIONS.md [CORRECTIONS 190 (registration), 196 (landing), 199 (reconciliation, gate defect re-derived independently)]"", ""repository/analysis/cIS2_ciso2_horizon_score.py""]","H-ISOLATE's HORIZON leg — does the rescue survive to a horizon at which the isolated 59-group has had time to pin, or is +46.93 pp merely a DELAY of the scalar collapse?",53
MT166,9,Mechanism and isolation,Replicate carrier-specific isolation on VGG,bn8 isolation versus its matched bn7 control and anchors,Test a prospective nomination on a second architecture,ISO beats matched CTL by 31.3033 pp; identity-versus-magnitude and later horizons remain open.,success,The nominated carrier rescues; its matched control stays at the floor.,"`cvi1`, 12 runs, 100 ep, CIFAR-100, ONE batch, FRESH seeds {41,42,43}; ingest 2,797 → 2,809 (added 12, changed 0, removed 0); **6.65 GPU-h** re-summed over its own 12 `wallclock_min` values (`sacct` 6.80)","[""cvi1""]","[""repository/docs/MASTER-TABLE.md:166"", ""repository/docs/CORRECTIONS.md [CORRECTIONS 198 (registration), 200 (launch), 203 (landing)]"", ""repository/analysis/cVI1_vggiso_identity_score.py""]","H-ISOLATE OFF ResNet — does isolating the ONE tensor that `cvg1`'s records nominate (`bn8.weight`) rescue the scalar collapse on VGG, and does its exact twin (`bn7.weight`) NOT?",53
CVK2,9,Mechanism and isolation,Test the predicted VGG cut location,Seven cuts plus scalar and layerwise controls,Separate carrier-boundary prediction from rival explanations,"Cuts 16, 19, 22 share the peak set; prediction unresolved.",unresolved,The registered separation bar leaves cut 22 tied with rivals.,"VGG11_bn/CIFAR-100, augmented, 100 epochs, shared meta-step 1e-3; nine arms × three fresh seeds 55–57; one submission. Every sweep arm has exactly two contiguous tensor groups.","[""cvk1""]","[""CORRECTIONS208"", ""analysis/cVK2_vggcut_score.py""]",Does the VGG cut ladder peak immediately before bn8.weight at k=22?,53
