page,title,goal,comparison,why_test,status,scope,sources,file,kind,entry_ids
1,The complete experiment record,,,,overview,110 historical MASTER-TABLE entries plus one new VGG follow-up; no duplicate-hypothesis claim.,MASTER-TABLE; all_runs.csv; CVK2 registered result,figures/page-1.png,finding,
2,Hierarchy missed its accuracy goal,Improve accuracy by sharing step-size information.,Two-level vs plain layerwise; empirical Bayes vs additive r=1,Shared information was expected to stabilize learning.,bad,Historical tl1 NULL; fresh accuracy verified but local spread probes absent. EB primary FAILURE; validity gates passed.,campaign_evidence.original_main_idea,figures/page-2.png,finding,MT133; MT134
3,An additive benefit survives tuning,Keep an interior-r benefit after meta-step tuning.,Best interior r vs best endpoint; both step-tuned,Check whether the earlier gain was only a tuning artifact.,good,Local additive benefit does not establish the two-level shrinkage proposal. Error bars exclude tuning selection.,campaign_evidence.original_main_idea.g4m,figures/page-3.png,finding,MT073; MT132
4,Several proposed fixes did not deliver,Improve MetaOptimize using structured fixes.,Cosine priors / correlation grouping / pooling variants,Find an improvement beyond the original method.,mixed,"MT069-MT080  |  Exact operators, scopes and revised verdicts in the full register","MT069-MT080  |  Exact operators, scopes and revised verdicts in the full register",figures/page-4.png,finding,MT069; MT070; MT071; MT079; MT080
5,Initial-rate robustness: a real benefit,Raise average accuracy across the tested rate grid.,MetaOptimize vs fixed-rate and cosine AdamW,Measure how costly a poor initial rate can be.,good,"Descriptive plateau5 grid mean, not an intrinsic robustness constant. Cosine arm is cross-batch/account unbalanced; selection of grid matters.",i3a/i3b/i3c + SW; campaign_evidence.alpha0_robustness,figures/page-5.png,finding,MT047; MT048; MT049; MT050; MT051
6,Layerwise peaks; weightwise trails,Improve accuracy by making step-size groups finer.,Scalar / 6-block / layerwise / nodewise / weightwise,Test whether more step sizes keep helping.,bad,"Current complete canonical C10 SGDm/Lion a0=1e-3 corpus, cQ1 selection with explicitly flagged duplicate aliases collapsed; descriptive multi-batch cells. This changes nodewise1e-4 n32 to n29 but not the selected peak. Each peak selected over available canonical rungs, not a new registered comparison. Means differ from frozen old tables as the corpus grew. Cross-family and unbalanced cell composition means cell SEM alone cannot rank small differences. Some above-peak rungs have n=1; endpoints and sampled curves do not prove a global optimum. Canonical clamp box remains; at1 nodewise@3e-4 touches the lower bound, unlike tw0@1e-4. Historical frozen-beta ms1e-8 is only an approximation, not proof of no beta motion.",cQ1 selection; full_granularity_ladder,figures/page-6.png,finding,MT026; MT027; MT028; MT029; MT033; MT034
7,The old horizon reversal fails retuning,Reproduce the claimed reversal after tuning.,Nodewise minus layerwise: shared vs tuned meta steps,Separate a training-duration effect from poor tuning.,bad,"Shared ms1e-3: seven differences paired within br6 or bl5, two ceilings. Tuned: n=5 versus5 independent cells, hz9+rs pool licensed historically. Endpoints use matched last5 windows; trajectories are not independent budget experiments. T-B replicates the pilot direction, refuting the original headline; −.360 endpoint lies inside the ±.50 materiality band despite 2.32 SE from zero.",hz9 + rs; br6 + bl5; CORRECTIONS115,figures/page-7.png,finding,MT039; MT040; MT041; MT063
8,Partition choice matters at similar counts,Improve accuracy while keeping group counts almost equal.,"chunk777 (14,421 groups) vs nodewise (14,420)",Test membership beyond the number of learned step sizes.,good,"Overlapping seeds
Only 2 disjoint seed sets",ResNet-18 / CIFAR-10  |  100 epochs  |  n = 3 / 3 / 3 / 4; +/- 1 SE,figures/page-8.png,finding,MT098
9,Model scale changes the size and sign,Transfer granularity gains across model scale.,Plain layerwise vs scalar within each model,Check whether the ResNet-18 result generalizes.,mixed,"Initial rate 1e-6
Shared meta step 1e-3",CIFAR-10  |  100 epochs  |  n = 3 / 3 / 3 / 2; +/- 1 SE,figures/page-9.png,finding,MT057; MT058
10,The granularity gap reaches Tiny-ImageNet,Replicate the granularity gap on a third dataset.,Layerwise vs scalar on Tiny-ImageNet,Check whether the CIFAR result extends to new images.,good,"Shared meta step1e-3 and alpha0=1e-6; dataset extension on ResNet, no target-specific tuning.",campaign_evidence.generalization_examples.tinyimagenet,figures/page-10.png,finding,MT136
11,"ImageNet-489: one win, two failed gates",Replicate granularity effects on larger images.,Scalar / 6-block / layerwise / nodewise on ImageNet-489,Test whether the result survives a larger dataset.,mixed,"in489g1 primary is COMMON80epochs (three seeds); in489g2 is84epochs(two seeds). Do not combine their means or uncertainty. 489classes, not1000; use batch-specific anchors for capture. in489g1 scalar/block arms fail the5% learned-floor gate: BLOCK/GRAN unresolved.",in489g1; MT140; CORRECTIONS152,figures/page-11.png,finding,MT140; MT151
12,Adaptation changes effective independence,Measure dependence after the step sizes adapt.,Frozen vs learned step sizes in four model/data families,Test whether millions of coordinates behave independently.,good,"SGDm, steady half of 20-epoch runs. Frozen/free values are rounded in the source; box-free values have four decimals. Never label the fraction “percent signal.”","CORRECTIONS59,68; FINDINGS50.2; effective_independence_families",figures/page-12.png,finding,MT087; MT088; MT089; MT090; MT091; MT092
13,A fine-scale field pattern repeats,Locate a repeatable scale in marginal-sign structure.,"Observed blocks vs size-matched, within-tensor shuffles",Look for a structural guide to partition design.,good,"Convolution tensors only; p_i = negative_count_i / n_records. E is neither rho nor test accuracy. res_pp is the Monte Carlo SE of three permutation-null draws, not training-seed uncertainty. The existence of an interior maximum is mechanical; location is the finding. Four clean lower-edge peaks are bounds. The 33 analysis entries contain 32 unique runs. A freely adapting coarse-granularity field remains unmeasured.",results/c63_uladder.json; results/c67_ms_axis.json; CORRECTIONS95-96,figures/page-13.png,finding,MT093; MT094; MT095; MT096; MT097
14,Field structure did not predict the partition,Predict a useful partition from the measured field.,Field-peak scale vs the best training-accuracy region,Turn a measurement into a working optimization method.,bad,"Report separation at least log10(512) = 2.70927 decades. The best training region is from the corrected historical comparison, not a newly located joint optimum. Do not present the old 16/21 layerwise peaks as current: that table used legacy last-20 accuracy.",CORRECTIONS96.6-96.8; bridge_current,figures/page-14.png,finding,MT098
15,The measurement window changed the story,Compare training budgets using the same tail metric.,Last 20 epochs vs last 5 epochs in a 20-epoch run,Keep startup speed separate from endpoint accuracy.,audit,"Representative headline configuration: same cells, different window. Across four strata, resolved argmaxes fall from four to zero. Pooled counts 27/25/26 describe a separate stratified summary.",CORRECTIONS96.6; window_metric_error,figures/page-15.png,finding,MT108; MT109; MT110
16,Granularity still matters after tuning,Verify the accuracy gap after fair meta-step tuning.,Layerwise vs scalar; each at its best tested step,Rule out a poor shared meta-step as the whole explanation.,good,Three seeds per cell. At initial LR1e-6 the scalar optimum is unbracketed; no corresponding tuned claim.,campaign_evidence.cifar100_meta_step_control,figures/page-16.png,finding,MT149; MT157
17,Mechanism tests eliminated several accounts,Explain where the granularity gap comes from.,Head / sign dynamics / named drivers / reduction,Combine interventions with recorded training dynamics.,mixed,"hb1 / ctd1 / crn1  |  See MT137, MT156, MT159-MT161 for exact scope","hb1 / ctd1 / crn1  |  See MT137, MT156, MT159-MT161 for exact scope",figures/page-17.png,finding,MT137; MT156; MT159; MT160; MT161
18,One tensor boundary changes accuracy,Locate a useful two-group split.,Cut after tensor 49 vs cut after tensor 50,A sharp accuracy drop can nominate a target for intervention.,good,Within tested grid only. Parameter balance and carrier location confounded. No comparison across different budgets.,cut_position_evidence.batches.cpk3,figures/page-18.png,finding,MT141; MT142; MT145; MT146; MT147; MT148; MT150
19,A tiny subset rescues ResNet accuracy,Recover layerwise-level accuracy with two groups.,Three chosen BN scales vs matched late-layer control,Test the nominated tensors by changing their grouping.,good,3 seeds per arm. Match to layerwise range; superiority unestablished. Identity vs direction magnitude unresolved.,isolation_evidence.experiments.cdep1,figures/page-19.png,finding,MT162; MT163
20,Rescue holds; pinning stays unresolved,Check long-run rescue and the strict pinning test.,Same ResNet runs: 100 vs 250 epochs,Test whether the rescue survives longer training.,mixed,Registered UNRESOLVED-NOT-PINNED. No RESCUE-SURVIVES verdict. Raw accuracy verified; occupancy tables are recorded evidence.,isolation_evidence.experiments.ciso2,figures/page-20.png,finding,MT165
21,The rescue repeats in VGG,Reproduce the rescue in another architecture.,Isolate bn8 vs matched bn7 in VGG11_bn,Check whether the effect extends beyond ResNet.,good,3 seeds per arm; only100epochs. VGG tuning untested. Magnitude not separated; superiority over layerwise not established.,isolation_evidence.experiments.cvi1,figures/page-21.png,finding,MT164; MT166
22,VGG cut location: completed test,Test whether the best cut sits before bn8.,VGG cut ladder: tensor boundary vs balance accounts,Separate explanations that overlapped on ResNet.,mixed,"VGG11_bn/CIFAR-100, augmented, 100 epochs, shared meta-step 1e-3; nine arms × three fresh seeds 55–57; one submission. Every sweep arm has exactly two contiguous tensor groups. Cell SD and SEM are empirical across three seeds. The registered peak set uses a common 2×SE bar with a frozen prior noise floor; it is not a simultaneous confidence interval. FINAL: UNRESOLVED-TIE-WITH-22 | CARRIER-CUT-UNRESOLVED | TIE-16-19-22 | GATES-CLEAN | ALIAS-CLASS-IS-INDEX-MOD-3 | MAGNITUDE-NOT-SEPARATED | HORIZON-100-ONLY | SHARED-MS-1E-3 | NOT-A-ONE-VARIABLE-ABLATION | SIGMA-NARROW-PINNED | TRAIN-ARGMAX-DISAGREES(22) | D22-16-TIED | CLIFF-IS-A-BOUND | GAP-REPLICATES-CVG1",CORRECTIONS208; frozen cVK2 scorer; new ALICE raw logs,figures/page-22.png,finding,CVK2
23,MetaOptimize loses to scheduled SGD,Beat a tuned non-meta optimizer.,MetaOptimize vs SGD + momentum + cosine schedule,Check whether the method offers a practical accuracy win.,bad,C100 one selected meta recipe; C10 two alpha0+clip recipes only. Unequal search breadth. No global optimum claim.,campaign_evidence.cifar100_denominator; unaugmented_cifar10_denominator,figures/page-23.png,finding,MT014; MT015; MT016; MT017; MT018; MT019; MT020; MT155
24,Baseline comparisons: full register 1,,,,overview,Full provenance and original questions are in tables/complete_experiment_register.csv.,MT014; MT015; MT016; MT017,figures/page-24.png,register,MT014; MT015; MT016; MT017
25,Baseline comparisons: full register 2,,,,overview,Full provenance and original questions are in tables/complete_experiment_register.csv.,MT018; MT019; MT020,figures/page-25.png,register,MT018; MT019; MT020
26,Step-size granularity: full register 1,,,,overview,Full provenance and original questions are in tables/complete_experiment_register.csv.,MT026; MT027; MT028; MT029,figures/page-26.png,register,MT026; MT027; MT028; MT029
27,Step-size granularity: full register 2,,,,overview,Full provenance and original questions are in tables/complete_experiment_register.csv.,MT030; MT031; MT033; MT034,figures/page-27.png,register,MT030; MT031; MT033; MT034
28,Training duration: full register 1,,,,overview,Full provenance and original questions are in tables/complete_experiment_register.csv.,MT039; MT040; MT041,figures/page-28.png,register,MT039; MT040; MT041
29,Initial-rate robustness: full register 1,,,,overview,Full provenance and original questions are in tables/complete_experiment_register.csv.,MT047; MT048; MT049; MT050,figures/page-29.png,register,MT047; MT048; MT049; MT050
30,Initial-rate robustness: full register 2,,,,overview,Full provenance and original questions are in tables/complete_experiment_register.csv.,MT051,figures/page-30.png,register,MT051
31,Model and dataset scope: full register 1,,,,overview,Full provenance and original questions are in tables/complete_experiment_register.csv.,MT057; MT058; MT059; MT060,figures/page-31.png,register,MT057; MT058; MT059; MT060
32,Model and dataset scope: full register 2,,,,overview,Full provenance and original questions are in tables/complete_experiment_register.csv.,MT061; MT062; MT063,figures/page-32.png,register,MT061; MT062; MT063
33,Proposed fixes: full register 1,,,,overview,Full provenance and original questions are in tables/complete_experiment_register.csv.,MT069; MT070; MT071; MT072,figures/page-33.png,register,MT069; MT070; MT071; MT072
34,Proposed fixes: full register 2,,,,overview,Full provenance and original questions are in tables/complete_experiment_register.csv.,MT073; MT074; MT075; MT076,figures/page-34.png,register,MT073; MT074; MT075; MT076
35,Proposed fixes: full register 3,,,,overview,Full provenance and original questions are in tables/complete_experiment_register.csv.,MT077; MT078; MT079; MT080,figures/page-35.png,register,MT077; MT078; MT079; MT080
36,Meta-gradient measurements: full register 1,,,,overview,Full provenance and original questions are in tables/complete_experiment_register.csv.,MT086; MT087; MT088; MT089,figures/page-36.png,register,MT086; MT087; MT088; MT089
37,Meta-gradient measurements: full register 2,,,,overview,Full provenance and original questions are in tables/complete_experiment_register.csv.,MT090; MT091; MT092; MT093,figures/page-37.png,register,MT090; MT091; MT092; MT093
38,Meta-gradient measurements: full register 3,,,,overview,Full provenance and original questions are in tables/complete_experiment_register.csv.,MT094; MT095; MT096; MT097,figures/page-38.png,register,MT094; MT095; MT096; MT097
39,Meta-gradient measurements: full register 4,,,,overview,Full provenance and original questions are in tables/complete_experiment_register.csv.,MT098; MT099; MT100; MT102,figures/page-39.png,register,MT098; MT099; MT100; MT102
40,Meta-gradient measurements: full register 5,,,,overview,Full provenance and original questions are in tables/complete_experiment_register.csv.,MT103,figures/page-40.png,register,MT103
41,Measurement checks: full register 1,,,,overview,Full provenance and original questions are in tables/complete_experiment_register.csv.,MT108; MT109; MT110; MT111,figures/page-41.png,register,MT108; MT109; MT110; MT111
42,Measurement checks: full register 2,,,,overview,Full provenance and original questions are in tables/complete_experiment_register.csv.,MT112; MT113; MT114; MT115,figures/page-42.png,register,MT112; MT113; MT114; MT115
43,Measurement checks: full register 3,,,,overview,Full provenance and original questions are in tables/complete_experiment_register.csv.,MT116; MT117; MT118; MT119,figures/page-43.png,register,MT116; MT117; MT118; MT119
44,Measurement checks: full register 4,,,,overview,Full provenance and original questions are in tables/complete_experiment_register.csv.,MT121; MT122; MT123; MT124,figures/page-44.png,register,MT121; MT122; MT123; MT124
45,Mechanism and isolation: full register 1,,,,overview,Full provenance and original questions are in tables/complete_experiment_register.csv.,MT132; MT133; MT134; MT135,figures/page-45.png,register,MT132; MT133; MT134; MT135
46,Mechanism and isolation: full register 2,,,,overview,Full provenance and original questions are in tables/complete_experiment_register.csv.,MT136; MT137; MT138; MT139,figures/page-46.png,register,MT136; MT137; MT138; MT139
47,Mechanism and isolation: full register 3,,,,overview,Full provenance and original questions are in tables/complete_experiment_register.csv.,MT140; MT141; MT142; MT143,figures/page-47.png,register,MT140; MT141; MT142; MT143
48,Mechanism and isolation: full register 4,,,,overview,Full provenance and original questions are in tables/complete_experiment_register.csv.,MT144; MT145; MT146; MT147,figures/page-48.png,register,MT144; MT145; MT146; MT147
49,Mechanism and isolation: full register 5,,,,overview,Full provenance and original questions are in tables/complete_experiment_register.csv.,MT148; MT149; MT150; MT151,figures/page-49.png,register,MT148; MT149; MT150; MT151
50,Mechanism and isolation: full register 6,,,,overview,Full provenance and original questions are in tables/complete_experiment_register.csv.,MT152; MT153; MT154; MT155,figures/page-50.png,register,MT152; MT153; MT154; MT155
51,Mechanism and isolation: full register 7,,,,overview,Full provenance and original questions are in tables/complete_experiment_register.csv.,MT156; MT157; MT158; MT159,figures/page-51.png,register,MT156; MT157; MT158; MT159
52,Mechanism and isolation: full register 8,,,,overview,Full provenance and original questions are in tables/complete_experiment_register.csv.,MT160; MT161; MT162; MT163,figures/page-52.png,register,MT160; MT161; MT162; MT163
53,Mechanism and isolation: full register 9,,,,overview,Full provenance and original questions are in tables/complete_experiment_register.csv.,MT164; MT165; MT166; CVK2,figures/page-53.png,register,MT164; MT165; MT166; CVK2
54,"Data, scope and reproducibility",,,,overview,"The complete register preserves original questions, short explanations, current status and exact source references.",all evidence JSONs; source_fingerprints.csv; new CVK2 receipt,figures/page-54.png,provenance,
