phase,test,observed_result,next_question
"18-20 Aug
Initial hierarchy",Shrink / additive pooling,"Apparent gains; controls expose
operator and tuning confounds",Test the hierarchy directly
"20-24 Aug
Signal analysis","Granularity; correlated
meta-gradients","Measured structure; no reliable
accuracy-prediction rule",Hold group count fixed
"24 Aug-3 Sep
Partition tests","Count-matched
partitions","+0.49 to +0.73 pp across four
submissions; overlapping seeds",Stress-test tuning and scope
"3-6 Sep
Direct proposal tests","Two-level hierarchy;
empirical Bayes","Two-level: -0.25 / -0.82 pp;
EB: +0.04 pp; registered FAILURE",Separate local additive benefit
"4-8 Sep
Locate the gap","Two-group cut sweep;
CIFAR-100 tuning","Cut k=49 peaks; tuned
layerwise - scalar: +35.29 pp",Intervene on candidate tensors
"8-10 Sep
ResNet isolation","3 BN scales; matched
controls; 250 epochs","+46.93 pp initial rescue;
99.77% retained at 250 ep","Pinning unresolved;
test a second architecture"
"9-10 Sep
VGG + fairness","1 BN scale;
no-augmentation baseline","VGG rescue: +31.30 pp;
unaugmented SGD lead: +3.62 pp","Magnitude, scope, VGG cut test"
"14 Sep
VGG cut ladder",27 completed runs; seven cuts and two anchors,"Cuts 16, 19, 22 share the peak set; prediction unresolved.",Causal identity versus magnitude remains unresolved
