panel_id,source_pointer,value_type,value
alpha0_robustness,/panels/alpha0_robustness/grid_means/constant/plateau5,float,72.88485714285714
alpha0_robustness,/panels/alpha0_robustness/grid_means/constant/plateau20,float,72.76547619047619
alpha0_robustness,/panels/alpha0_robustness/grid_means/constant/six_cell_excluding_1e1/plateau5,float,82.87611111111111
alpha0_robustness,/panels/alpha0_robustness/grid_means/constant/six_cell_excluding_1e1/plateau20,float,82.79344444444445
alpha0_robustness,/panels/alpha0_robustness/grid_means/meta/plateau5,float,87.10619047619048
alpha0_robustness,/panels/alpha0_robustness/grid_means/meta/plateau20,float,87.05771428571428
alpha0_robustness,/panels/alpha0_robustness/grid_means/meta/six_cell_excluding_1e1/plateau5,float,91.76488888888889
alpha0_robustness,/panels/alpha0_robustness/grid_means/meta/six_cell_excluding_1e1/plateau20,float,91.72338888888889
alpha0_robustness,/panels/alpha0_robustness/grid_means/cosine/plateau5,float,83.94745238095238
alpha0_robustness,/panels/alpha0_robustness/grid_means/cosine/plateau20,float,81.9632380952381
alpha0_robustness,/panels/alpha0_robustness/grid_means/cosine/six_cell_excluding_1e1/plateau5,float,87.08502777777778
alpha0_robustness,/panels/alpha0_robustness/grid_means/cosine/six_cell_excluding_1e1/plateau20,float,86.782
alpha0_robustness,/panels/alpha0_robustness/definition,str,"Equal weight per one of seven registered LR/alpha0 grid cells; each cell is its mean over all seeds, retaining collapse outcomes. Six-cell sensitivity removes entire alpha01e-1 cell for all arms."
alpha0_robustness,/panels/alpha0_robustness/scope,str,"ResNet18/CIFAR10,AUGMENT1,100ep; meta AdamW+Adam/6blocks/ms1e-3."
alpha0_robustness,/panels/alpha0_robustness/caveats/0,str,"The historical +4.941 and +5.094 pp results use plateau20; plateau5 recalculation is newly descriptive, not a new registered verdict."
alpha0_robustness,/panels/alpha0_robustness/caveats/1,str,Cosine arm is a cross-batch SW+i3c assembly. A/B are account-balanced2:1; C sits wholly on Account1.
alpha0_robustness,/panels/alpha0_robustness/caveats/2,str,"Seven grid points spanning five decades, not seven decades. Grid mean describes this chosen grid, not an intrinsic robustness constant."
alpha0_robustness,/panels/alpha0_robustness/caveats/3,str,Augmented meta arms have no stored probe occupancy; do not inherit cau1 guard-free finding across settings.
alpha0_robustness,/panels/alpha0_robustness/fresh_primary_note,str,"Seven-cell mean B−C=3.158738 pp; six-cell exclusion of 1e-1 gives 4.679861 pp. Historical +5.094/+4.941 is plateau20, not primary. No aggregate SEM invented across the chosen grid."
alpha0_300_extremes,/panels/alpha0_300_extremes/scope,str,"300-epoch independent-budget follow-up at four alpha0 extremes, constant and meta only, n=2. Compare corresponding 100-epoch cells; this is not a completed three-arm 300-epoch grid."
alpha0_300_extremes,/panels/alpha0_300_extremes/source_refs/0/path,str,repository/docs/MASTER-TABLE.md
alpha0_300_extremes,/panels/alpha0_300_extremes/source_refs/0/line,int,50
alpha0_300_extremes,/panels/alpha0_300_extremes/source_refs/0/section,NoneType,
alpha0_300_extremes,/panels/alpha0_300_extremes/source_refs/1/path,str,repository/docs/CORRECTIONS.md
alpha0_300_extremes,/panels/alpha0_300_extremes/source_refs/1/line,int,1285
alpha0_300_extremes,/panels/alpha0_300_extremes/source_refs/1/section,str,42
schedule_controls,/panels/schedule_controls/scope,str,"Fixed, meta, and cosine are separate recipes. Keep SW warmup10000 and fxcos warmup2500 in separate series; both use COS_TOTAL50000. i3a is COS_TOTAL1e8, warmup0."
schedule_controls,/panels/schedule_controls/source_refs/0/path,str,repository/docs/MASTER-TABLE.md
schedule_controls,/panels/schedule_controls/source_refs/0/line,int,15
schedule_controls,/panels/schedule_controls/source_refs/0/section,NoneType,
schedule_controls,/panels/schedule_controls/source_refs/1/path,str,repository/docs/CLOSEOUT.md
schedule_controls,/panels/schedule_controls/source_refs/1/line,int,52
schedule_controls,/panels/schedule_controls/source_refs/1/section,NoneType,
schedule_controls,/panels/schedule_controls/verified_counterweight/meta_minus_fixed/positive_means,str,first named arm minus second named arm
schedule_controls,/panels/schedule_controls/verified_counterweight/meta_minus_fixed/a,str,meta-3e-4
schedule_controls,/panels/schedule_controls/verified_counterweight/meta_minus_fixed/b,str,constant-3e-4
schedule_controls,/panels/schedule_controls/verified_counterweight/meta_minus_fixed/difference_pp,float,1.5506666666666717
schedule_controls,/panels/schedule_controls/verified_counterweight/meta_minus_fixed/empirical_unpaired_seed_se,float,0.12679467216286452
schedule_controls,/panels/schedule_controls/verified_counterweight/meta_minus_fixed/registered_se,NoneType,
schedule_controls,/panels/schedule_controls/verified_counterweight/meta_minus_fixed/registered_se_units,NoneType,
schedule_controls,/panels/schedule_controls/verified_counterweight/sgd_minus_meta/positive_means,str,first named arm minus second named arm
schedule_controls,/panels/schedule_controls/verified_counterweight/sgd_minus_meta/a,str,bl-sgd-01
schedule_controls,/panels/schedule_controls/verified_counterweight/sgd_minus_meta/b,str,meta-3e-4
schedule_controls,/panels/schedule_controls/verified_counterweight/sgd_minus_meta/difference_pp,float,1.8070666666666568
schedule_controls,/panels/schedule_controls/verified_counterweight/sgd_minus_meta/empirical_unpaired_seed_se,float,0.09500984744283678
schedule_controls,/panels/schedule_controls/verified_counterweight/sgd_minus_meta/registered_se,NoneType,
schedule_controls,/panels/schedule_controls/verified_counterweight/sgd_minus_meta/registered_se_units,NoneType,
schedule_controls,/panels/schedule_controls/verified_counterweight/scope,str,"ResNet18/CIFAR10,AUGMENT1,100ep. Cross-batch optima, not one matched batch. Plateau5."
schedule_controls,/panels/schedule_controls/verified_counterweight/source,str,CSV i3a-3e4/i3b-3e4/bl-sgd-01; CLOSEOUT4; MASTER-TABLE15-16
schedule_controls,/panels/schedule_controls/verified_counterweight/caveat,str,Historical guard occupancy unmeasured for i3b; do not call this guard-free.
baseline_model_transfer,/panels/baseline_model_transfer/scope,str,"R34/R50 AdamW cosine at two LR points, n=3 each. These target ladders do not bracket the peak; selected observed maxima are descriptive."
baseline_model_transfer,/panels/baseline_model_transfer/source_refs/0/path,str,repository/docs/MASTER-TABLE.md
baseline_model_transfer,/panels/baseline_model_transfer/source_refs/0/line,int,18
baseline_model_transfer,/panels/baseline_model_transfer/source_refs/0/section,NoneType,
baseline_budget,/panels/baseline_budget/scope,str,"300/600 independent training budgets, n=3. Meta is AdamW/Adam LAYERWISE ADDITIVE r=.06, a0=1e-4 ms=1e-3; cosine lr=1e-3. Do not replace this with plain layerwise when matching 100 epochs."
baseline_budget,/panels/baseline_budget/source_refs/0/path,str,repository/docs/MASTER-TABLE.md
baseline_budget,/panels/baseline_budget/source_refs/0/line,int,17
baseline_budget,/panels/baseline_budget/source_refs/0/section,NoneType,
baseline_budget,/panels/baseline_budget/source_refs/1/path,str,repository/docs/CORRECTIONS.md
baseline_budget,/panels/baseline_budget/source_refs/1/line,int,1121
baseline_budget,/panels/baseline_budget/source_refs/1/section,str,36
granularity_model_transfer,/panels/granularity_model_transfer/scope,str,"sc first three seeds for R10/R18/R34; sc50 two seeds at two alpha0 values. Shared ms=1e-3, C10. Additive cells kept explicitly separate from plain granularity."
granularity_model_transfer,/panels/granularity_model_transfer/source_refs/0/path,str,repository/docs/MASTER-TABLE.md
granularity_model_transfer,/panels/granularity_model_transfer/source_refs/0/line,int,57
granularity_model_transfer,/panels/granularity_model_transfer/source_refs/0/section,NoneType,
granularity_model_transfer,/panels/granularity_model_transfer/source_refs/1/path,str,repository/docs/MASTER-TABLE.md
granularity_model_transfer,/panels/granularity_model_transfer/source_refs/1/line,int,58
granularity_model_transfer,/panels/granularity_model_transfer/source_refs/1/section,NoneType,
granularity_cifar100_historical,/panels/granularity_cifar100_historical/scope,str,"c100+c100b gives scalar/blk6/layerwise n=5 at each alpha0; c100f node/weight n=3 at 1e-3 only. Shared ms=1e-3. These batch compositions differ, and target meta steps are not individually tuned."
granularity_cifar100_historical,/panels/granularity_cifar100_historical/source_refs/0/path,str,repository/docs/MASTER-TABLE.md
granularity_cifar100_historical,/panels/granularity_cifar100_historical/source_refs/0/line,int,59
granularity_cifar100_historical,/panels/granularity_cifar100_historical/source_refs/0/section,NoneType,
granularity_cifar100_historical,/panels/granularity_cifar100_historical/source_refs/1/path,str,repository/docs/MASTER-TABLE.md
granularity_cifar100_historical,/panels/granularity_cifar100_historical/source_refs/1/line,int,60
granularity_cifar100_historical,/panels/granularity_cifar100_historical/source_refs/1/section,NoneType,
granularity_cifar100_tuning,/panels/granularity_cifar100_tuning/tuned/positive_means,str,first named arm minus second named arm
granularity_cifar100_tuning,/panels/granularity_cifar100_tuning/tuned/a,str,cru1-lay-m1e-4-a1e-3
granularity_cifar100_tuning,/panels/granularity_cifar100_tuning/tuned/b,str,cru1-sc-m1e-4-a1e-3
granularity_cifar100_tuning,/panels/granularity_cifar100_tuning/tuned/difference_pp,float,35.29066666666667
granularity_cifar100_tuning,/panels/granularity_cifar100_tuning/tuned/empirical_unpaired_seed_se,float,0.2693432341414558
granularity_cifar100_tuning,/panels/granularity_cifar100_tuning/tuned/registered_se,NoneType,
granularity_cifar100_tuning,/panels/granularity_cifar100_tuning/tuned/registered_se_units,NoneType,
granularity_cifar100_tuning,/panels/granularity_cifar100_tuning/shared_ms1e3/positive_means,str,first named arm minus second named arm
granularity_cifar100_tuning,/panels/granularity_cifar100_tuning/shared_ms1e3/a,str,cru1-lay-m1e-3-a1e-3
granularity_cifar100_tuning,/panels/granularity_cifar100_tuning/shared_ms1e3/b,str,cru1-sc-m1e-3-a1e-3
granularity_cifar100_tuning,/panels/granularity_cifar100_tuning/shared_ms1e3/difference_pp,float,47.46066666666666
granularity_cifar100_tuning,/panels/granularity_cifar100_tuning/shared_ms1e3/empirical_unpaired_seed_se,float,0.41997883544557657
granularity_cifar100_tuning,/panels/granularity_cifar100_tuning/shared_ms1e3/registered_se,NoneType,
granularity_cifar100_tuning,/panels/granularity_cifar100_tuning/shared_ms1e3/registered_se_units,NoneType,
granularity_cifar100_tuning,/panels/granularity_cifar100_tuning/token,str,1e-3:GAP-SHRINKS;1e-6:UNRESOLVED-OPTIMUM-AT-LADDER-EDGE;ALIAS-BROKEN
granularity_cifar100_tuning,/panels/granularity_cifar100_tuning/scope,str,"ResNet18_c100/CIFAR100,AUGMENT1,100ep,3freshseeds15-17/cell. Main plot uses alpha0=1e-3 only."
granularity_cifar100_tuning,/panels/granularity_cifar100_tuning/caveats/0,str,"At alpha0=1e-6 scalar optimum is at ladder edge, so no analogous tuned conclusion."
granularity_cifar100_tuning,/panels/granularity_cifar100_tuning/caveats/1,str,Does not refute hz9: different dataset and contrast.
granularity_cifar100_tuning,/panels/granularity_cifar100_tuning/caveats/2,str,F-control fails but its presumed frozen-beta interpretation was false; no non-adaptation mechanism claim.
granularity_dataset_network_extensions,/panels/granularity_dataset_network_extensions/scope_notes/0,str,TinyImageNet positive gap+40.9753 is same shared ms1e-3 and alpha01e-6; not separately tuned on target dataset.
granularity_dataset_network_extensions,/panels/granularity_dataset_network_extensions/scope_notes/1,str,VGG11_bn/CIFAR100 100ep gap+31.2687 is non-residual but still BatchNorm; multi-axis architecture change. Target-network ms optima are not located.
full_granularity_ladder,/panels/full_granularity_ladder/scope,str,"Current complete canonical C10 SGDm/Lion a0=1e-3 corpus, cQ1 selection with explicitly flagged duplicate aliases collapsed; descriptive multi-batch cells. This changes nodewise1e-4 n32 to n29 but not the selected peak. Each peak selected over available canonical rungs, not a new registered comparison. Means differ from frozen old tables as the corpus grew."
full_granularity_ladder,/panels/full_granularity_ladder/caveats/0,str,Cross-family and unbalanced cell composition means cell SEM alone cannot rank small differences.
full_granularity_ladder,/panels/full_granularity_ladder/caveats/1,str,Some above-peak rungs have n=1; endpoints and sampled curves do not prove a global optimum.
full_granularity_ladder,/panels/full_granularity_ladder/caveats/2,str,"Canonical clamp box remains; at1 nodewise@3e-4 touches the lower bound, unlike tw0@1e-4."
full_granularity_ladder,/panels/full_granularity_ladder/caveats/3,str,"Historical frozen-beta ms1e-8 is only an approximation, not proof of no beta motion."
full_granularity_ladder,/panels/full_granularity_ladder/source_refs/0/path,str,repository/analysis/cQ1_row24_falloff_score.py
full_granularity_ladder,/panels/full_granularity_ladder/source_refs/0/line,int,90
full_granularity_ladder,/panels/full_granularity_ladder/source_refs/0/section,NoneType,
full_granularity_ladder,/panels/full_granularity_ladder/source_refs/1/path,str,publication-workspace/work/full_portfolio_falloff_score.txt
weightwise_tuning,/panels/weightwise_tuning/registered_result,str,"W2 REFUTED; grid argmax interior by W1b, but W1 peak location UNDECIDED. Never call 1e-4 the resolved optimum."
weightwise_tuning,/panels/weightwise_tuning/guard_result,str,"tw0 100-epoch follow-up reports zero recorded occupancy in all 9 runs; closes wm9’s short-budget guard extrapolation, CORRECTIONS104.2."
weightwise_tuning,/panels/weightwise_tuning/source_refs/0/path,str,repository/docs/CORRECTIONS.md
weightwise_tuning,/panels/weightwise_tuning/source_refs/0/line,int,4853
weightwise_tuning,/panels/weightwise_tuning/source_refs/0/section,str,103.2
weightwise_tuning,/panels/weightwise_tuning/source_refs/1/path,str,repository/docs/CORRECTIONS.md
weightwise_tuning,/panels/weightwise_tuning/source_refs/1/line,int,4988
weightwise_tuning,/panels/weightwise_tuning/source_refs/1/section,str,104.2
horizon_reversal,/panels/horizon_reversal/shared_ms/0/end_epoch,int,10
horizon_reversal,/panels/horizon_reversal/shared_ms/0/paired_within_family_differences/0/family,str,br6
horizon_reversal,/panels/horizon_reversal/shared_ms/0/paired_within_family_differences/0/seed,int,0
horizon_reversal,/panels/horizon_reversal/shared_ms/0/paired_within_family_differences/0/node_minus_lay,float,-4.195999999999998
horizon_reversal,/panels/horizon_reversal/shared_ms/0/paired_within_family_differences/1/family,str,br6
horizon_reversal,/panels/horizon_reversal/shared_ms/0/paired_within_family_differences/1/seed,int,1
horizon_reversal,/panels/horizon_reversal/shared_ms/0/paired_within_family_differences/1/node_minus_lay,float,-3.451999999999998
horizon_reversal,/panels/horizon_reversal/shared_ms/0/paired_within_family_differences/2/family,str,br6
horizon_reversal,/panels/horizon_reversal/shared_ms/0/paired_within_family_differences/2/seed,int,2
horizon_reversal,/panels/horizon_reversal/shared_ms/0/paired_within_family_differences/2/node_minus_lay,float,-4.078000000000003
horizon_reversal,/panels/horizon_reversal/shared_ms/0/paired_within_family_differences/3/family,str,br6
horizon_reversal,/panels/horizon_reversal/shared_ms/0/paired_within_family_differences/3/seed,int,3
horizon_reversal,/panels/horizon_reversal/shared_ms/0/paired_within_family_differences/3/node_minus_lay,float,-3.2660000000000053
horizon_reversal,/panels/horizon_reversal/shared_ms/0/paired_within_family_differences/4/family,str,bl5
horizon_reversal,/panels/horizon_reversal/shared_ms/0/paired_within_family_differences/4/seed,int,0
horizon_reversal,/panels/horizon_reversal/shared_ms/0/paired_within_family_differences/4/node_minus_lay,float,-5.219999999999999
horizon_reversal,/panels/horizon_reversal/shared_ms/0/paired_within_family_differences/5/family,str,bl5
horizon_reversal,/panels/horizon_reversal/shared_ms/0/paired_within_family_differences/5/seed,int,1
horizon_reversal,/panels/horizon_reversal/shared_ms/0/paired_within_family_differences/5/node_minus_lay,float,-4.52000000000001
horizon_reversal,/panels/horizon_reversal/shared_ms/0/paired_within_family_differences/6/family,str,bl5
horizon_reversal,/panels/horizon_reversal/shared_ms/0/paired_within_family_differences/6/seed,int,2
horizon_reversal,/panels/horizon_reversal/shared_ms/0/paired_within_family_differences/6/node_minus_lay,float,-2.891999999999996
horizon_reversal,/panels/horizon_reversal/shared_ms/0/node_minus_lay/n,int,7
horizon_reversal,/panels/horizon_reversal/shared_ms/0/node_minus_lay/mean,float,-3.9462857142857155
horizon_reversal,/panels/horizon_reversal/shared_ms/0/node_minus_lay/sd,float,0.8010230363490844
horizon_reversal,/panels/horizon_reversal/shared_ms/0/node_minus_lay/sem,float,0.3027582498019328
horizon_reversal,/panels/horizon_reversal/shared_ms/0/node_minus_lay/min,float,-5.219999999999999
horizon_reversal,/panels/horizon_reversal/shared_ms/0/node_minus_lay/max,float,-2.891999999999996
horizon_reversal,/panels/horizon_reversal/shared_ms/1/end_epoch,int,15
horizon_reversal,/panels/horizon_reversal/shared_ms/1/paired_within_family_differences/0/family,str,br6
horizon_reversal,/panels/horizon_reversal/shared_ms/1/paired_within_family_differences/0/seed,int,0
horizon_reversal,/panels/horizon_reversal/shared_ms/1/paired_within_family_differences/0/node_minus_lay,float,-1.5999999999999943
horizon_reversal,/panels/horizon_reversal/shared_ms/1/paired_within_family_differences/1/family,str,br6
horizon_reversal,/panels/horizon_reversal/shared_ms/1/paired_within_family_differences/1/seed,int,1
horizon_reversal,/panels/horizon_reversal/shared_ms/1/paired_within_family_differences/1/node_minus_lay,float,-1.0300000000000011
horizon_reversal,/panels/horizon_reversal/shared_ms/1/paired_within_family_differences/2/family,str,br6
horizon_reversal,/panels/horizon_reversal/shared_ms/1/paired_within_family_differences/2/seed,int,2
horizon_reversal,/panels/horizon_reversal/shared_ms/1/paired_within_family_differences/2/node_minus_lay,float,-1.5300000000000011
horizon_reversal,/panels/horizon_reversal/shared_ms/1/paired_within_family_differences/3/family,str,br6
horizon_reversal,/panels/horizon_reversal/shared_ms/1/paired_within_family_differences/3/seed,int,3
horizon_reversal,/panels/horizon_reversal/shared_ms/1/paired_within_family_differences/3/node_minus_lay,float,-1.2780000000000058
horizon_reversal,/panels/horizon_reversal/shared_ms/1/paired_within_family_differences/4/family,str,bl5
horizon_reversal,/panels/horizon_reversal/shared_ms/1/paired_within_family_differences/4/seed,int,0
horizon_reversal,/panels/horizon_reversal/shared_ms/1/paired_within_family_differences/4/node_minus_lay,float,-0.9639999999999986
horizon_reversal,/panels/horizon_reversal/shared_ms/1/paired_within_family_differences/5/family,str,bl5
horizon_reversal,/panels/horizon_reversal/shared_ms/1/paired_within_family_differences/5/seed,int,1
horizon_reversal,/panels/horizon_reversal/shared_ms/1/paired_within_family_differences/5/node_minus_lay,float,-0.9519999999999982
horizon_reversal,/panels/horizon_reversal/shared_ms/1/paired_within_family_differences/6/family,str,bl5
horizon_reversal,/panels/horizon_reversal/shared_ms/1/paired_within_family_differences/6/seed,int,2
horizon_reversal,/panels/horizon_reversal/shared_ms/1/paired_within_family_differences/6/node_minus_lay,float,-1.0020000000000095
horizon_reversal,/panels/horizon_reversal/shared_ms/1/node_minus_lay/n,int,7
horizon_reversal,/panels/horizon_reversal/shared_ms/1/node_minus_lay/mean,float,-1.193714285714287
horizon_reversal,/panels/horizon_reversal/shared_ms/1/node_minus_lay/sd,float,0.2768909016717063
horizon_reversal,/panels/horizon_reversal/shared_ms/1/node_minus_lay/sem,float,0.10465492373139623
horizon_reversal,/panels/horizon_reversal/shared_ms/1/node_minus_lay/min,float,-1.5999999999999943
horizon_reversal,/panels/horizon_reversal/shared_ms/1/node_minus_lay/max,float,-0.9519999999999982
horizon_reversal,/panels/horizon_reversal/shared_ms/2/end_epoch,int,20
horizon_reversal,/panels/horizon_reversal/shared_ms/2/paired_within_family_differences/0/family,str,br6
horizon_reversal,/panels/horizon_reversal/shared_ms/2/paired_within_family_differences/0/seed,int,0
horizon_reversal,/panels/horizon_reversal/shared_ms/2/paired_within_family_differences/0/node_minus_lay,float,-0.09999999999999432
horizon_reversal,/panels/horizon_reversal/shared_ms/2/paired_within_family_differences/1/family,str,br6
horizon_reversal,/panels/horizon_reversal/shared_ms/2/paired_within_family_differences/1/seed,int,1
horizon_reversal,/panels/horizon_reversal/shared_ms/2/paired_within_family_differences/1/node_minus_lay,float,0.055999999999997385
horizon_reversal,/panels/horizon_reversal/shared_ms/2/paired_within_family_differences/2/family,str,br6
horizon_reversal,/panels/horizon_reversal/shared_ms/2/paired_within_family_differences/2/seed,int,2
horizon_reversal,/panels/horizon_reversal/shared_ms/2/paired_within_family_differences/2/node_minus_lay,float,0.4660000000000082
horizon_reversal,/panels/horizon_reversal/shared_ms/2/paired_within_family_differences/3/family,str,br6
horizon_reversal,/panels/horizon_reversal/shared_ms/2/paired_within_family_differences/3/seed,int,3
horizon_reversal,/panels/horizon_reversal/shared_ms/2/paired_within_family_differences/3/node_minus_lay,float,-0.19400000000000261
horizon_reversal,/panels/horizon_reversal/shared_ms/2/paired_within_family_differences/4/family,str,bl5
horizon_reversal,/panels/horizon_reversal/shared_ms/2/paired_within_family_differences/4/seed,int,0
horizon_reversal,/panels/horizon_reversal/shared_ms/2/paired_within_family_differences/4/node_minus_lay,float,-0.38400000000001455
horizon_reversal,/panels/horizon_reversal/shared_ms/2/paired_within_family_differences/5/family,str,bl5
horizon_reversal,/panels/horizon_reversal/shared_ms/2/paired_within_family_differences/5/seed,int,1
horizon_reversal,/panels/horizon_reversal/shared_ms/2/paired_within_family_differences/5/node_minus_lay,float,0.24400000000001398
horizon_reversal,/panels/horizon_reversal/shared_ms/2/paired_within_family_differences/6/family,str,bl5
horizon_reversal,/panels/horizon_reversal/shared_ms/2/paired_within_family_differences/6/seed,int,2
horizon_reversal,/panels/horizon_reversal/shared_ms/2/paired_within_family_differences/6/node_minus_lay,float,0.1599999999999966
horizon_reversal,/panels/horizon_reversal/shared_ms/2/node_minus_lay/n,int,7
horizon_reversal,/panels/horizon_reversal/shared_ms/2/node_minus_lay/mean,float,0.03542857142857209
horizon_reversal,/panels/horizon_reversal/shared_ms/2/node_minus_lay/sd,float,0.2862789182731118
horizon_reversal,/panels/horizon_reversal/shared_ms/2/node_minus_lay/sem,float,0.10820326047874833
horizon_reversal,/panels/horizon_reversal/shared_ms/2/node_minus_lay/min,float,-0.38400000000001455
horizon_reversal,/panels/horizon_reversal/shared_ms/2/node_minus_lay/max,float,0.4660000000000082
horizon_reversal,/panels/horizon_reversal/shared_ms/3/end_epoch,int,25
horizon_reversal,/panels/horizon_reversal/shared_ms/3/paired_within_family_differences/0/family,str,br6
horizon_reversal,/panels/horizon_reversal/shared_ms/3/paired_within_family_differences/0/seed,int,0
horizon_reversal,/panels/horizon_reversal/shared_ms/3/paired_within_family_differences/0/node_minus_lay,float,0.4679999999999893
horizon_reversal,/panels/horizon_reversal/shared_ms/3/paired_within_family_differences/1/family,str,br6
horizon_reversal,/panels/horizon_reversal/shared_ms/3/paired_within_family_differences/1/seed,int,1
horizon_reversal,/panels/horizon_reversal/shared_ms/3/paired_within_family_differences/1/node_minus_lay,float,0.5039999999999907
horizon_reversal,/panels/horizon_reversal/shared_ms/3/paired_within_family_differences/2/family,str,br6
horizon_reversal,/panels/horizon_reversal/shared_ms/3/paired_within_family_differences/2/seed,int,2
horizon_reversal,/panels/horizon_reversal/shared_ms/3/paired_within_family_differences/2/node_minus_lay,float,0.6760000000000019
horizon_reversal,/panels/horizon_reversal/shared_ms/3/paired_within_family_differences/3/family,str,br6
horizon_reversal,/panels/horizon_reversal/shared_ms/3/paired_within_family_differences/3/seed,int,3
horizon_reversal,/panels/horizon_reversal/shared_ms/3/paired_within_family_differences/3/node_minus_lay,float,0.5099999999999909
horizon_reversal,/panels/horizon_reversal/shared_ms/3/paired_within_family_differences/4/family,str,bl5
horizon_reversal,/panels/horizon_reversal/shared_ms/3/paired_within_family_differences/4/seed,int,0
horizon_reversal,/panels/horizon_reversal/shared_ms/3/paired_within_family_differences/4/node_minus_lay,float,0.5579999999999927
horizon_reversal,/panels/horizon_reversal/shared_ms/3/paired_within_family_differences/5/family,str,bl5
horizon_reversal,/panels/horizon_reversal/shared_ms/3/paired_within_family_differences/5/seed,int,1
horizon_reversal,/panels/horizon_reversal/shared_ms/3/paired_within_family_differences/5/node_minus_lay,float,1.2139999999999986
horizon_reversal,/panels/horizon_reversal/shared_ms/3/paired_within_family_differences/6/family,str,bl5
horizon_reversal,/panels/horizon_reversal/shared_ms/3/paired_within_family_differences/6/seed,int,2
horizon_reversal,/panels/horizon_reversal/shared_ms/3/paired_within_family_differences/6/node_minus_lay,float,1.141999999999996
horizon_reversal,/panels/horizon_reversal/shared_ms/3/node_minus_lay/n,int,7
horizon_reversal,/panels/horizon_reversal/shared_ms/3/node_minus_lay/mean,float,0.7245714285714229
horizon_reversal,/panels/horizon_reversal/shared_ms/3/node_minus_lay/sd,float,0.31738875066331645
horizon_reversal,/panels/horizon_reversal/shared_ms/3/node_minus_lay/sem,float,0.11996167188351742
horizon_reversal,/panels/horizon_reversal/shared_ms/3/node_minus_lay/min,float,0.4679999999999893
horizon_reversal,/panels/horizon_reversal/shared_ms/3/node_minus_lay/max,float,1.2139999999999986
horizon_reversal,/panels/horizon_reversal/shared_ms/4/end_epoch,int,30
horizon_reversal,/panels/horizon_reversal/shared_ms/4/paired_within_family_differences/0/family,str,br6
horizon_reversal,/panels/horizon_reversal/shared_ms/4/paired_within_family_differences/0/seed,int,0
horizon_reversal,/panels/horizon_reversal/shared_ms/4/paired_within_family_differences/0/node_minus_lay,float,1.181999999999988
horizon_reversal,/panels/horizon_reversal/shared_ms/4/paired_within_family_differences/1/family,str,br6
horizon_reversal,/panels/horizon_reversal/shared_ms/4/paired_within_family_differences/1/seed,int,1
horizon_reversal,/panels/horizon_reversal/shared_ms/4/paired_within_family_differences/1/node_minus_lay,float,1.0300000000000011
horizon_reversal,/panels/horizon_reversal/shared_ms/4/paired_within_family_differences/2/family,str,br6
horizon_reversal,/panels/horizon_reversal/shared_ms/4/paired_within_family_differences/2/seed,int,2
horizon_reversal,/panels/horizon_reversal/shared_ms/4/paired_within_family_differences/2/node_minus_lay,float,1.0339999999999918
horizon_reversal,/panels/horizon_reversal/shared_ms/4/paired_within_family_differences/3/family,str,br6
horizon_reversal,/panels/horizon_reversal/shared_ms/4/paired_within_family_differences/3/seed,int,3
horizon_reversal,/panels/horizon_reversal/shared_ms/4/paired_within_family_differences/3/node_minus_lay,float,0.9060000000000059
horizon_reversal,/panels/horizon_reversal/shared_ms/4/paired_within_family_differences/4/family,str,bl5
horizon_reversal,/panels/horizon_reversal/shared_ms/4/paired_within_family_differences/4/seed,int,0
horizon_reversal,/panels/horizon_reversal/shared_ms/4/paired_within_family_differences/4/node_minus_lay,float,0.681999999999988
horizon_reversal,/panels/horizon_reversal/shared_ms/4/paired_within_family_differences/5/family,str,bl5
horizon_reversal,/panels/horizon_reversal/shared_ms/4/paired_within_family_differences/5/seed,int,1
horizon_reversal,/panels/horizon_reversal/shared_ms/4/paired_within_family_differences/5/node_minus_lay,float,1.3599999999999994
horizon_reversal,/panels/horizon_reversal/shared_ms/4/paired_within_family_differences/6/family,str,bl5
horizon_reversal,/panels/horizon_reversal/shared_ms/4/paired_within_family_differences/6/seed,int,2
horizon_reversal,/panels/horizon_reversal/shared_ms/4/paired_within_family_differences/6/node_minus_lay,float,1.2719999999999914
horizon_reversal,/panels/horizon_reversal/shared_ms/4/node_minus_lay/n,int,7
horizon_reversal,/panels/horizon_reversal/shared_ms/4/node_minus_lay/mean,float,1.0665714285714236
horizon_reversal,/panels/horizon_reversal/shared_ms/4/node_minus_lay/sd,float,0.23010929080392628
horizon_reversal,/panels/horizon_reversal/shared_ms/4/node_minus_lay/sem,float,0.086973136833233
horizon_reversal,/panels/horizon_reversal/shared_ms/4/node_minus_lay/min,float,0.681999999999988
horizon_reversal,/panels/horizon_reversal/shared_ms/4/node_minus_lay/max,float,1.3599999999999994
horizon_reversal,/panels/horizon_reversal/shared_ms/5/end_epoch,int,40
horizon_reversal,/panels/horizon_reversal/shared_ms/5/paired_within_family_differences/0/family,str,br6
horizon_reversal,/panels/horizon_reversal/shared_ms/5/paired_within_family_differences/0/seed,int,0
horizon_reversal,/panels/horizon_reversal/shared_ms/5/paired_within_family_differences/0/node_minus_lay,float,1.2860000000000014
horizon_reversal,/panels/horizon_reversal/shared_ms/5/paired_within_family_differences/1/family,str,br6
horizon_reversal,/panels/horizon_reversal/shared_ms/5/paired_within_family_differences/1/seed,int,1
horizon_reversal,/panels/horizon_reversal/shared_ms/5/paired_within_family_differences/1/node_minus_lay,float,1.088000000000008
horizon_reversal,/panels/horizon_reversal/shared_ms/5/paired_within_family_differences/2/family,str,br6
horizon_reversal,/panels/horizon_reversal/shared_ms/5/paired_within_family_differences/2/seed,int,2
horizon_reversal,/panels/horizon_reversal/shared_ms/5/paired_within_family_differences/2/node_minus_lay,float,1.2480000000000047
horizon_reversal,/panels/horizon_reversal/shared_ms/5/paired_within_family_differences/3/family,str,br6
horizon_reversal,/panels/horizon_reversal/shared_ms/5/paired_within_family_differences/3/seed,int,3
horizon_reversal,/panels/horizon_reversal/shared_ms/5/paired_within_family_differences/3/node_minus_lay,float,1.3900000000000006
horizon_reversal,/panels/horizon_reversal/shared_ms/5/paired_within_family_differences/4/family,str,bl5
horizon_reversal,/panels/horizon_reversal/shared_ms/5/paired_within_family_differences/4/seed,int,0
horizon_reversal,/panels/horizon_reversal/shared_ms/5/paired_within_family_differences/4/node_minus_lay,float,0.9839999999999947
horizon_reversal,/panels/horizon_reversal/shared_ms/5/paired_within_family_differences/5/family,str,bl5
horizon_reversal,/panels/horizon_reversal/shared_ms/5/paired_within_family_differences/5/seed,int,1
horizon_reversal,/panels/horizon_reversal/shared_ms/5/paired_within_family_differences/5/node_minus_lay,float,1.6200000000000045
horizon_reversal,/panels/horizon_reversal/shared_ms/5/paired_within_family_differences/6/family,str,bl5
horizon_reversal,/panels/horizon_reversal/shared_ms/5/paired_within_family_differences/6/seed,int,2
horizon_reversal,/panels/horizon_reversal/shared_ms/5/paired_within_family_differences/6/node_minus_lay,float,1.1899999999999977
horizon_reversal,/panels/horizon_reversal/shared_ms/5/node_minus_lay/n,int,7
horizon_reversal,/panels/horizon_reversal/shared_ms/5/node_minus_lay/mean,float,1.2580000000000016
horizon_reversal,/panels/horizon_reversal/shared_ms/5/node_minus_lay/sd,float,0.20734512292311255
horizon_reversal,/panels/horizon_reversal/shared_ms/5/node_minus_lay/sem,float,0.07836909011666768
horizon_reversal,/panels/horizon_reversal/shared_ms/5/node_minus_lay/min,float,0.9839999999999947
horizon_reversal,/panels/horizon_reversal/shared_ms/5/node_minus_lay/max,float,1.6200000000000045
horizon_reversal,/panels/horizon_reversal/individually_tuned/0/end_epoch,int,10
horizon_reversal,/panels/horizon_reversal/individually_tuned/0/node_minus_lay/a,str,nodewise
horizon_reversal,/panels/horizon_reversal/individually_tuned/0/node_minus_lay/b,str,layerwise
horizon_reversal,/panels/horizon_reversal/individually_tuned/0/node_minus_lay/difference_pp,float,3.444400000000009
horizon_reversal,/panels/horizon_reversal/individually_tuned/0/node_minus_lay/unpaired_seed_sem_pp,float,0.3309316545753819
horizon_reversal,/panels/horizon_reversal/individually_tuned/0/node_minus_lay/interpretation,str,a minus b; SE excludes batch offsets and selection uncertainty
horizon_reversal,/panels/horizon_reversal/individually_tuned/1/end_epoch,int,20
horizon_reversal,/panels/horizon_reversal/individually_tuned/1/node_minus_lay/a,str,nodewise
horizon_reversal,/panels/horizon_reversal/individually_tuned/1/node_minus_lay/b,str,layerwise
horizon_reversal,/panels/horizon_reversal/individually_tuned/1/node_minus_lay/difference_pp,float,1.3491999999999962
horizon_reversal,/panels/horizon_reversal/individually_tuned/1/node_minus_lay/unpaired_seed_sem_pp,float,0.22208556909443833
horizon_reversal,/panels/horizon_reversal/individually_tuned/1/node_minus_lay/interpretation,str,a minus b; SE excludes batch offsets and selection uncertainty
horizon_reversal,/panels/horizon_reversal/individually_tuned/2/end_epoch,int,30
horizon_reversal,/panels/horizon_reversal/individually_tuned/2/node_minus_lay/a,str,nodewise
horizon_reversal,/panels/horizon_reversal/individually_tuned/2/node_minus_lay/b,str,layerwise
horizon_reversal,/panels/horizon_reversal/individually_tuned/2/node_minus_lay/difference_pp,float,0.7844000000000051
horizon_reversal,/panels/horizon_reversal/individually_tuned/2/node_minus_lay/unpaired_seed_sem_pp,float,0.2876987313145488
horizon_reversal,/panels/horizon_reversal/individually_tuned/2/node_minus_lay/interpretation,str,a minus b; SE excludes batch offsets and selection uncertainty
horizon_reversal,/panels/horizon_reversal/individually_tuned/3/end_epoch,int,40
horizon_reversal,/panels/horizon_reversal/individually_tuned/3/node_minus_lay/a,str,nodewise
horizon_reversal,/panels/horizon_reversal/individually_tuned/3/node_minus_lay/b,str,layerwise
horizon_reversal,/panels/horizon_reversal/individually_tuned/3/node_minus_lay/difference_pp,float,0.6700000000000017
horizon_reversal,/panels/horizon_reversal/individually_tuned/3/node_minus_lay/unpaired_seed_sem_pp,float,0.166734279618801
horizon_reversal,/panels/horizon_reversal/individually_tuned/3/node_minus_lay/interpretation,str,a minus b; SE excludes batch offsets and selection uncertainty
horizon_reversal,/panels/horizon_reversal/individually_tuned/4/end_epoch,int,50
horizon_reversal,/panels/horizon_reversal/individually_tuned/4/node_minus_lay/a,str,nodewise
horizon_reversal,/panels/horizon_reversal/individually_tuned/4/node_minus_lay/b,str,layerwise
horizon_reversal,/panels/horizon_reversal/individually_tuned/4/node_minus_lay/difference_pp,float,0.39279999999999404
horizon_reversal,/panels/horizon_reversal/individually_tuned/4/node_minus_lay/unpaired_seed_sem_pp,float,0.12432666648792756
horizon_reversal,/panels/horizon_reversal/individually_tuned/4/node_minus_lay/interpretation,str,a minus b; SE excludes batch offsets and selection uncertainty
horizon_reversal,/panels/horizon_reversal/individually_tuned/5/end_epoch,int,60
horizon_reversal,/panels/horizon_reversal/individually_tuned/5/node_minus_lay/a,str,nodewise
horizon_reversal,/panels/horizon_reversal/individually_tuned/5/node_minus_lay/b,str,layerwise
horizon_reversal,/panels/horizon_reversal/individually_tuned/5/node_minus_lay/difference_pp,float,0.16159999999999286
horizon_reversal,/panels/horizon_reversal/individually_tuned/5/node_minus_lay/unpaired_seed_sem_pp,float,0.19254713708596194
horizon_reversal,/panels/horizon_reversal/individually_tuned/5/node_minus_lay/interpretation,str,a minus b; SE excludes batch offsets and selection uncertainty
horizon_reversal,/panels/horizon_reversal/individually_tuned/6/end_epoch,int,70
horizon_reversal,/panels/horizon_reversal/individually_tuned/6/node_minus_lay/a,str,nodewise
horizon_reversal,/panels/horizon_reversal/individually_tuned/6/node_minus_lay/b,str,layerwise
horizon_reversal,/panels/horizon_reversal/individually_tuned/6/node_minus_lay/difference_pp,float,-0.17560000000000286
horizon_reversal,/panels/horizon_reversal/individually_tuned/6/node_minus_lay/unpaired_seed_sem_pp,float,0.1139038190755682
horizon_reversal,/panels/horizon_reversal/individually_tuned/6/node_minus_lay/interpretation,str,a minus b; SE excludes batch offsets and selection uncertainty
horizon_reversal,/panels/horizon_reversal/individually_tuned/7/end_epoch,int,80
horizon_reversal,/panels/horizon_reversal/individually_tuned/7/node_minus_lay/a,str,nodewise
horizon_reversal,/panels/horizon_reversal/individually_tuned/7/node_minus_lay/b,str,layerwise
horizon_reversal,/panels/horizon_reversal/individually_tuned/7/node_minus_lay/difference_pp,float,-0.49280000000000257
horizon_reversal,/panels/horizon_reversal/individually_tuned/7/node_minus_lay/unpaired_seed_sem_pp,float,0.1392422349720071
horizon_reversal,/panels/horizon_reversal/individually_tuned/7/node_minus_lay/interpretation,str,a minus b; SE excludes batch offsets and selection uncertainty
horizon_reversal,/panels/horizon_reversal/individually_tuned/8/end_epoch,int,90
horizon_reversal,/panels/horizon_reversal/individually_tuned/8/node_minus_lay/a,str,nodewise
horizon_reversal,/panels/horizon_reversal/individually_tuned/8/node_minus_lay/b,str,layerwise
horizon_reversal,/panels/horizon_reversal/individually_tuned/8/node_minus_lay/difference_pp,float,-0.26959999999999695
horizon_reversal,/panels/horizon_reversal/individually_tuned/8/node_minus_lay/unpaired_seed_sem_pp,float,0.12690941651429852
horizon_reversal,/panels/horizon_reversal/individually_tuned/8/node_minus_lay/interpretation,str,a minus b; SE excludes batch offsets and selection uncertainty
horizon_reversal,/panels/horizon_reversal/individually_tuned/9/end_epoch,int,100
horizon_reversal,/panels/horizon_reversal/individually_tuned/9/node_minus_lay/a,str,nodewise
horizon_reversal,/panels/horizon_reversal/individually_tuned/9/node_minus_lay/b,str,layerwise
horizon_reversal,/panels/horizon_reversal/individually_tuned/9/node_minus_lay/difference_pp,float,-0.3603999999999985
horizon_reversal,/panels/horizon_reversal/individually_tuned/9/node_minus_lay/unpaired_seed_sem_pp,float,0.1552597823005036
horizon_reversal,/panels/horizon_reversal/individually_tuned/9/node_minus_lay/interpretation,str,a minus b; SE excludes batch offsets and selection uncertainty
horizon_reversal,/panels/horizon_reversal/scope,str,"Shared ms1e-3: seven differences paired within br6 or bl5, two ceilings. Tuned: n=5 versus5 independent cells, hz9+rs pool licensed historically. Endpoints use matched last5 windows; trajectories are not independent budget experiments."
horizon_reversal,/panels/horizon_reversal/registered_result,str,"T-B replicates the pilot direction, refuting the original headline; −.360 endpoint lies inside the ±.50 materiality band despite 2.32 SE from zero."
horizon_reversal,/panels/horizon_reversal/source_refs/0/path,str,repository/results/c72_hz9_score.txt
horizon_reversal,/panels/horizon_reversal/source_refs/0/line,NoneType,
horizon_reversal,/panels/horizon_reversal/source_refs/0/section,NoneType,
horizon_reversal,/panels/horizon_reversal/source_refs/1/path,str,repository/docs/MASTER-TABLE.md
horizon_reversal,/panels/horizon_reversal/source_refs/1/line,int,39
horizon_reversal,/panels/horizon_reversal/source_refs/1/section,NoneType,
horizon_reversal,/panels/horizon_reversal/source_refs/2/path,str,repository/docs/CORRECTIONS.md
horizon_reversal,/panels/horizon_reversal/source_refs/2/line,int,6693
horizon_reversal,/panels/horizon_reversal/source_refs/2/section,str,115
long_trajectory_pooling,/panels/long_trajectory_pooling/e300/0/end_epoch,int,100
long_trajectory_pooling,/panels/long_trajectory_pooling/e300/1/end_epoch,int,205
long_trajectory_pooling,/panels/long_trajectory_pooling/e300/2/end_epoch,int,300
long_trajectory_pooling,/panels/long_trajectory_pooling/e3a/0/end_epoch,int,100
long_trajectory_pooling,/panels/long_trajectory_pooling/e3a/1/end_epoch,int,205
long_trajectory_pooling,/panels/long_trajectory_pooling/e3a/2/end_epoch,int,300
long_trajectory_pooling,/panels/long_trajectory_pooling/scope,str,"Within each family, three endpoint windows on the SAME 300-epoch runs, n=2 per arm. e300 a0=1e-3; e3a a0=1e-6. Keep additive and shrink distinct."
long_trajectory_pooling,/panels/long_trajectory_pooling/source_refs/0/path,str,repository/docs/MASTER-TABLE.md
long_trajectory_pooling,/panels/long_trajectory_pooling/source_refs/0/line,int,62
long_trajectory_pooling,/panels/long_trajectory_pooling/source_refs/0/section,NoneType,
long_trajectory_pooling,/panels/long_trajectory_pooling/source_refs/1/path,str,repository/docs/MAIN-IDEA-REPORT.md
long_trajectory_pooling,/panels/long_trajectory_pooling/source_refs/1/line,int,65
long_trajectory_pooling,/panels/long_trajectory_pooling/source_refs/1/section,NoneType,
initialization_startup,/panels/initialization_startup/scope,str,Short cells n=1 and multiple arms use full SHRINK; only scalar/plain layerwise are unpooled. a0L is n=2 per matched100-epoch cell. The two budgets are not the same factorial treatment.
initialization_startup,/panels/initialization_startup/source_refs/0/path,str,repository/docs/MASTER-TABLE.md
initialization_startup,/panels/initialization_startup/source_refs/0/line,int,61
initialization_startup,/panels/initialization_startup/source_refs/0/section,NoneType,
abandoned_fixes,/panels/abandoned_fixes/scope,str,"Primary accuracy only. M0 lambda is a per-step decay/time constant, not a clean pooling-strength dial. zpool interior effective-step confound remains. I1 exact schedule is unidentified: do not attribute its effect to an intended cosine."
abandoned_fixes,/panels/abandoned_fixes/source_refs/0/path,str,repository/docs/MASTER-TABLE.md
abandoned_fixes,/panels/abandoned_fixes/source_refs/0/line,int,69
abandoned_fixes,/panels/abandoned_fixes/source_refs/0/section,NoneType,
abandoned_fixes,/panels/abandoned_fixes/source_refs/1/path,str,repository/docs/MASTER-TABLE.md
abandoned_fixes,/panels/abandoned_fixes/source_refs/1/line,int,71
abandoned_fixes,/panels/abandoned_fixes/source_refs/1/section,NoneType,
abandoned_fixes,/panels/abandoned_fixes/source_refs/2/path,str,repository/docs/MASTER-TABLE.md
abandoned_fixes,/panels/abandoned_fixes/source_refs/2/line,int,79
abandoned_fixes,/panels/abandoned_fixes/source_refs/2/section,NoneType,
additive_transfer_curves,/panels/additive_transfer_curves/scope,str,Per-cell curves retain alpha0/network and family composition. R34 proper-initialization full curve absent. R10/R34 small-alpha0 interior maxima contradict the stale “no transfer anywhere” sentence. Argmax comparisons across families inherit batch uncertainty.
additive_transfer_curves,/panels/additive_transfer_curves/source_refs/0/path,str,repository/docs/MASTER-TABLE.md
additive_transfer_curves,/panels/additive_transfer_curves/source_refs/0/line,int,78
additive_transfer_curves,/panels/additive_transfer_curves/source_refs/0/section,NoneType,
additive_transfer_curves,/panels/additive_transfer_curves/source_refs/1/path,str,repository/docs/MASTER-TABLE.md
additive_transfer_curves,/panels/additive_transfer_curves/source_refs/1/line,int,80
additive_transfer_curves,/panels/additive_transfer_curves/source_refs/1/section,NoneType,
additive_transfer_curves,/panels/additive_transfer_curves/source_refs/2/path,str,repository/docs/CORRECTIONS.md
additive_transfer_curves,/panels/additive_transfer_curves/source_refs/2/line,int,6693
additive_transfer_curves,/panels/additive_transfer_curves/source_refs/2/section,str,115
original_proposal_and_joint_tuning,/panels/original_proposal_and_joint_tuning/proposal,str,"Learn shared and group-specific log step sizes jointly (beta_g = s + d_g); shrink deviations toward the shared scalar, seeking a stable interpolation between scalar and layerwise adaptation."
original_proposal_and_joint_tuning,/panels/original_proposal_and_joint_tuning/historical_source,str,docs/MAIN-IDEA-REPORT.md introduction; superseded conclusions corrected by MASTER-TABLE section9 and CORRECTIONS141.1.
original_proposal_and_joint_tuning,/panels/original_proposal_and_joint_tuning/g4m/interior_lift/positive_means,str,first named arm minus second named arm
original_proposal_and_joint_tuning,/panels/original_proposal_and_joint_tuning/g4m/interior_lift/a,str,g4m-r006-m1e3
original_proposal_and_joint_tuning,/panels/original_proposal_and_joint_tuning/g4m/interior_lift/b,str,g4m-r0-m1e3
original_proposal_and_joint_tuning,/panels/original_proposal_and_joint_tuning/g4m/interior_lift/difference_pp,float,0.8213333333333281
original_proposal_and_joint_tuning,/panels/original_proposal_and_joint_tuning/g4m/interior_lift/empirical_unpaired_seed_se,float,0.07992774514800317
original_proposal_and_joint_tuning,/panels/original_proposal_and_joint_tuning/g4m/interior_lift/registered_se,NoneType,
original_proposal_and_joint_tuning,/panels/original_proposal_and_joint_tuning/g4m/interior_lift/registered_se_units,NoneType,
original_proposal_and_joint_tuning,/panels/original_proposal_and_joint_tuning/g4m/token,str,"REFUTED refers to the hypothesis that r is merely a meta-step dial, not to the existence of the r-peak."
original_proposal_and_joint_tuning,/panels/original_proposal_and_joint_tuning/g4m/caveat,str,A local additive-operator benefit at alpha0=1e-6; does not validate the original two-level proposal or beat a tuned non-meta baseline.
original_proposal_and_joint_tuning,/panels/original_proposal_and_joint_tuning/twolevel/alpha0_1e6_peak/positive_means,str,first named arm minus second named arm
original_proposal_and_joint_tuning,/panels/original_proposal_and_joint_tuning/twolevel/alpha0_1e6_peak/a,str,tl1-a6-r01
original_proposal_and_joint_tuning,/panels/original_proposal_and_joint_tuning/twolevel/alpha0_1e6_peak/b,str,tl1-a6-plain
original_proposal_and_joint_tuning,/panels/original_proposal_and_joint_tuning/twolevel/alpha0_1e6_peak/difference_pp,float,-0.2526666666666699
original_proposal_and_joint_tuning,/panels/original_proposal_and_joint_tuning/twolevel/alpha0_1e6_peak/empirical_unpaired_seed_se,float,0.1159789252886558
original_proposal_and_joint_tuning,/panels/original_proposal_and_joint_tuning/twolevel/alpha0_1e6_peak/registered_se,NoneType,
original_proposal_and_joint_tuning,/panels/original_proposal_and_joint_tuning/twolevel/alpha0_1e6_peak/registered_se_units,NoneType,
original_proposal_and_joint_tuning,/panels/original_proposal_and_joint_tuning/twolevel/alpha0_1e3_peak/positive_means,str,first named arm minus second named arm
original_proposal_and_joint_tuning,/panels/original_proposal_and_joint_tuning/twolevel/alpha0_1e3_peak/a,str,tl1-a3-r01
original_proposal_and_joint_tuning,/panels/original_proposal_and_joint_tuning/twolevel/alpha0_1e3_peak/b,str,tl1-a3-plain
original_proposal_and_joint_tuning,/panels/original_proposal_and_joint_tuning/twolevel/alpha0_1e3_peak/difference_pp,float,-0.8193333333333328
original_proposal_and_joint_tuning,/panels/original_proposal_and_joint_tuning/twolevel/alpha0_1e3_peak/empirical_unpaired_seed_se,float,0.12043070852384652
original_proposal_and_joint_tuning,/panels/original_proposal_and_joint_tuning/twolevel/alpha0_1e3_peak/registered_se,NoneType,
original_proposal_and_joint_tuning,/panels/original_proposal_and_joint_tuning/twolevel/alpha0_1e3_peak/registered_se_units,NoneType,
original_proposal_and_joint_tuning,/panels/original_proposal_and_joint_tuning/twolevel/token,str,NULL at both alpha0
original_proposal_and_joint_tuning,/panels/original_proposal_and_joint_tuning/twolevel/definition,str,PEAK=max(mean plateau5 over partial rho0.03/0.1/0.3)-max(mean over rho0/rho1/plain).
original_proposal_and_joint_tuning,/panels/original_proposal_and_joint_tuning/twolevel/caveat,str,Fresh local score verifies endpoint arithmetic/ARGS/ENV; missing local tl1 probe files leave mechanism-spread gate unverified in this rerun. Historical record reports NULL.
original_proposal_and_joint_tuning,/panels/original_proposal_and_joint_tuning/empirical_bayes/primary/positive_means,str,first named arm minus second named arm
original_proposal_and_joint_tuning,/panels/original_proposal_and_joint_tuning/empirical_bayes/primary/a,str,eb1-ebjs
original_proposal_and_joint_tuning,/panels/original_proposal_and_joint_tuning/empirical_bayes/primary/b,str,eb1-a1
original_proposal_and_joint_tuning,/panels/original_proposal_and_joint_tuning/empirical_bayes/primary/difference_pp,float,0.041333333333327005
original_proposal_and_joint_tuning,/panels/original_proposal_and_joint_tuning/empirical_bayes/primary/empirical_unpaired_seed_se,float,0.11087931377052442
original_proposal_and_joint_tuning,/panels/original_proposal_and_joint_tuning/empirical_bayes/primary/registered_se,NoneType,
original_proposal_and_joint_tuning,/panels/original_proposal_and_joint_tuning/empirical_bayes/primary/registered_se_units,NoneType,
original_proposal_and_joint_tuning,/panels/original_proposal_and_joint_tuning/empirical_bayes/token,str,FAILURE
original_proposal_and_joint_tuning,/panels/original_proposal_and_joint_tuning/empirical_bayes/success_threshold_pp,float,1.16
original_proposal_and_joint_tuning,/panels/original_proposal_and_joint_tuning/empirical_bayes/failure_threshold_pp,float,0.3
original_proposal_and_joint_tuning,/panels/original_proposal_and_joint_tuning/empirical_bayes/definition,str,"LIFT=mean(ebjs)-mean(additive r=1), 3seeds each; simultaneous GAP to tuned r0.06 must also be<=0.58 for success."
cau1,/panels/cau1/contrast/positive_means,str,first named arm minus second named arm
cau1,/panels/cau1/contrast/a,str,cau1-lr02
cau1,/panels/cau1/contrast/b,str,cau1-m6t
cau1,/panels/cau1/contrast/difference_pp,float,3.6173333333333204
cau1,/panels/cau1/contrast/empirical_unpaired_seed_se,float,0.27894643054018553
cau1,/panels/cau1/contrast/registered_se,float,0.3647902599439848
cau1,/panels/cau1/contrast/registered_se_units,float,9.916200432239552
cau1,/panels/cau1/parent_config_contrast/positive_means,str,first named arm minus second named arm
cau1,/panels/cau1/parent_config_contrast/a,str,cau1-lr02
cau1,/panels/cau1/parent_config_contrast/b,str,cau1-m6
cau1,/panels/cau1/parent_config_contrast/difference_pp,float,15.115999999999985
cau1,/panels/cau1/parent_config_contrast/empirical_unpaired_seed_se,float,0.43114524492590994
cau1,/panels/cau1/parent_config_contrast/registered_se,float,0.3647902599439848
cau1,/panels/cau1/parent_config_contrast/registered_se_units,float,41.437509878474046
cau1,/panels/cau1/registered_token,str,DEFICIT-HOLDS | LADDER:INTERIOR | M*=m6t | SIGMA-PRIOR-DOMINATES | CURVE-DEFICIT | TRAIN-AT-CEILING | ONE-BASELINE-FAMILY | COUNTERWEIGHT-NOT-TESTED | ALPHA0-TWO-CELLS | CIFAR10-ONLY
cau1,/panels/cau1/scope,str,"ResNet18/CIFAR10, AUGMENT=0, 100ep, batch100, fresh seeds50/51/52, one27-run batch. Reproduced read-only Sep14; ingest remains uncommitted."
cau1,/panels/cau1/caveats/0,str,"Method gets only two registered alpha0 cells,1e-6 and3e-4; unaugmented optimum is not bracketed. This is not a tuned-alpha0 comparison."
cau1,/panels/cau1/caveats/1,str,Baseline endpoint best lr0.2; AUC best lr0.01. AUC advantage is selection-sensitive and reverses if measured at endpoint-best rung.
cau1,/panels/cau1/caveats/2,str,Every arm reaches ~100% train accuracy: endpoint contrast is generalization among interpolating solutions.
cau1,/panels/cau1/caveats/3,str,"No result on CIFAR100, other baseline families, unaugmented fixed-step baseline, or granularity."
cau1,/panels/cau1/source,str,analysis/cAU1_unaug_denominator_score.py; CORRECTIONS202 registration and206 launch; original raw outputs+PROVENANCE+runtime witnesses; independent arithmetic in this work script
cdn1,/panels/cdn1/contrast/positive_means,str,first named arm minus second named arm
cdn1,/panels/cdn1/contrast/a,str,cdn1-lr01
cdn1,/panels/cdn1/contrast/b,str,cdn1-m
cdn1,/panels/cdn1/contrast/difference_pp,float,5.699333333333328
cdn1,/panels/cdn1/contrast/empirical_unpaired_seed_se,float,0.24950796023819277
cdn1,/panels/cdn1/contrast/registered_se,float,0.3032
cdn1,/panels/cdn1/contrast/registered_se_units,float,18.79727352682496
cdn1,/panels/cdn1/registered_token,str,BELOW-BY-A-LOT; USABLE
cdn1,/panels/cdn1/scope,str,"ResNet18_c100, CIFAR100, AUGMENT=1, batch100, 100ep, 3 seeds/arm, one batch. SGD ladder [0.01,0.02,0.05,0.1,0.2,0.3]; 200ep SGD is separate secondary."
cdn1,/panels/cdn1/meta_recipe,str,"SGDm base / Lion meta, chunk771, ms1e-4, alpha0=1e-3, beta clip -15:-2.3026; in-batch replicate of historical gm2-ch best cell."
cdn1,/panels/cdn1/baseline_recipe,str,"SGD momentum0.9 wd5e-4, cosine warmup1000 total50000; 200ep total100000."
cdn1,/panels/cdn1/source,str,"analysis/cdn2_denominator_score.py; CORRECTIONS 171,175; MASTER-TABLE row155"
cdn1,/panels/cdn1/caveats/0,str,"Ladder tunes LR only, at fixed wd and momentum; does not establish globally optimal baseline."
cdn1,/panels/cdn1/caveats/1,str,"Raw log cross-check and working cdn2 scorer agree. Original cdn1 scorer is frozen broken, not the scoring source."
count_matched_four_submissions,/panels/count_matched_four_submissions/submissions/0/batch,str,cc1
count_matched_four_submissions,/panels/count_matched_four_submissions/submissions/0/contrast/a,str,cc1:chunk777
count_matched_four_submissions,/panels/count_matched_four_submissions/submissions/0/contrast/b,str,cc1:nodewise
count_matched_four_submissions,/panels/count_matched_four_submissions/submissions/0/contrast/difference_pp,float,0.7266666666666737
count_matched_four_submissions,/panels/count_matched_four_submissions/submissions/0/contrast/unpaired_seed_sem_pp,float,0.2000611017775436
count_matched_four_submissions,/panels/count_matched_four_submissions/submissions/0/contrast/interpretation,str,a minus b; SE excludes batch offsets and selection uncertainty
count_matched_four_submissions,/panels/count_matched_four_submissions/submissions/0/seed_labels/0,int,3
count_matched_four_submissions,/panels/count_matched_four_submissions/submissions/0/seed_labels/1,int,4
count_matched_four_submissions,/panels/count_matched_four_submissions/submissions/0/seed_labels/2,int,5
count_matched_four_submissions,/panels/count_matched_four_submissions/submissions/1/batch,str,mm1
count_matched_four_submissions,/panels/count_matched_four_submissions/submissions/1/contrast/a,str,mm1:chunk777
count_matched_four_submissions,/panels/count_matched_four_submissions/submissions/1/contrast/b,str,mm1:nodewise
count_matched_four_submissions,/panels/count_matched_four_submissions/submissions/1/contrast/difference_pp,float,0.48533333333334383
count_matched_four_submissions,/panels/count_matched_four_submissions/submissions/1/contrast/unpaired_seed_sem_pp,float,0.16130440511998204
count_matched_four_submissions,/panels/count_matched_four_submissions/submissions/1/contrast/interpretation,str,a minus b; SE excludes batch offsets and selection uncertainty
count_matched_four_submissions,/panels/count_matched_four_submissions/submissions/1/seed_labels/0,int,0
count_matched_four_submissions,/panels/count_matched_four_submissions/submissions/1/seed_labels/1,int,1
count_matched_four_submissions,/panels/count_matched_four_submissions/submissions/1/seed_labels/2,int,2
count_matched_four_submissions,/panels/count_matched_four_submissions/submissions/2/batch,str,pp1
count_matched_four_submissions,/panels/count_matched_four_submissions/submissions/2/contrast/a,str,pp1:chunk777
count_matched_four_submissions,/panels/count_matched_four_submissions/submissions/2/contrast/b,str,pp1:nodewise
count_matched_four_submissions,/panels/count_matched_four_submissions/submissions/2/contrast/difference_pp,float,0.5806666666666729
count_matched_four_submissions,/panels/count_matched_four_submissions/submissions/2/contrast/unpaired_seed_sem_pp,float,0.14136163238697708
count_matched_four_submissions,/panels/count_matched_four_submissions/submissions/2/contrast/interpretation,str,a minus b; SE excludes batch offsets and selection uncertainty
count_matched_four_submissions,/panels/count_matched_four_submissions/submissions/2/seed_labels/0,int,0
count_matched_four_submissions,/panels/count_matched_four_submissions/submissions/2/seed_labels/1,int,1
count_matched_four_submissions,/panels/count_matched_four_submissions/submissions/2/seed_labels/2,int,2
count_matched_four_submissions,/panels/count_matched_four_submissions/submissions/3/batch,str,gn1
count_matched_four_submissions,/panels/count_matched_four_submissions/submissions/3/contrast/a,str,gn1:chunk777
count_matched_four_submissions,/panels/count_matched_four_submissions/submissions/3/contrast/b,str,gn1:nodewise
count_matched_four_submissions,/panels/count_matched_four_submissions/submissions/3/contrast/difference_pp,float,0.5870000000000033
count_matched_four_submissions,/panels/count_matched_four_submissions/submissions/3/contrast/unpaired_seed_sem_pp,float,0.15322858741109724
count_matched_four_submissions,/panels/count_matched_four_submissions/submissions/3/contrast/interpretation,str,a minus b; SE excludes batch offsets and selection uncertainty
count_matched_four_submissions,/panels/count_matched_four_submissions/submissions/3/seed_labels/0,int,0
count_matched_four_submissions,/panels/count_matched_four_submissions/submissions/3/seed_labels/1,int,1
count_matched_four_submissions,/panels/count_matched_four_submissions/submissions/3/seed_labels/2,int,2
count_matched_four_submissions,/panels/count_matched_four_submissions/submissions/3/seed_labels/3,int,3
count_matched_four_submissions,/panels/count_matched_four_submissions/metric,str,"PRIMARY plateau5, chunk777 minus nodewise, in percentage points."
count_matched_four_submissions,/panels/count_matched_four_submissions/scope,str,"R18/C10 SGDm/Lion, alpha0=1e-3, ms=1e-4, 100 epochs. Group count is approximately matched: nodewise14420 versus chunk77714421 (difference one group, not byte-identical group count)."
count_matched_four_submissions,/panels/count_matched_four_submissions/uncertainty,str,"Each contrast uses unpaired empirical cell SEM sqrt(sd_chunk²/n_chunk+sd_node²/n_node). Four submissions share seed labels: cc1{3,4,5}; mm1/pp1{0,1,2}; gn1{0,1,2,3}. At most two submissions have mutually disjoint seed sets; do not present four independent replications or an independent pooled SEM."
count_matched_four_submissions,/panels/count_matched_four_submissions/source_refs/0/path,str,repository/docs/CORRECTIONS.md
count_matched_four_submissions,/panels/count_matched_four_submissions/source_refs/0/line,int,7795
count_matched_four_submissions,/panels/count_matched_four_submissions/source_refs/0/section,str,122
count_matched_four_submissions,/panels/count_matched_four_submissions/source_refs/1/path,str,repository/docs/CORRECTIONS.md
count_matched_four_submissions,/panels/count_matched_four_submissions/source_refs/1/line,int,8004
count_matched_four_submissions,/panels/count_matched_four_submissions/source_refs/1/section,NoneType,
